0.17534822456229193,0.46165289189376324,0.43459686183700086,0.4330154181016326,0.4312837131413687,0.43067153080595943,0.43030361009627427,0.42878416572172284,0.42770639562401414,0.4270466480174022,0.89249315208828,0.5772206898561543,0.5048612626841008,0.5057255335016269,0.5093948998801505,0.5119785283906485,0.5145134230080798,0.516386967139651,0.5182075518311385,0.5201424348052395,0.4609806836945749,0.4604728658260928,0.45997750634074386,0.45908694394570393,0.4586524088880637,0.4577249079253898,0.4572451894405063,0.45662954781588994,0.4559875776313085,0.4553472941064678
,0.0,0.0,0.0,0.0,0.0,0.0,0.0,0.0,0.0,,0.9999999999999999,0.9999999999999999,0.9999999999999998,1.0,1.0,0.9999999999999999,1.0,1.0,1.0,,0.9731583683979004,0.9719519017851335,0.9706767327799692,0.9690447518584113,0.9675435690450858,0.9660956539628405,0.9643848123109837,0.9632303283517665,0.9618009716372944
0.34593137414677244,0.5756946409536852,0.5531789311505335,0.55240733020932,0.5527898172345544,0.5534356059257988,0.5539966857704783,0.5540551023526774,0.554520027880919,0.5548150595983898,0.8176264805830085,0.5320841018638977,0.461582425263607,0.4624106742789217,0.4658736883925255,0.4684001715795037,0.4707327817287199,0.47274208005391694,0.4748434125103665,0.47657861251734684,0.6128260033723008,0.6121038530100202,0.6110338715552537,0.6102876154482759,0.609650522695957,0.6088053348962461,0.6081148236789531,0.6071936604401102,0.6064048558515722,0.6055650576687581
0.4247180940348372,0.6271988950301832,0.6079845623735167,0.6101993691412986,0.6096512981290942,0.6117915903528157,0.6135873940908141,0.6150176521083779,0.6159553946106513,0.6169674776195535,0.7773163369365982,0.5077503595172181,0.43859978751980194,0.4397783435074607,0.4429879452240233,0.4458443722389397,0.4482695217771461,0.4502063969991376,0.45192094066463256,0.4536995520638794,0.6123229587263364,0.611391520456781,0.6103722317342148,0.6091449239951929,0.6079139383802765,0.6069018981872718,0.6056190600178493,0.6044979775487098,0.6033387819291605,0.6022777897895244
0.19864573497491023,0.4776592738980199,0.45162248657901927,0.4504504845961961,0.4489878088159358,0.44883357461402795,0.4481928201237082,0.44737466176598417,0.44677384148985055,0.44629938568503036,0.8957842523759607,0.5774730224313389,0.5069789175545336,0.5077187291115164,0.5113664987581313,0.5142154258550167,0.5159114381107646,0.5183554381179125,0.5201747237675792,0.5220270730819736,0.6586594463701969,0.6583623691769391,0.6578623733987206,0.6572618295675579,0.6567119371256647,0.6560635992224899,0.6555713789144484,0.6549238966005158,0.6542424403966676,0.6536007929232834
0.6912321882582972,0.8044950664016071,0.7919940807164636,0.7935268180803234,0.7942020948491688,0.7956611620672973,0.7968990453096083,0.7976944245772373,0.7988057568336373,0.7996475732500059,0.6689640745824106,0.44532447788604795,0.3743512532817883,0.3746381770585507,0.37862484762312326,0.3815097320185056,0.38384849453642766,0.3858995023446988,0.3880852324998188,0.38984132229260104,0.08772449022627349,0.08814997177295236,0.08861384276410345,0.08859731919158609,0.08893115803120022,0.08888402791271233,0.08892510412455579,0.0890823710246087,0.0892729173529947,0.0892114770256196
0.46542541266175164,0.655358421588538,0.6349709518017832,0.6368596283825596,0.637502153705654,0.6388684950614376,0.6401178733229074,0.6391938951069491,0.6407522395769263,0.6417794221753752,0.7564989581965301,0.4966482916384173,0.425455796681985,0.426175657837153,0.43024739054491207,0.4326123362974165,0.43464933274298156,0.436718923153408,0.4388094961738746,0.44050071468339874,0.6471290801885505,0.6462996222317114,0.6454201677875115,0.6445012763896321,0.6434272263021654,0.6424623365230149,0.6415526054825786,0.6407547866301933,0.6397500931303348,0.6386748752797446
0.21789837400811507,0.4903485976145632,0.4627651170201972,0.46012934454591914,0.45769045545309694,0.4562636155940183,0.4547511821574801,0.45263917564613365,0.45129157857525826,0.44952166074612165,0.9526321538797294,0.6112501611709736,0.5396002246505216,0.5408135093606602,0.5441696529704433,0.5470377928686841,0.5491207650755813,0.5512969779171647,0.5533191993199738,0.5550894593088542,0.3801686059009386,0.3808415634752258,0.3810976559695627,0.38139970189013805,0.38189703299289857,0.38186882018643953,0.3822904633294302,0.38263967942169774,0.38292004000203494,0.38340710634053377
0.2205487321337145,0.49190527002227213,0.4664281524537017,0.4655253892180795,0.4636390932726542,0.4635192672445143,0.4631502529788918,0.4623912717272134,0.46195489809984736,0.46137644638393027,0.8829295477939292,0.5701167624789453,0.4998056027191577,0.5008608308281316,0.5040680484584744,0.5064993909892979,0.5087693877793356,0.5105576973291802,0.5126468704282608,0.5143812268575065,0.7873716248666076,0.7869392597641376,0.7863213080644442,0.7858070255611072,0.7853868548890457,0.7849946304106128,0.7846789560329199,0.7841620389476986,0.7836794481814273,0.7833241537903026
0.4825256436083336,0.6679064884741805,0.6461318650610437,0.6461721679262951,0.6456731016538768,0.6453242368196825,0.6456347856050471,0.6448785907071937,0.6448200479284409,0.6445067270613549,0.7790264492413369,0.5102941864582237,0.43771396537817747,0.43874829338987387,0.4428029664460237,0.44475459772148174,0.4470634827608809,0.44888503545797004,0.45123413027497866,0.4535869678925322,0.37418647986388986,0.374616586756912,0.3748168751613967,0.37471848134295804,0.3749940899429136,0.3747985925247921,0.3749681878039999,0.37516843386176735,0.3752833097035593,0.3752427874484603
0.1287874201970851,0.43032701633224946,0.403660718596889,0.4023148140630397,0.4007402209290163,0.4001558077848131,0.399632560268266,0.39843662725225215,0.3970208683937173,0.3964164986228127,0.9241609596502749,0.5942393640314396,0.5236557132771499,0.5249612885243884,0.5281038625915093,0.5307160811372668,0.5327723557531926,0.5346080087374823,0.5365796857544489,0.5384468972861838,0.5836634456479617,0.5832004816278848,0.5825280998794051,0.5818274194874933,0.5812858806768801,0.5806629187017869,0.5801019181433427,0.5795399467274116,0.5791227124332421,0.5785427927151323
0.49071304265685,0.6711331162297256,0.6532107540440109,0.6559992254373839,0.6553910963284579,0.6576878535894508,0.6598095481960229,0.6606905856911425,0.6624151167267058,0.6637488612613396,0.7457609630955849,0.4890709808696243,0.41952769146515534,0.42038321137676826,0.4238260562027615,0.42625526426595356,0.4283190142353195,0.4301916401947536,0.4326388969608469,0.43454566551934265,0.6679482235034975,0.6671126934372795,0.6660005204840909,0.6648206899307469,0.6638593104852726,0.6625897723773262,0.6616815164612317,0.6604810945507875,0.6592393397885266,0.6582104236809654
0.1668152745754483,0.45503386544164925,0.4291562854495581,0.4277917004160656,0.4264799318548995,0.4260517809623039,0.42564750790932493,0.42450174400941165,0.4239114211767543,0.4232089179221674,0.9114214859712191,0.5863249644453317,0.516082548110753,0.5173920614195516,0.5207093858976761,0.5235206705537415,0.5256768356358197,0.5278781071964288,0.5295671407837429,0.5312545687330428,0.763951874402153,0.7634070251479317,0.763034601771774,0.7625117457501771,0.7622608507422228,0.7616466730826676,0.7612925267155477,0.7608448095822844,0.7602889173654583,0.7597820572884011
0.4464329529359503,0.6424292591090008,0.6237713369804467,0.6260880106408848,0.6276769580922874,0.6292663307499708,0.6308728833906798,0.6320295470563124,0.6330003616452586,0.6345038230248292,0.7592960524939395,0.49701494010467623,0.4276456038190387,0.428097917428804,0.4318342493116949,0.43443364099703824,0.43718398428318894,0.4390571471431837,0.4408592156789392,0.4430025688408312,0.6746936933088099,0.6740046791966066,0.6730575136640962,0.6719914385131514,0.671184699370051,0.6698312722235702,0.6689173816158576,0.6677375914076666,0.6664491028637132,0.6656362099072943
0.4395537624451791,0.6375210276175878,0.6182050948419118,0.6202946717794191,0.621386496474372,0.6229208215738993,0.6244549044455212,0.6236109097935767,0.6256986710966999,0.6267732560520045,0.758661169379188,0.497599644866767,0.4269544608489005,0.4280051925201656,0.43154340131706254,0.4341653363294451,0.43626316331445847,0.43827396042859146,0.44013883581066837,0.44183902149207066,0.6408584273494675,0.6398702594764432,0.6388089169536952,0.6376246463672199,0.6365216614708578,0.6353902325089136,0.6341996956288645,0.6331111771878515,0.6321631035092965,0.6310149956848781
0.09249423663085565,0.40202142125284723,0.37975124008031,0.3785449283912783,0.3782796670474653,0.3784217532411347,0.37841836491013225,0.37806298232016644,0.3776114507834265,0.37760310015552534,0.9990204823727146,0.6301713531395232,0.5692870147945235,0.5702411395452505,0.5736412824825933,0.5755495152082608,0.5776536776500755,0.5793591523456108,0.580782274320433,0.582210452875811,0.7664496044635083,0.7656644154516306,0.764989146917431,0.7641016952275699,0.7636033028824132,0.7627506216111586,0.7620839957759147,0.7612988852436358,0.7603190212158832,0.7596599589506852
0.004904763622320729,0.34771353997157917,0.31734470922265956,0.31435677331312206,0.3118247783523316,0.30974007429257,0.30834137077834356,0.3064168910813194,0.3051157836190299,0.3034818813927487,0.9716759528225504,0.6234022916851071,0.5506053823098377,0.55190471948728,0.5553125046301746,0.5576054814547823,0.5599202283766976,0.5621269302242621,0.5644206651631264,0.5661603187795972,1.0,1.0,1.0,1.0,1.0,1.0,1.0,1.0,1.0,1.0
0.3819281122484952,0.5998509911330174,0.5764132186736362,0.5772992416850329,0.5776143865248216,0.578371395570187,0.5789231142164653,0.5792804781360488,0.5794518635002817,0.580111581499807,0.7897432982496184,0.5163584817866336,0.44463653949257714,0.44512477940577233,0.4490810658362695,0.45178106560751224,0.45422583682775897,0.45639409821848553,0.45810834281283597,0.4600776829496008,0.5261737409855982,0.5252068348048722,0.524609113840337,0.5237491419625941,0.5227143641910352,0.5214942683049628,0.5209440349107508,0.5198353306842947,0.5189035105738489,0.5179533173658237
0.5156438387139914,0.6876193774337125,0.67042400182698,0.6737905783350726,0.6757703634434336,0.6779539384709281,0.6799295201011404,0.6821902287081869,0.6841865667872753,0.6852820552687788,0.70717634054942,0.46686867164317036,0.3964599769712883,0.3973943036997448,0.40147875778325076,0.40415724578585227,0.40635019030588737,0.4086589271772306,0.4110523469604985,0.41198756062468317,0.5181945346272574,0.5169667273094154,0.5154846811272149,0.5141130226607338,0.513074883216909,0.5115675637109076,0.5101685769759827,0.5085459918708519,0.5072291574892951,0.5060040052396344
0.4376038716538204,0.6373469230555173,0.6149046099818705,0.6127321167353657,0.611935049362927,0.6112243265420574,0.6109672159957711,0.6097484348213484,0.6090660646359893,0.6082675146930967,0.825704786642439,0.5373928533925401,0.46531768723867833,0.4663288420801047,0.4701781653399917,0.47267335801197435,0.4748020637244752,0.47699323162200924,0.47899182308898863,0.4808914497422125,0.2305940317022035,0.2311854528630084,0.23139667539492415,0.23151474071220424,0.23190799891992686,0.23194423956458188,0.23224439053298784,0.2325217792718428,0.23289372066434222,0.23302613820451157
0.11604877757132215,0.4203533809684217,0.3955583752023415,0.39367421659072477,0.393256854029012,0.3929560640181933,0.39296221696218936,0.3924053545782584,0.3921950042161697,0.39197560002259024,0.924793563355661,0.5926675258224811,0.524474323855803,0.5253715862648372,0.5287114760405042,0.5308604501452837,0.533067657341602,0.5352171279351843,0.5370394331668826,0.5386317467567805,0.6041816666623498,0.6035298542154477,0.6029032842769348,0.6021950710676967,0.6015959615707871,0.6005557514951931,0.5997220207865208,0.5990854252503697,0.5984630367329853,0.5979535006764953
0.2603880910959475,0.5189825315879091,0.49387697760017346,0.4922662614366473,0.49167111902973915,0.4915942251768186,0.4913043299546729,0.49078464351954665,0.49039692990415773,0.48990111317083773,0.8683723692409576,0.5618720276873675,0.4907811738504004,0.49168580723639144,0.495138347120179,0.49770228767951635,0.49976426581763544,0.5020598276642471,0.5040251721103368,0.5055125262696856,0.644694839529329,0.6441540594730668,0.6437547557291028,0.643008647929868,0.6423763596575292,0.6416193317403165,0.6409410938180722,0.6402937743017825,0.639587480533022,0.6390846732626123
0.07864834156458045,0.3966918104885053,0.3678638393639275,0.36614556910133444,0.3641071782538603,0.3630297316085418,0.36225584517094234,0.36100572559487887,0.3598286998327609,0.3588058860305168,0.9414741863614703,0.6049263700650611,0.5337362677442569,0.5346783967963586,0.5380053407276809,0.5406664865429327,0.5428130125692088,0.5449930851476017,0.5470760970756663,0.5486668419963736,0.8719282252514935,0.871651506862996,0.8714738172984662,0.8711379865111075,0.8708863660630923,0.8705011009089096,0.8704289001159973,0.8702620187398731,0.8699242727827556,0.8697564860087805
0.5336538918241018,0.7012547235623217,0.6817833815900514,0.6817590413879557,0.6823013548097734,0.6819982683541141,0.6820598781889515,0.6803882630002605,0.6810332024740617,0.6811930392106476,0.7574772648291341,0.49764672767285617,0.4256972895335547,0.42622799159433994,0.43044797924197054,0.4329842421037835,0.4349597965383065,0.4369476213013482,0.43927869663105623,0.44114264975802026,0.36038376613842704,0.36084628048561385,0.36090390535352146,0.36097424359833497,0.36111463574729896,0.3609598801310723,0.3611226557070033,0.3611407095347863,0.36128769073446154,0.36133043323003555
0.3489428330467561,0.5783668182251844,0.5541005670338492,0.5528379806750792,0.5513994804217646,0.5507248628514532,0.5500694153173384,0.5481491543209884,0.5475213997664099,0.5468660098152327,0.8607927529326532,0.5573618897262732,0.48631788939640636,0.4872794201846664,0.4910435686956385,0.4939131393492228,0.49591090228040535,0.49782312936871975,0.4993176073230858,0.5014828342020596,0.4964698367025129,0.49661815174517976,0.4970041681254447,0.4971352275693395,0.4974672750970397,0.49728186283696996,0.49753069077707224,0.4976265860328146,0.4978357280755601,0.4982172360836863
0.43821133140738056,0.6346236331011212,0.619407364379029,0.6222327838330415,0.6243556614495773,0.6266120948289142,0.6290251763831876,0.6281426381838529,0.6311165453856873,0.6332957051616361,0.750537943210284,0.4904196698814894,0.42404110663088007,0.42481257780449405,0.4280541395051791,0.43006889581433233,0.43223437237851725,0.43449599404291367,0.43618892740837084,0.4379998650508781,0.49416909096237216,0.49286108728595224,0.4918030499201542,0.49030528948241336,0.488956527023813,0.48733204103408045,0.4859036204217366,0.48458119717620196,0.4831486711826747,0.4816995056930944
0.02415892895183447,0.3605900599643377,0.3306870673007296,0.32784434751937397,0.3251288598596318,0.3233834353883438,0.32199682968439447,0.3202467934575921,0.318823491312088,0.31742791628091993,0.9627282949028718,0.6176952823556132,0.5457660162397154,0.546609014166333,0.5500894343236581,0.5523716987531406,0.5547819086127612,0.5568802243390062,0.5591914697122632,0.5610148782308657,0.8303706979761509,0.8300659822688203,0.8300436588300331,0.829821229298882,0.8297464014405369,0.8295720220273868,0.8293962613285331,0.8291223436200674,0.82872357382419,0.8286652714369493
0.29906436335998876,0.5446524911401767,0.5205737470386893,0.5201784891821077,0.5205548493987848,0.5203530544287176,0.5204248696123912,0.5206286712722417,0.5205428702806287,0.5204573455876371,0.8512207129278779,0.5513880163196293,0.48062245634597794,0.4818293856960565,0.48553899057792527,0.48815612279999304,0.4904187557507417,0.4925835070822985,0.4946827235361387,0.49627120335819835,0.48830773092246993,0.48750949211176753,0.4867717416374244,0.4859762703670052,0.4851080001903503,0.4839101601625089,0.4830638760444135,0.4821703901687622,0.481424091142185,0.4806557408515948
0.3552930715205207,0.581907728042296,0.5602193701016347,0.5611411069377681,0.5615888028891902,0.5623946071549497,0.5630630752749823,0.5636957599116172,0.5641363129264434,0.5643508837351092,0.8174495883180805,0.5317228793982117,0.46169562126090885,0.4627376047480156,0.4660191226284889,0.46869659415527637,0.4708125407370958,0.47227727257567464,0.4745130095737143,0.47625167445696553,0.6672177368746466,0.6664299111096064,0.6655496065116804,0.6647852582649287,0.6640466994244694,0.6629916090438206,0.6622671450010209,0.661277566320198,0.6603484618036379,0.6596612468822682
0.5265007322539361,0.694030002953987,0.6786360344212738,0.6824000252345357,0.6848084837700199,0.6870028221303457,0.6890395395881939,0.6907093427091979,0.689526516816116,0.6920499718813886,0.7038390796593741,0.4644535818948426,0.39539223986761496,0.39657246288085407,0.4004032355549243,0.4029415479389424,0.40468442418640194,0.4068563260897198,0.40835054289315337,0.41054025521596843,0.659918797184111,0.6586957777107445,0.6573747955371099,0.6561672084569032,0.6547469216864386,0.6533595827883092,0.6520473925659536,0.6508413704141427,0.6493852118146739,0.648402811399488
0.4309688700817702,0.6298505999914852,0.6129945394570768,0.615915134161412,0.6176208085594226,0.6174350199302339,0.6205506972245303,0.6222750647078996,0.62411303990595,0.6256401985339224,0.7688517367830345,0.5003210126772326,0.43298876971561545,0.43411626773861767,0.4377026537343305,0.4400561597490632,0.44217965127885084,0.44417147583619837,0.44604226450123025,0.4479635457786831,0.6165815320131687,0.615463611145274,0.6142342914763042,0.6130309703984782,0.6119336329803753,0.6106191727564596,0.6095766228531962,0.6080859896598296,0.6066052168970311,0.6053057748195432
0.034867202123528784,0.3674673492996803,0.33770293522848505,0.3352624404202018,0.332867248218804,0.3315792730841096,0.32998651141689805,0.32821654352218843,0.32674930847544914,0.325449202323,0.9572001470553274,0.6147498441493962,0.5422903255502263,0.5435127887913704,0.5468048692477482,0.5496366079656797,0.5515419385847752,0.553759140005319,0.5556904799710665,0.5574098720936254,0.760263977558453,0.7601355775072092,0.7597786871387981,0.7595048918135863,0.7593378422315702,0.7589044950443933,0.7586867270755366,0.7583658443507062,0.7579213712918325,0.7578909003225496
0.07952936833071078,0.3978297286469541,0.3685551800876752,0.36655572973833017,0.3643933841500626,0.36303186344174776,0.3621505968828913,0.36049664977039697,0.35920683136991016,0.3578807275743614,0.9381160123183564,0.6035947544755285,0.531505088375351,0.5325942393786478,0.5359127850991233,0.5383916568230189,0.5407430866888213,0.54275900509594,0.5448382949159234,0.5463064747194539,0.6290869189046084,0.6287164610378051,0.6282321056663136,0.6277413181879901,0.6273440717830656,0.6267903922322189,0.6263166641405702,0.6258593801410752,0.6254621257438258,0.6251357443626926
0.4820524412311471,0.6636626780001009,0.6488062910056911,0.652747781556414,0.6550791470610662,0.6577138319418623,0.6600859977743809,0.6618214239769387,0.6638068013114946,0.6653900349566015,0.7329566636071184,0.47974782768428353,0.41352154755996023,0.4138929572951829,0.41672128076409565,0.4195937699391477,0.4214735081554851,0.42344801332665216,0.42566410085983414,0.4274293203099725,0.7976049164606991,0.7963293768861162,0.7951768908489942,0.7940974575848561,0.7929100486609526,0.7914712061427416,0.7903183577213948,0.7891456320214418,0.7876423699333142,0.7864846105966556
0.1092558287146943,0.41776696698656934,0.3883617586792383,0.3853905422138908,0.38226739298589507,0.3804325277707221,0.37869073657411434,0.3766865817783511,0.3748558397785047,0.37317226316828567,0.9817668771986642,0.6286029574337908,0.5567978054034399,0.558192878884689,0.5611766031296562,0.5636545535172063,0.5659401123461232,0.5681437548940279,0.5702456561913068,0.5719145655428659,0.4824400716180888,0.4828526498046024,0.4831208985145352,0.4833066670229629,0.4837224979760366,0.48368625779336316,0.48403181998538347,0.4842037647420758,0.48442732107647224,0.4846045152920304
0.09644464629794669,0.4084784900083207,0.3805487650864734,0.37847527637553924,0.3768744124587826,0.37579502701493794,0.3749142048954539,0.3735081286224258,0.3722868736353746,0.3713612818678982,0.930509029786298,0.5987007242833401,0.527121805538464,0.5283731909538432,0.5319356517450106,0.5344691460813501,0.5365392283684597,0.538673322811202,0.5401979674820803,0.5421266000020637,0.8016488211182304,0.8014835379181715,0.8011110807465904,0.800697538741999,0.8004258176191597,0.8001375134913005,0.7998427591087438,0.7994992577747029,0.79898014619104,0.7987249368095224
0.2760564436791455,0.5291196048217444,0.5045581958237122,0.5040570383248735,0.5033079017346651,0.5031887568430449,0.5031972958877446,0.5028515577726225,0.5025757366586845,0.5013903807658764,0.8592905725623105,0.5563896656128077,0.48564089514693326,0.48660399972560253,0.4902272874462362,0.4926934559491331,0.49482266621941207,0.4971000779331195,0.49916432032679553,0.5011370567923716,0.7378507060181825,0.7375632302392479,0.7369462726494316,0.7364704727717353,0.7358483032113075,0.7352418501663678,0.7348312173946843,0.7342421672630461,0.7335569297614049,0.7330423485608373
0.5470700088794729,0.7107024786266081,0.6914339796726168,0.6914189313564805,0.6913198286366864,0.6908293353622099,0.6911077860843093,0.6913129903084254,0.6913288806032085,0.6897261135384838,0.7670201724250459,0.5034809815604905,0.43124737180205375,0.43222131839532324,0.435870274156982,0.43837255354454346,0.44046324858137,0.4432363529840418,0.4453895919590417,0.4470058195508458,0.2556463904368842,0.2562734234004562,0.25674433072113345,0.25696791985473055,0.2572555917516697,0.25722433937375566,0.25763741453658184,0.2579767219671725,0.2582074598931605,0.2583890727105844
0.44941438389276556,0.64156650925473,0.6260976669008684,0.6297212679536344,0.6321330285552307,0.6342962620814703,0.6363314613803581,0.6356597577373861,0.638877941577519,0.641076269334171,0.7515718287427225,0.49013373018180667,0.4237505757531112,0.4242714137247245,0.42791315096857624,0.4303782787245063,0.4325328202592874,0.43414795203877893,0.43625648774168124,0.438166658551989,0.5771434941053508,0.5759299412439383,0.5747095003969509,0.5732168054231597,0.571971995280367,0.5705655740777358,0.5691499025695084,0.5680462035119982,0.5665631611114836,0.5652831055253822
0.0,0.34429126691907896,0.31411136640581816,0.31122220632970254,0.3087272671631993,0.30658809562836353,0.3052934431474199,0.30357400614634855,0.30196141438299406,0.30067004995856195,0.9705798989541244,0.622625995365108,0.550549511731055,0.5516773992977281,0.5549302823620376,0.5571643453895024,0.5594625618969263,0.5616383567110803,0.5634998766634536,0.5656997140483355,0.9426212549650757,0.942493072793682,0.9424365087127686,0.9423051944883829,0.9422686235804081,0.9421096380203728,0.942073084098034,0.9419811146432062,0.9418313125781541,0.9418057576459153
0.4666746326400215,0.6562649685486406,0.6362116143327654,0.6378927460555843,0.6388052572791025,0.6396417025159948,0.6407813030629725,0.6418247680347591,0.6425338805847218,0.6434893327638136,0.7538011585594923,0.49550530380115504,0.42421175996774957,0.4250681520810711,0.4287723085229982,0.4312175436281596,0.4334253904525319,0.435605859997725,0.43755809545831825,0.43970803661989755,0.5653069179239001,0.5645420331008193,0.5633963941146369,0.5624595228553009,0.5612654060046234,0.5601031709824191,0.5592314107387315,0.5583322073259485,0.5571382391765001,0.5560042615312684
0.45067876375744476,0.6440486235374934,0.6274540491711349,0.630672806858648,0.6328046268885501,0.6345519643117115,0.6371872373805729,0.6387469446350522,0.6404582791170981,0.6417289469767127,0.7498836115431057,0.49034948494788205,0.422347217890974,0.42302939093190256,0.42666070734849765,0.4293290399929085,0.4316553612147719,0.4336798560002361,0.43573871621346183,0.437131877832522,0.5364429502280545,0.5352611164376437,0.5340642123999908,0.5326283055627332,0.5312587527439216,0.5297849033368722,0.5285088008879821,0.5270185058155281,0.5256301217702486,0.5245489087363397
0.5028158999953192,0.6801909520780427,0.6630556723606205,0.6659833672010009,0.6681917811316893,0.670066411439521,0.6718635991519832,0.6731803532885721,0.6745964473449604,0.6756938492217017,0.7346790888101208,0.4827166425891318,0.41278927471645355,0.41379249849192346,0.4180920228550144,0.4202682847025842,0.4225159782970286,0.4244810522841973,0.4261428758956116,0.4278739066507721,0.6532345574929899,0.652279770525034,0.6511924182447304,0.649939800780654,0.6490981396289932,0.647495228855961,0.6464654086302479,0.645000999028376,0.6438285136897521,0.6428087447321449
0.13781345104938225,0.4324303543445467,0.41046435959454897,0.4098151383506021,0.4095602872870714,0.40820054467828015,0.40829090441605587,0.4084395646747154,0.4079262684535081,0.40846582892631744,0.990478372826587,0.6252923489926319,0.5648088469981463,0.5657548867448017,0.5685234525180677,0.5711116263386422,0.5724308647429763,0.5736609602864473,0.5766122001950424,0.5780988656460504,0.6980593475003696,0.6973368564402183,0.6964947671421031,0.6958487975934453,0.6948667985208008,0.6939826938494953,0.6932696754830827,0.6925519649149869,0.6920131111640622,0.6913100837721995
0.15198583252062292,0.4453018212456712,0.42043597297746516,0.41992851436354073,0.4192107467743682,0.4189126917819692,0.41889115868569604,0.4184549588447979,0.41808745809729686,0.41773238848227123,0.9042680758684565,0.5814046830347976,0.5124183642716539,0.513353313115697,0.5167266360153118,0.5196125812817387,0.521504768714784,0.5235089122468095,0.525401318382501,0.5270575454221813,0.5719310141733738,0.5712702159690854,0.5706920518544019,0.5699049787134074,0.5692793561882512,0.5683361617805396,0.5677908966525518,0.5671502743789167,0.5664552198687183,0.5655230628709349
0.40080911019773424,0.6095937172703074,0.5926302934940466,0.5958365682443372,0.5972599745959499,0.5993935460185966,0.6014754669243274,0.6008418306859014,0.603171459036119,0.605125346728201,0.7837513983375912,0.5088945485673717,0.44266602131258087,0.4437984390043852,0.4471765893965951,0.4498729012860802,0.4516536544795626,0.453359941452015,0.45490938665595443,0.45676744673371167,0.6752715353722278,0.6740571813550016,0.6730585239819025,0.6717554979752016,0.6705714058368022,0.6695136739080452,0.6683957208698619,0.6673001023878333,0.6659608990721511,0.6648626463025717
1.0,1.0,1.0,1.0,1.0,1.0,1.000000000000007,1.0,1.0,1.0,0.14084017182440722,0.14217201679475266,0.06305127174577928,0.0632824570833004,0.06817632853815578,0.07110690779124243,0.07382699969859535,0.0761206960149625,0.07851579746388049,0.08134897474664149,0.0,0.0,0.0,0.0,0.0,0.0,0.0,0.0,0.0,0.0
0.5988601176823778,0.7437002799390697,0.7266581763533537,0.7278506037509587,0.7285125008109148,0.7294058322003281,0.7300581520211864,0.7304770600075017,0.730978068919093,0.7317929496819531,0.7261197994353097,0.47850699112538514,0.4069502274096059,0.40790655972283046,0.41242527900378995,0.4150847196685526,0.4174126838807264,0.4195730245808065,0.421486106843934,0.42392894430798905,0.42658091565497713,0.42673012947451827,0.4269227141146201,0.427115600995684,0.42711699932688596,0.4270198506139149,0.42717477291123895,0.42731333678953654,0.42722337940777955,0.42727227112320776
0.2649715202759282,0.5208086281166473,0.49754890061566925,0.49729081926762575,0.4970210567728941,0.49763521956481327,0.49803910521384864,0.4972297806884214,0.4976203555090706,0.49763948473544417,0.8574589319068756,0.5540981480100011,0.48474204396322856,0.4854356369754673,0.4886205357440381,0.491635480588035,0.49379398022650456,0.49585364506937923,0.49789378380987787,0.4999093787038232,0.6533480849697737,0.6526853144379263,0.6519144312454372,0.6511483686102553,0.6503872917230726,0.6494803871728356,0.6489201710545673,0.6481327832570667,0.6473338332641463,0.6466338921366859
0.4744732236643969,0.6582064503652063,0.6434906559959828,0.6478281053255088,0.6504486949748625,0.6499482106677377,0.6536286755800447,0.6557273577618261,0.6578892935407339,0.6597365906526065,0.7368667566980291,0.48149329810274316,0.4156007265061249,0.4162029706033997,0.4198452201645378,0.42196745893047843,0.4241735508699366,0.42592079139749595,0.4279267603451231,0.4291997921768656,0.698033890993103,0.6965570347370109,0.6950399989273004,0.6939259601502412,0.6928268232534203,0.691241986670879,0.6903127985649649,0.6889611749651081,0.687663879735469,0.6864568091560734
0.4323986558532553,0.6340092166806883,0.6129595294546348,0.6143953036109266,0.614913021296708,0.615430060390878,0.6167135432850799,0.6176329356318462,0.617918589994666,0.6186467936887539,0.7743867522395239,0.5071664705160487,0.436104410601407,0.43717298340578026,0.4403864121384966,0.4431953907045125,0.4454360525441752,0.4476237537409015,0.4494489168857769,0.45113407322665205,0.6394211179439102,0.6384947682496351,0.6377258980190552,0.6367951352417505,0.6358905168922853,0.6348064625398306,0.634073702402377,0.6332003322672923,0.6322397775047897,0.6313909719046746
0.45554440406815644,0.64622887864018,0.6300308943372102,0.6309571046912055,0.6338648073210109,0.6362066186843407,0.6382572165298583,0.6399213225052378,0.6417721431269925,0.6435099909346036,0.7630815333321885,0.4966984821378125,0.4302256280933172,0.4311363839668233,0.4343529423676634,0.4366570815820302,0.4387332441340802,0.44062241271821107,0.44236924340563794,0.444265112794517,0.7569624432591109,0.7559267471403537,0.7545740372760346,0.7536428995589413,0.7527186563780655,0.7513011091758806,0.7503328365617055,0.7489790700504102,0.7479049401543261,0.7469019895117297
0.45261816689722423,0.6465206324915584,0.6268537996163488,0.6290420675941988,0.6296153219154093,0.6313522528726807,0.6329594805299408,0.632186874992918,0.6340896780403611,0.6350088491483632,0.7487461258532062,0.4918982950576594,0.421421786106429,0.4217982009824849,0.42562495979117604,0.42868448518448193,0.4304364748431815,0.43312977835389377,0.43478705689116043,0.4364716973868943,0.48713194991822917,0.48608413920381377,0.48502791890829844,0.48371982252401224,0.48232944112968656,0.4808937812019085,0.47955342970414794,0.47841509831457074,0.47720465296018943,0.4762465997547105
0.24017291523121287,0.5045721388389595,0.4804552680372751,0.4801838705376156,0.4791556210331649,0.47930059834754957,0.47925475301695997,0.47798870385763337,0.4779601037168817,0.4778032438074433,0.8851314796691206,0.5700456046271465,0.5011097584481907,0.5020873154524508,0.5053634835612235,0.5082507140639526,0.5102955427291931,0.5121656279653173,0.514056690068028,0.5156904516068543,0.6149654907370286,0.6144197296573513,0.6137153051937485,0.6129935657652368,0.612310325676197,0.611382854485421,0.6105342625128634,0.6098373403817758,0.6092136926282183,0.6085926802656161
0.16685344478958086,0.45423989282511457,0.42995701566384525,0.43011419618959934,0.4300054402376574,0.43008140650444204,0.43033937369697384,0.4301732069823174,0.4301577971116757,0.4302828073273304,0.9101562290502416,0.5834691612273863,0.5164894688939569,0.5173867028460232,0.5208037364360599,0.5226986588267095,0.5247793462565888,0.5269705033544729,0.5288361733057672,0.5304606444619744,0.6985830255572667,0.6980430147882224,0.6973942713599355,0.6967071586175502,0.6960421307633329,0.695361025697224,0.694702289267382,0.6938978528114799,0.6931896909818178,0.6925508490207521
0.45340256824781733,0.6469298130053716,0.6271841527879758,0.6296442600624701,0.6288405229298419,0.6310696933001338,0.6326600926978116,0.6342206377029953,0.6352060692422654,0.6358308466746436,0.75488154591608,0.49512911720469677,0.42476637899474307,0.4256973866587108,0.4291742846000865,0.4321703730125537,0.43467003470216536,0.436852225059874,0.43824935468114545,0.4401103678598733,0.5351293313718761,0.5339255030938563,0.5327611468458979,0.5317114820154956,0.5307170115829782,0.5292445950531484,0.5282599660272735,0.5270095443560514,0.5258659188231638,0.524827194772616
0.06404812042588759,0.38526509696036015,0.3602091205605049,0.3593066583623141,0.3585051398025527,0.35853815759004704,0.3585028632176801,0.3578264961504658,0.35754584756946883,0.35742610057393875,0.9413089734042411,0.6022613116494508,0.5343006596701643,0.5350559261792696,0.5384060513577498,0.5407006099039084,0.5428709907399089,0.5447530056446785,0.5469627609875531,0.5484432563629911,0.6274585336000076,0.6267585411932801,0.6262445153204181,0.625353551842009,0.6248708563937404,0.6239356103114657,0.623414986924443,0.6227664765689251,0.6222162890452223,0.6215606149214077
0.416131014189574,0.6219821814333102,0.6021106894978203,0.6041837478603682,0.604973681087607,0.6064199115062721,0.6076594461100768,0.6088779884469275,0.6081082527564021,0.6098983906173885,0.7780609388544891,0.5086521409120406,0.4381526044943988,0.4389966927787865,0.44231889452132067,0.44557091030826695,0.447669208820741,0.4494742832434348,0.4511875090936208,0.4529225989423892,0.6409970167723378,0.6399499571948093,0.6388651142275723,0.6378031574403344,0.6368778563642454,0.6356027135707869,0.6344975966088544,0.6334707548465541,0.6323955032553821,0.6315696450954258
0.5817218865838214,0.7303670059726173,0.7155402368549773,0.7150866094956996,0.7167566000260237,0.7180092842925276,0.7190835140196867,0.7199027171231691,0.7205396777920754,0.7212195130174592,0.7307495119593149,0.4788291868575384,0.4101246774471931,0.41085833105885716,0.4147648343182783,0.41763974239669027,0.4192916797796663,0.4218340657511231,0.42331760250922756,0.4256157966119586,0.33337334438249844,0.33352282537018496,0.33363392581561335,0.3335700544096776,0.3336653983647837,0.3337195167950968,0.3335077010974601,0.3334257895792563,0.3335145228667802,0.3335565291662874
0.9902748464820377,0.9292091144396224,0.9852716846022247,0.9875308254461999,0.9874651119499305,0.9884653564095345,0.9889135535439664,0.9885335138419435,0.988227150718096,0.987360203115216,0.0,0.0,0.0,0.0,0.0,0.0,0.0,0.0,0.0,0.0,0.0006079527795899153,0.0010969558055604622,0.0016219247932740544,0.0021979474521387488,0.00243275460267256,0.002198077859372205,0.0026958684829292423,0.00229533524300507,0.0019762530965605762,0.0020578308284191493
0.3843575342909489,0.6011856900087125,0.5783131587680117,0.5801333036448924,0.5806928766209012,0.5817722725087862,0.582503935659048,0.5829863299463938,0.5834609327741092,0.5841065206070937,0.7939390841174457,0.518044324541205,0.44756687527111,0.4483319855813058,0.4521624267339044,0.45465588611021673,0.4565803819060127,0.458592705097416,0.4606823864153026,0.4624113702499281,0.6477917188151538,0.6472013095293985,0.6463190176431519,0.64546869698209,0.6444417729968235,0.6434555856147686,0.6425523273509937,0.6416350646239959,0.6407141624035368,0.6399637219557448
0.20854471745367675,0.4834731107101007,0.4580722479446919,0.45715043750085727,0.45575500292464,0.45545761243750604,0.45534706673078773,0.45346417452014265,0.45339351404235373,0.45296067145032737,0.8891860905332089,0.573579679610203,0.5032063061958387,0.504427397673843,0.5075626611351616,0.5101833737429273,0.5125092487505711,0.5147644051769371,0.5163374206875452,0.5180945708146489,0.7986162752976815,0.7981466896781733,0.7978164655941127,0.7973402099691693,0.7968153463967305,0.7962209041117667,0.7958625949854392,0.7953956811063776,0.7949375250607966,0.794639809348455
0.45028242036330113,0.6415186623426905,0.6238710064737631,0.628474327443783,0.6310619727170135,0.6337924504172676,0.6362515893775083,0.6386659524956073,0.6411264962237624,0.6425429705340306,0.7602124890588265,0.49458223781764266,0.4289531965661552,0.42948533396120187,0.43324757317080814,0.4353744227967331,0.437680538808505,0.4396337097663807,0.44138210990055954,0.44326605173352307,0.5885781484512522,0.5871218880607989,0.585844510550797,0.5844844334866579,0.5832191054922768,0.5816847301576269,0.5800615772490634,0.5784675703681534,0.5773007846804212,0.5756305762844169
0.20236391902820117,0.47724836594512254,0.4545933560628157,0.45473141286672814,0.45410825754354534,0.4540465467636636,0.45458727773858953,0.4542029325223993,0.4545061174157681,0.45442106507935165,0.8922075026302712,0.573144760781008,0.5056575382104782,0.5063664012055047,0.5097237079024789,0.5121170329246135,0.5143965785990122,0.5166079815694652,0.518321093594091,0.5201914495217195,0.7060112785691786,0.7052623124330895,0.7045966400951089,0.7040126863212368,0.7033360967617615,0.7025351273720135,0.7019606449966949,0.701303940691294,0.7005061636587104,0.6998073306292092
0.3109305592930198,0.5520402124078672,0.5290161228196908,0.5293816420529325,0.5293000268155552,0.5283981864603859,0.5292924483744628,0.5291605512461004,0.52957379264069,0.5296373033004684,0.8392200879364499,0.5442382193673514,0.47419900909431917,0.4751985929504893,0.4786355528696926,0.4805509076695796,0.4832458713316221,0.48497117724077954,0.4868314357745404,0.48892026275759254,0.615865389765669,0.6150973999691374,0.6144494911103928,0.6137918544494534,0.6131350444923935,0.6120933055096032,0.6114896716864164,0.6107318028145166,0.6099144526699973,0.6091091421343453
0.41882923218908275,0.6231799137690075,0.606471209094245,0.6093702886480088,0.6112627656057086,0.6136700161945328,0.6156308479042494,0.6175208833291777,0.6187572258129279,0.6199694054673159,0.7745474053072396,0.5039557727143638,0.4372502233257452,0.4377351942324754,0.44187391634053386,0.44417513123890695,0.4465073198062329,0.4482111870358106,0.44983199559071224,0.45130747260492804,0.666822635047458,0.6657573097839036,0.6645258475148301,0.6632234537424511,0.6622784673415616,0.6606949350320885,0.6595281972331755,0.658503663835166,0.6570030869981593,0.6560041380029631
0.29105326517171193,0.5395915474105877,0.514716008827584,0.5142722547443697,0.5135070744599801,0.5122245772551892,0.5123261820006562,0.5121527532303602,0.5115886967263847,0.5112504562669926,0.8532915219068837,0.553449041247318,0.481901966502084,0.4834254752292344,0.4870684014118871,0.48911185244957506,0.49122488874188475,0.493567010093797,0.49539442221702995,0.4975175988487884,0.6374567329095671,0.6369410346283244,0.6365894081949088,0.6359604517095603,0.6355519810179731,0.6346743472118277,0.6341880526674624,0.6336367490971426,0.6328805801726372,0.6324347024617403
0.2885595254059581,0.5366566698932189,0.5116362187443642,0.5101311131905177,0.5084973600892795,0.5074132157940809,0.506778712369929,0.505652087727313,0.5044852656021774,0.5033840453902627,0.8849351801145509,0.571213890040537,0.5000791216008229,0.5013832267697295,0.5045569148632821,0.5072149685243169,0.5098201854511869,0.512025607243883,0.5136527366896151,0.5154719870867959,0.4881160864051157,0.4886785887998455,0.48908226282409206,0.48927416435302096,0.489520257800133,0.4893133002369314,0.48987522867934974,0.4900565863100379,0.4901347322514642,0.49013190774686777
0.6686373797454976,0.7897305387553146,0.775614932289848,0.7748394374635339,0.7765631619351154,0.7778313148374423,0.7787748091118729,0.7798323671649712,0.7806172386338659,0.7809715387627492,0.6867773335745097,0.4560423469544779,0.38444183490411693,0.3853429815886052,0.3889784228975884,0.39215852022285264,0.39398996426028265,0.39637637253916397,0.3982024306206838,0.40016807164285095,0.07884842147410254,0.07909795187176183,0.07936538506530688,0.07976305753188928,0.07990837241107762,0.07989588372195833,0.0804113362601262,0.08009668796803737,0.08008047110685723,0.08029475281299536
0.5008540655669123,0.6776594939976235,0.6603018903380544,0.6640511579167594,0.6662266239504859,0.6686205047375537,0.6708606742461782,0.672429756016129,0.6740068359671767,0.6753698715778711,0.7121887990552231,0.47007731199473285,0.39993143470476017,0.40095911016531494,0.4046163002182879,0.40754956452044444,0.4095191778842667,0.4116338816264244,0.41346165297228993,0.4153558875999688,0.5860158415676837,0.5847434701371093,0.5835703732533197,0.5823594029611838,0.5811803067124712,0.5792401483006726,0.5779814412204765,0.5765141150593713,0.575051584324834,0.573686595831302
0.13537704013177176,0.43495066707549057,0.40630820946208246,0.40306710304572846,0.400354058028519,0.3988397937817538,0.39675818178934463,0.3948664312855428,0.3929709821376548,0.39148840709473376,0.9926666563950587,0.6350511507014177,0.5633129400670847,0.564171117425562,0.5677458120677604,0.5701649937500411,0.572502959368371,0.5746115427669946,0.576461488273682,0.5784475104907572,0.6582760664734568,0.6588873820750782,0.6594636161449277,0.6600334795078462,0.6606882088366088,0.661044152068957,0.6616962323611517,0.6622787109172901,0.6626935886561398,0.6633620200255983
0.1715909373929918,0.45794960688287745,0.43348929673499015,0.43279380069875373,0.43173910024100337,0.4310996167702825,0.4310487891987904,0.43087053738525327,0.4304504016800834,0.4302026862891708,0.8974166723705901,0.5771182490349188,0.5087362217920207,0.5093861003771438,0.5131083499318059,0.5157217074214824,0.5175461194379992,0.5198611683988672,0.52151614516376,0.5229305947636502,0.7521860139775685,0.7518097944661815,0.7512111705751874,0.7504826790657768,0.7501282897118964,0.7492940090681479,0.7489032172737247,0.7484657275922588,0.7476131199533622,0.7473297050852503
0.07195349177280264,0.3905599928033183,0.3651134027243472,0.3634013963064291,0.3616039448864399,0.36074368997005024,0.3599466400241482,0.3586759741263137,0.3577808746042024,0.3568347173367883,0.9999999999999999,0.6344613045095412,0.5693889998418424,0.5702264013935755,0.5733575609254101,0.5757275999594367,0.5776274589601668,0.5797044736783056,0.58137904912358,0.5829941669548013,0.513483147365271,0.5130214600254428,0.5121699651659517,0.5115768843369759,0.5107960750989076,0.5099614768700595,0.5092264428366802,0.5085643874076586,0.5078749430747695,0.50693478135359
0.09607037043910793,0.40882750362822406,0.3794448954938119,0.3761347680866578,0.3732762916951984,0.3714478083294068,0.36966381865996567,0.3675814912378641,0.36570876090421933,0.3637288680937871,0.9890027193215064,0.6328661344097255,0.5609533693173336,0.5621981706246568,0.5656708077823595,0.568139521434015,0.5704881597818233,0.5725770216290347,0.5746316994027202,0.5762771929708281,0.6327453021604876,0.6332550207121033,0.6336924087161089,0.6339829885369737,0.6344094800235975,0.6347305396414864,0.6351057281413075,0.6353638432739013,0.6356817960279395,0.6360791697952042
0.19165538003161942,0.47298307789318983,0.44608223220028265,0.44478844501372095,0.44321119210599846,0.4425032841500567,0.4419867673570863,0.4409425552813957,0.43975942282718705,0.43895666008603484,0.8928455535169484,0.5772420989279327,0.5048287552865085,0.5059672449413298,0.5098994771185059,0.512294265982099,0.5146788689437283,0.516730024214672,0.5186514670868964,0.5204600149516396,0.45274260641964137,0.45234095610541303,0.45162785373962056,0.4508313900898262,0.4502096731710319,0.44941136305620244,0.44883929220375585,0.44810059080455744,0.44731813610730864,0.44668753752182067
0.5028347208279484,0.6796543092572591,0.6592690748760717,0.6627160204435611,0.6644993087530935,0.6664796193072249,0.6682006393311894,0.6699044222393624,0.6710091986952662,0.6722496526669417,0.7246443773330944,0.47745445400049513,0.40667025391704725,0.4073013933254295,0.4108379569881816,0.4139923335508098,0.41638436639679577,0.41826722511101433,0.4204799431231671,0.4221823574290707,0.6233059711399047,0.6223777194817597,0.6213306614494689,0.6201793837784395,0.6189695962662052,0.6175709137117185,0.6166673452347737,0.6154870029831301,0.6141472678226663,0.6130180545952397
0.4839741167058378,0.6669585977952224,0.6488738631058766,0.651617794177632,0.6508239711871298,0.6534773204614908,0.6552769239506233,0.6567708734905437,0.6581009514111216,0.659101270216631,0.7403589116073074,0.4866904329716572,0.41681357824259574,0.41786084953332336,0.4210842252082802,0.423618906042803,0.42567962592683717,0.4276032498809704,0.4294111005917051,0.43120702183293663,0.6399910139071894,0.6389664936115169,0.6378981940998001,0.6367958416494073,0.6356883746670681,0.6344961376807685,0.63338526003563,0.632244585895438,0.6307511552210272,0.6296519032680035
0.46481783153271294,0.6525207558646713,0.6362795427078254,0.6393002763987923,0.6415315462203921,0.6440237737774481,0.6462846692347313,0.6476499445334838,0.6496740300407637,0.6512235441096905,0.7515541161319615,0.49088261248788007,0.42369887749944063,0.42455028369533554,0.42818138023482943,0.4311323791066976,0.4333792127744881,0.4353310729511873,0.436983714385541,0.4388809402065772,0.8143812987147889,0.8131799062283251,0.8119560356140516,0.8108151925795939,0.8096924887639938,0.8085961150788261,0.8073722816699647,0.8062005388899118,0.8049371245524553,0.8038330659484307
0.6292148411363172,0.7643770390573223,0.7465080645365347,0.7481152002048645,0.7485345280538667,0.7495336197999336,0.7499329937322159,0.7505743717572955,0.7511346135592447,0.7513765754096653,0.745461277449726,0.48899065551630033,0.418696076482237,0.41964328264391104,0.42357947717671257,0.4261705558682784,0.42790706475242424,0.4303192778019871,0.43254187284586226,0.43426999359721985,0.2791522034217877,0.27956745748276735,0.28004134794546776,0.2804624918358467,0.28069599620165153,0.28076075437196923,0.28120330345780076,0.2816188538867168,0.2817360348113507,0.28208127543895234
0.5141295242914339,0.6863003658615625,0.6700222708768564,0.6737790159237633,0.6760668237601877,0.6782825294779542,0.6804327096596481,0.6820913668225899,0.6840220544085227,0.6854772574378529,0.7153211871469219,0.47110410675073344,0.40227595638033753,0.403481187123299,0.40732842100480005,0.4098275143159775,0.4117530123680443,0.41402994713040736,0.41621782241126437,0.4175370484026146,0.4858824516191964,0.48441515138366853,0.48300834170903073,0.4813716850954677,0.480002584016483,0.47838620324412595,0.4769127461257616,0.47557440141236906,0.47386697613732487,0.4723284818224833
0.3599741532105014,0.5843955424922385,0.5631942436744453,0.5623315444623813,0.5632718220323838,0.5642367830867343,0.5650594688871138,0.5653929789266172,0.5663563704185748,0.5666249857906749,0.8004134931779763,0.5220483683762331,0.45137006036660593,0.45212719904619925,0.4556926687588875,0.45849564922681435,0.46050024169079806,0.46267108063848217,0.4646451659923048,0.4665792921659559,0.6728681712554101,0.6719999980506497,0.6713381239342988,0.6705323560387724,0.6697569052142178,0.6686243631697506,0.667856226698551,0.6670851635672266,0.6660322458275854,0.6652209645926161
0.4649961356385717,0.6550761794013553,0.6354537883987703,0.6373880960480633,0.6366921307320368,0.6383590072545573,0.6397790469560718,0.6404759928422834,0.6417311257573957,0.6425020224571298,0.7588951850984454,0.49771400996294035,0.42682031585517183,0.4277498870990011,0.4315430938846179,0.43418293424480303,0.4361588358861941,0.43834286666387334,0.4403669193965989,0.44194351976370044,0.6476952491100549,0.6467764734682628,0.6459046193732263,0.6447459981013441,0.6436863346565849,0.642569431622718,0.6416561491644464,0.6406375473762154,0.6396056220269921,0.6385288985842603
0.5749316912779392,0.7290268287928612,0.7097436511625617,0.7106249678396139,0.7107371548981121,0.7114287365072727,0.7116949292421708,0.7117552688159137,0.712084278416576,0.7119449145951791,0.7312973107892945,0.4832921193576069,0.41010937940228626,0.41133791722088225,0.41527145525012665,0.4180449962253667,0.4203892227509085,0.4228594359406829,0.42479266047156417,0.4263675527683265,0.31441185836775176,0.31464080158201657,0.314879509716949,0.3148279097329407,0.3150929144696919,0.3148181872818565,0.3149291746844476,0.3148154710189388,0.3145865593567869,0.3147160305679071
0.5017927646940876,0.677463770556507,0.6619325353496777,0.6656789022920293,0.6681010102237792,0.670297222016984,0.6727684894802337,0.6750384534945937,0.6767188076498627,0.6755940050099696,0.7302038861930217,0.4787382112806533,0.41131602268481066,0.4115695633065611,0.4152552472918972,0.41812010175064723,0.4203858803361692,0.4222910046565312,0.42410516611235677,0.42614792946937213,0.4660668428144401,0.46483490208479594,0.46338730180210064,0.4617584012858318,0.4601277428457573,0.45825597333825474,0.45682652122872547,0.4551957660130048,0.4534709096128209,0.4520888850078162
0.4756996066510055,0.6583107638455914,0.64407819824239,0.6480001160634927,0.6472497465545288,0.6511250767637051,0.6536025894245228,0.6559028703298608,0.6579562933142995,0.659913654495,0.7390486918278596,0.4820070585134779,0.4165566511489446,0.4172568568345224,0.42064524754069454,0.42339488469009423,0.4251975472711238,0.42721333968523767,0.42877349198826487,0.43039702517718353,0.7878750265199317,0.7861657181859805,0.7849796681136327,0.783674819328807,0.7825534142372668,0.7811653651827823,0.7800849057303809,0.7788077414752728,0.7775451832345732,0.7765843792407257
0.1540445579945029,0.44805280835286965,0.42042056162132013,0.4187682516788911,0.41700916526139054,0.4162045030040744,0.4159783453211432,0.4146261088365506,0.4138765530182482,0.41263395086695454,0.9070184754260708,0.5855109046421924,0.5130701045681586,0.5142227552526508,0.5178688736710367,0.5206114091143329,0.5230998999176938,0.5249315717428381,0.5267835818655172,0.5284309411136643,0.4534455703726188,0.4529740059682714,0.45249482987343903,0.4517670394587183,0.45081791023618223,0.4499813197984439,0.4493881322149731,0.44868447023466285,0.44793525989862193,0.44730652153165007
0.22997547541945806,0.49724291866714054,0.4737689689965663,0.47256393600640934,0.47262120231476956,0.4729671665825279,0.4735006599605427,0.47323109481570924,0.4733158642447606,0.47311439577356396,0.8668709354735509,0.5597820177749506,0.49055644563080286,0.49151278277326915,0.4949410858947205,0.4976116167842118,0.49954087177313344,0.5016824951523873,0.5033104924828995,0.5050621876416925,0.6754281748731961,0.6748292399017934,0.6739620858108255,0.6732428542745605,0.6726294053491895,0.6716828372434689,0.6712671741029093,0.6703133289885823,0.6695149601633279,0.6688277795254605
0.39065452972833015,0.6057594280881418,0.5838451615498599,0.5850210941929888,0.5852954561842765,0.5858111966000337,0.586862494811534,0.5874959017465713,0.5876308753131809,0.5869891900382385,0.8002199646936351,0.5218172698860651,0.45093464343298323,0.45199325326623274,0.45550915747991194,0.4581114032044327,0.4605512423727589,0.46266850232682466,0.4640768540395231,0.4661208440175933,0.5403978627514503,0.5395582935091188,0.5387308685448948,0.5375759779153304,0.5365199284653821,0.5354239380280701,0.5344875874510091,0.5334072778013441,0.5323220292445265,0.5316315901249578
0.5094697673883957,0.6833033449589294,0.6662532828297287,0.6693498442114176,0.671399135343762,0.6735331982326755,0.6753035751247225,0.6742334646808246,0.676655452620281,0.6779548052173823,0.734322308665164,0.4817653504612524,0.412815154002963,0.4136950816450376,0.417782772071166,0.42067606627286735,0.422395396131931,0.42405187965027075,0.4261070337416416,0.42792127843886324,0.696692376797464,0.6957149693517133,0.6945594147612519,0.6936078138702646,0.6921613392003243,0.690871396220901,0.6899863357001932,0.6889421467183974,0.6876724291995497,0.6865669748699874
0.22071056668053757,0.4922684402433646,0.4652462819665715,0.4626946476157414,0.4605028173183854,0.4591516278073371,0.4579168555944193,0.4561569575563169,0.4547645014856272,0.45336999633877184,0.934858314677497,0.60097119692208,0.5298243237319298,0.5304657537682262,0.534151532683295,0.5368939985725167,0.5393840835198309,0.5414820362915923,0.5433732002690638,0.545243201065589,0.3321986946112885,0.3328290475228588,0.3332266512143933,0.33329796321395744,0.3336235378975836,0.3336755339139499,0.334108170711116,0.3342917403585117,0.3344997899317139,0.33474188976717834
0.6506555289168645,0.7795053051363325,0.762652873200075,0.7634651640182497,0.7639214646442056,0.7645432322242129,0.7652085627447818,0.7657969202908887,0.7663758870267472,0.7667207307613637,0.7071226402738684,0.46901470629992,0.39577613543473383,0.39687958173557725,0.40101724097324354,0.4035366833961677,0.40565212833350717,0.4079251129641723,0.40974623371674856,0.4118414519566668,0.29084004333575564,0.2914278517776241,0.29192106641672044,0.2922309775314087,0.2926267048805178,0.2927598346900009,0.2929757268321529,0.2932609796981982,0.2937837151128351,0.2940314014134602
0.6184541806544601,0.756374483304576,0.7409107843682037,0.7421892464659834,0.743114576241453,0.743453948450636,0.7445662534152078,0.7428485821058572,0.7442531770581766,0.7451985843745419,0.7130073493403917,0.47066331502405395,0.3997542423469335,0.4007730390107327,0.4045245224088224,0.40735914092814013,0.409635877206331,0.4113931352202514,0.4134409080424089,0.41525336267117474,0.430589406538588,0.43066757974171654,0.43078609416637814,0.4310572558763317,0.4311477425087098,0.43101749392822963,0.4311126833551606,0.431130995906309,0.4312786695491919,0.4314213822933688
