,0.4931206013600259,0.49254503027150853,0.5010817800352679,0.5093458764713918,0.514486912830428,0.5191444019477689,0.5248583229554525,0.5271837357732903,0.5343532182471865,,-0.4001674077736481,-0.4006636855637855,-0.4054603870911833,-0.4039572311263659,-0.403795021683608,-0.3970718999468799,-0.39928069355293433,-0.40017985316150145,-0.3964123390087272,,0.523434284775245,0.5221273138741322,0.5204660440786246,0.519807934053348,0.5172117971334819,0.5158580340823525,0.5135268938022315,0.5108651192709698,0.5100121534534895,-1.4961000956156119,-1.784758241590954,-1.1141014833783307,-1.0050954274632062,-0.9770190398025725,-0.9776409745776287,-1.0114427668490513,-1.0426135914653574,-1.1224990398543861,-1.2073033669501854,0.22244526755364116,0.09217954866194161,1.4131990136672559,1.2405669371331016,1.0826002730932631,0.9640174744505832,0.8560404750484739,0.7873839681334847,0.6072613622208012,0.47602760360878116,0.6471137522742715,0.6798163654820363,0.7192942441207653,0.7326850639165031,0.743562187031377,0.7507542856157536,0.7565111086758363,0.7743150646581975,0.786550945914576,0.8020690130315025
,0.45754729627074503,0.45356086288564385,0.46088967928154834,0.46599924805193554,0.47101823557868494,0.47540070353845787,0.46775866553536083,0.4779009950166807,0.4823920664709884,,-0.3935496248086965,-0.4084345917576007,-0.4065022118608192,-0.4072317097111137,-0.4068185482688351,-0.40745206640318055,-0.40811289186426886,-0.4083057594984687,-0.4095484632875385,,0.3364471585986035,0.3342303264207113,0.3316799762301933,0.3291416538614066,0.32757317438968675,0.32444632389750816,0.3224002085461483,0.3213723323608715,0.3184768547464746,-0.9216429141988783,-1.0449178958666914,-1.2435642724302853,-1.5442845068493105,-0.9531917687051596,-0.8516994141341391,-0.8209465753427946,-0.79161457256042,-0.8053584153280731,-0.8153384047588216,0.23209124491453692,0.11015781742430568,-0.2778643876878941,-0.42890594916333846,1.0940440382091925,0.9653614478314282,0.859515559486301,0.7774904882537935,0.6029655630536327,0.4823844571349198,0.9395806288439297,0.9619154584507749,0.9832978551041025,1.0114347428817272,1.0472349640224108,1.0633715156640977,1.0711155443972773,1.0849467103023689,1.0880105230451715,1.0980962349815249
,-1.2492791564506835,-1.216493144192843,-1.2162830661405382,-1.2092134853652992,-1.2038751094320925,-1.2015365807786784,-1.1976774497614697,-1.19656303251368,-1.1924098379883143,,1.106918388321267,1.1918897591019144,1.1916113362611247,1.1925608878027438,1.1864404412427134,1.1864050719383632,1.1829411576832174,1.1781564093883716,1.1752057539049525,,1.0255430304033888,1.0264889111108697,1.0264525527927761,1.0281624355682284,1.028842618679578,1.0295207521329999,1.0299551859615228,1.029667918387415,1.0301807051075536,0.4331363698507675,0.5270895973244523,0.5622860710450912,0.5670342024171968,0.5356615266358796,0.5010357974907181,0.4530630447525236,0.3557794024706862,0.2117998624738402,0.028549668950335737,0.7811014850668185,0.6826773606824929,0.6947718173934241,0.5418824135712988,0.3784311900448386,0.23199135483282424,0.13173637852375428,-0.020172375235109757,-0.14399546912846214,-0.23378282649231952,-0.4139848727894592,-0.4414575486833358,-0.4655491004071472,-0.5021507875000258,-0.5232393798697004,-0.5435845320457101,-0.5726420772955892,-0.5825986336649487,-0.5949665310158777,-0.5998141278115103
,-1.642885454962118,-1.653568388922624,-1.6615973931268748,-1.6671441654796766,-1.6743656016026196,-1.6791677670016043,-1.6836191927719424,-1.685872343429868,-1.6906170084984,,1.0303050571392804,0.9818417374070838,0.9855897085953033,0.9862084574268273,0.9842290388598963,0.9865006805822383,0.9886089501968397,0.99359697152752,0.994004227036245,,2.309224952488021,2.3158214839594335,2.3223056304088794,2.3284777460771213,2.3351808052510554,2.3412415063888434,2.3475086739056654,2.354343223011189,2.3598163804453383,1.1209822613764429,1.4884393017802438,1.5363015396455366,1.5498124496022236,1.5206547564655122,1.5069641043270963,1.502291729441782,1.4264054820673204,1.3526045609407122,1.2476408892135866,-1.858101198731748,-1.0370416487939782,-0.9037561688163767,-1.0482387918990552,-1.2435147605405084,-1.3706307991450586,-1.5139606723786914,-1.7791393876131834,-1.8269359572532908,-1.8389849247424894,2.6299573781982546,2.5869513725679854,2.5475233920257088,2.504482030447251,2.4547833197406663,2.4121032472455397,2.3697809685186524,2.3349978429218288,2.2986021581712843,2.258235320827209
,0.18452681976398622,0.1608640208575313,0.16260285373475158,0.16437219738910883,0.16584105168810143,0.16506486154933692,0.16708619540369118,0.16575829129123956,0.16875474050749278,,-0.18123407778511333,-0.20962511182583915,-0.2141524977951216,-0.20978593750550734,-0.20830681059316014,-0.2049636920069042,-0.20376743067705805,-0.20560918613143755,-0.20363907434819484,,-0.29167496659585906,-0.29230042326859723,-0.29386891438255347,-0.29686274004507596,-0.29955869987024863,-0.2999748922598698,-0.30284608246057493,-0.3045938437388375,-0.3070154283963617,-0.3337229036068449,-0.28596229983858534,-0.27660112331204156,-0.29973263845700704,-0.3560413221373694,-0.4293315798696248,-0.5446750423649536,-0.6929723780277609,-0.9170088296501113,-0.30321184187380557,1.1964488708842915,1.0799212621172025,1.0312483544983029,0.8614501492642652,0.6907866421711051,0.5652063821753078,0.4540613922120254,0.3454772099114148,0.17682577006675546,1.5681084930472933,-0.6916139269559959,-0.6975380071929764,-0.7077098547038181,-0.7166450908359925,-0.7237565144903456,-0.7277856694596823,-0.725833772761476,-0.7216635719970068,-0.7088741946538316,-0.6930374818672517
,0.8206442458742004,0.8192852708339255,0.8320250327645707,0.8407503262253011,0.8480119062481611,0.8535049131885731,0.8650746369375538,0.872664889973236,0.8756600644112773,,-0.7413677447916618,-0.7513010953325991,-0.7504354943195882,-0.7457110295839854,-0.7449798644486012,-0.7446529442892219,-0.742089249991029,-0.7364022187111016,-0.7465631110161268,,-0.33681397972670135,-0.3423595084192717,-0.3468027193356576,-0.3498853281304794,-0.3542169390871072,-0.35938406002789164,-0.36515960682520504,-0.36911597355914383,-0.3731227304895137,-1.5259088178051399,-1.3566145141117532,-1.330877872230985,-1.334075937047483,-1.3775332014293793,-1.4493774288440768,-1.5678003799502596,-1.6689891678580815,-1.8675465392709478,-2.1182970263016463,2.2132307244832305,2.090166490030324,1.7767023050532484,1.5797434330874596,1.4308887818303624,1.3193553897455184,1.2214348750051212,1.1768325687333765,0.9704060375837368,0.8297048517342341,-0.9336094639888948,-0.9039593677419737,-0.8833216257147055,-0.8629816370348007,-0.8404915807429256,-0.8222793120186442,-0.7914779364039638,-0.7612569820795587,-0.7262831095031302,-0.6861384686952082
,0.45628544162615015,0.43044532981397526,0.4084233931631893,0.40087074225209846,0.3908936697781957,0.38347123776341285,0.3737360170703751,0.36563926235927985,0.35800537674154187,,0.05683633846098818,0.02290457603779177,0.02408896326887573,0.02773332272717215,0.02712853266009172,0.02698656486549081,0.02853430257728477,0.029957092422755696,0.03134253391139806,,-1.9023135447380763,-1.9009425038077523,-1.8991913799718683,-1.8964619466590829,-1.8938737705149933,-1.8916850275726438,-1.8887246075083999,-1.885320472509029,-1.8833209854404662,0.8339310812815838,0.9027614358220594,0.9032666079509956,0.8898563090164185,0.8391975019217327,0.7925403201077283,0.7342287280815961,0.6181077923040118,0.4635575971269146,0.27543999703181377,-0.4318344010505859,-0.5545799085997396,-0.6424700161074023,-0.785586301010134,-0.965972954550603,-1.1062791425890657,-1.2569342015928002,-1.4896148779603897,-1.5522686959802827,-1.5795742411807747,-0.9778080781142534,-0.9798055968190024,-0.983028187051259,-0.9930269924359314,-1.0036239365623714,-1.0070590026040362,-1.0112968980092452,-1.0116467618650185,-0.9948729514210094,-0.977213685583938
,-1.1164149268421262,-1.1057850603274213,-1.111321507670533,-1.106007934120987,-1.1043106384473502,-1.102408508949411,-1.1003998836934705,-1.098131377767978,-1.0958048089366208,,0.6824440114550249,0.6880356614358664,0.6874726674127944,0.6867238467137713,0.6828391528306393,0.68379888882329,0.6851401784369981,0.6847358603386123,0.6832143449612842,,0.13737572279991472,0.13724239521815443,0.1370557535813291,0.1370305843581337,0.13576819236339074,0.1343578857670912,0.13458898616911996,0.13511789344287636,0.13557040665226158,0.6566616433590795,0.7379497786923811,0.7719194999256368,0.7807976192700459,0.7523092691579164,0.7244569287167103,0.6875029991022232,0.59908098972055,0.4773105204599268,0.30262424949983585,0.6411010344749483,0.5239868493883214,0.6039524150040017,0.45676701386374835,0.2660414489515095,0.1413360926282658,0.014995041928260844,-0.11590144570660604,-0.2476792896183184,-0.33794960493273596,-1.0947523066532665,-1.1287334465994512,-1.155086925962408,-1.1860411705010998,-1.216601617440761,-1.2416735763810016,-1.2661173162430173,-1.284820745230717,-1.2954324997132198,-1.3036720494076735
,-0.4015821256948782,-0.41719323165257494,-0.42732537094855105,-0.4278499808139364,-0.42860908745481147,-0.43212776037830103,-0.43313943280741374,-0.4353177439536378,-0.437596624550453,,0.3338955880985683,0.30920476916221357,0.30899098981755857,0.3087446489835283,0.3091796610599935,0.30837873733094834,0.3112167627239931,0.31233401383279336,0.3093076046818584,,0.35991366123878105,0.36136452447815043,0.36125575042483166,0.3613457996187848,0.3618717266100785,0.36161419726662447,0.3620458377239442,0.36240557974427606,0.3631208148164811,0.5640437253883854,0.6000942289709638,0.6077653648201576,0.5934506807124039,0.5365782433897938,0.4751209912381105,0.3902459332488067,0.23867521228486102,0.047495406211243284,0.5931868540067132,0.7703756049331005,0.6496653638662645,0.6917669705556305,0.5309706008933426,0.36464569556173165,0.2378484171944054,0.12280364799680989,-0.0174931878901536,-0.1496576539091079,1.0829525903099477,0.0035188042963232016,-0.030937872111159455,-0.05798090085105269,-0.09002078051114926,-0.11295070844904892,-0.1310833968248331,-0.14966219537886266,-0.16037342653905104,-0.17431676855219405,-0.18019032533098556
,-1.2879064848598911,-1.299748670592246,-1.302305359981824,-1.3068739819758675,-1.309315161921797,-1.3116971772914334,-1.3133688004093662,-1.3165876623185702,-1.3187556674149261,,0.8211915911881721,0.7921728663837232,0.7920407482060796,0.7913577498155392,0.7933434240010586,0.7936556502063434,0.795386165983075,0.7979497277030095,0.7965077647412547,,1.606136513383426,1.6106923733359695,1.6144317992320083,1.6182798581595454,1.622136336386751,1.6268671143680276,1.6313966863157336,1.6354371819487425,1.639268851502595,1.1281872356703038,1.5294732546570602,1.5721602499871008,1.587505770834083,1.562154825804382,1.552928692823903,1.550777044830548,1.4732087094746167,1.3986624042832658,1.2859163492547498,-1.7537353334086847,-0.8422558430119151,-0.8052124405220032,-0.9439198298508488,-1.1327721865917815,-1.2676207431173987,-1.4059818965792559,-1.663676584437135,-1.708293947030017,-1.7394852176241913,1.1805837920899984,1.1549891019334586,1.1254016023173843,1.0897306957141728,1.0587894848269672,1.0252506487515174,0.9938436813765718,0.9737231817027188,0.9504957807644197,0.9220579471684444
,0.919468909845267,0.8988427085201806,0.8873073626148513,0.8857544090991603,0.875716802027787,0.8680250202959975,0.8528527509725933,0.8513812660062088,0.8481756658207759,,-0.3930167340024633,-0.4225696705809496,-0.42647022231598186,-0.4195643927357399,-0.4201283047594003,-0.422144568582754,-0.42307035983663344,-0.4180081550235706,-0.41741030548285746,,-1.1920361844197382,-1.190431104802947,-1.1880353782215307,-1.1857524903318484,-1.1834902108971503,-1.1811304948812698,-1.1787894220085304,-1.1757092122526018,-1.1735018174808616,-0.5290106860119808,-0.41107119404058406,-0.3762640730341327,-0.3741534486323693,-0.40843081319810864,-0.45853838946588854,-0.5345208655613098,-0.6263244504656342,-0.7843066176090032,-0.9786960087714057,1.3660120813136265,1.2469403077891572,1.1443693760061897,0.9782882070095518,0.8107867254272081,0.687591084186392,0.5745648446273911,0.48400782200921344,0.307586421980194,0.20083354890474606,0.7270250681104243,0.7213730673723239,0.7083510475914747,0.7068058316670022,0.6992206600680335,0.6906256215879264,0.6911856858912596,0.6930283082213273,0.6991604122717754,0.7002930952569245
,0.028816348736167865,0.004593394338048952,-0.007100574734614752,-0.01627079241374902,-0.023546147122036093,-0.03159634806523566,-0.04406293353457056,-0.04975628796528613,-0.05470599688235069,,0.2828491179761344,0.25902157074038046,0.25948236001676045,0.26264405861365353,0.26647973036260403,0.26494080933911285,0.2634384247693314,0.2592325430376307,0.26381350780469964,,-0.44828274637741733,-0.4437485594507281,-0.4400663315584867,-0.4357359852934023,-0.43287660386808924,-0.429061497958556,-0.42543121997987093,-0.42103183285354756,-0.4162015533946188,0.6620876579218046,0.7423360842823177,0.7770951886643701,0.7887685336610664,0.7584020474763605,0.7296919614554876,0.696042081878745,0.6110840871546509,0.4964736741008049,0.3479798705506912,0.646836377216551,0.5290811570424742,0.6062302395446122,0.4380866541071502,0.2619350080996941,0.1488249084517536,0.027013527717724695,-0.11812339794315711,-0.2526929173584313,-0.3396098303724829,0.27410913863455805,0.24204854311134036,0.2079922996531499,0.1725670455957981,0.14781206532393085,0.11869481043820201,0.09774271959348403,0.07586452542799331,0.06615612431116483,0.047351123774384225
,0.43654789979181335,0.46198117154477913,0.47433560343582926,0.48645931898375744,0.4963045855496727,0.5065507897257522,0.4984952480166045,0.5144689229862867,0.5262328312337057,,-0.47481374172206586,-0.4411910593999823,-0.4423733185519316,-0.4465151611718451,-0.4529813560699611,-0.45286754015195924,-0.4507179919127727,-0.4528608437399443,-0.4528914662096154,,-0.4688638106477565,-0.4722832889296236,-0.4775850254652043,-0.4825499051088561,-0.4876621306372797,-0.49316592651949176,-0.4974375765784184,-0.5022046554208867,-0.5075827627305834,-0.6946664555338821,-0.7223419222504599,-0.8378012026718663,-0.9551282636207911,-1.1098562404439796,-1.3206679319686356,-1.63111538857416,-1.0260269497391776,-0.9092407860937114,-0.8282987123761971,0.5361206185740242,0.40527471691688355,-0.08926839939591445,-0.24494033301607182,-0.4391225274088087,-0.5594279740202027,-0.6906069682077258,1.1734521314572186,0.9618115767585603,0.8251815695718691,-0.5276281543410052,-0.49538753209008235,-0.46308349360574025,-0.4220562288007978,-0.3736134341472534,-0.33289315588180224,-0.27401321412140867,-0.2206600816954069,-0.18880017974833443,-0.16750034523843874
,-1.549560522144182,-1.5601228097163724,-1.5680254557028788,-1.5754677333531146,-1.5809044082381318,-1.5860948103697898,-1.5898174689069786,-1.5933522071530082,-1.5968784718493283,,0.9657122034972226,0.9274300434547732,0.9260890085453066,0.9274051231045815,0.9252495165069184,0.9285777875698285,0.9294404964980931,0.9346114913344024,0.9359136417331441,,1.378332502119698,1.3833954118936818,1.3874676968734552,1.3919868239303288,1.3967733910874847,1.4006386852426558,1.4043188928068384,1.4077280465783923,1.4119395034708346,1.6224506557366254,1.5231275775001867,1.4041747731900658,1.2614824807735432,1.5879280231681503,1.6333512725275001,1.677679898654574,1.6455787090286715,1.6332588284448801,1.6006371027564423,-1.8458798004431203,-1.952494095678327,-1.986259177015182,-2.091770843771112,-1.189699012748482,-1.3484609684471744,-1.4988981676026705,-1.747165447406078,-1.7933453947748552,-1.8352397359344572,0.5941455925314895,0.5663989801107612,0.5494444128132773,0.5172986896413546,0.4903813256826232,0.464304498406087,0.43421246628318105,0.4018445159221865,0.36914833582927636,0.3478242264819983
,-0.21553440068834767,-0.23021765593201265,-0.23368037682111953,-0.22881652290212473,-0.23160231743821177,-0.23364781596157674,-0.2307214276681037,-0.23184780030743538,-0.2322123317941954,,0.2152358535930962,0.1949846378910426,0.19824767120463244,0.20067140108404513,0.20160388327302975,0.20302932261558568,0.2043498546392146,0.20695091608730506,0.20497565257416314,,-0.4981796569485045,-0.4998863956282223,-0.501365496245492,-0.5037189756816443,-0.5065036284856161,-0.5088225093906792,-0.5107444569616763,-0.5117361109501198,-0.5133571936737669,0.4724408248967683,0.4067888378135601,0.31714806330097217,0.1893306923348001,-0.007631972046293061,0.44557625926384203,0.5349204056800794,0.5627742525115186,0.5739897542902047,0.5772593012492199,-0.33045046479959705,-0.4542579809160468,-0.584003245335333,-0.7240501384340882,-0.9111256240523532,0.34819275286226503,0.22224009901011865,0.10663895804090598,-0.04103818433361088,-0.15142722291955646,-1.8480593223675708,-1.84618120638459,-1.8447156370853386,-1.8473162840453714,-1.8353412787700683,-1.83744654992692,-1.8377620278881852,-1.8358917558817147,-1.8387857945311057,-1.842178407283675
,0.054479740008158896,0.04744752052568725,0.05050352806363759,0.05394230189776008,0.05639516801337339,0.05696591542566568,0.061382380898847726,0.06238602380670709,0.0628189130928877,,-0.007337343274065724,-0.017820333506505737,-0.016260928266777053,-0.019090779701598563,-0.01768563830368678,-0.017986251888811457,-0.024648782310772978,-0.02056405722183664,-0.02103923193395835,,0.48193997704555824,0.48093692152178136,0.48088055039937355,0.48054490403294536,0.47955136887157745,0.4791927688899475,0.47786963013637623,0.4771479315506447,0.4769568041982716,-0.109247220851813,-0.15733278112182544,-0.2464970901100246,-0.3648557470679702,-0.5388965469993224,-0.7766241404228794,-0.25406127408381124,-0.15436176327278195,-0.1160842042596074,-0.08350653946525292,-0.01917981088416644,-0.15319448417107173,-0.4142521881840441,-0.5590119907408294,-0.7477002361772092,-0.8833059078682646,0.5810433955492262,0.4792712094290223,0.3136187732819298,0.2132797493625273,-0.02609050233736445,-0.021087646486212877,-0.011567586690271489,0.00016061511756082828,0.01958204065708653,0.04572323957640181,0.07503124024084194,0.08127184888543161,0.0836893005095236,0.08643300507556897
,0.8671064263652721,0.876799702521657,0.8917542779359322,0.903030659085328,0.909999524950682,0.9155970372590243,0.9228557808209631,0.9087068683581582,0.9211507436270353,,-0.7687021207563156,-0.763306259576174,-0.7596694114448939,-0.7578196724801731,-0.7586795693128859,-0.7634306765354407,-0.7624176467634537,-0.7668786489378135,-0.7629027844626136,,0.4395726718569586,0.43608771592917517,0.43353927604153975,0.42939087555226757,0.4265156821309725,0.422847415343202,0.4202651806099213,0.4165559455179142,0.41467164604885404,-0.5789286656536093,-0.6897929423351836,-0.8711897321526065,-1.1216230372801606,-0.6240902215470473,-0.5408397934205466,-0.5159643855415355,-0.503241125189722,-0.5258395660307132,-0.5407801375347007,0.2152551437023402,0.09510577265117846,-0.26899058439455437,-0.42686478564763536,1.0840707830437073,0.9640691990016305,0.8629765982938452,0.7813392576370984,0.6074439568887928,0.4757378743602146,-1.7243969736107376,-1.6840526693421556,-1.6619559150399845,-1.6059254483872405,-1.57500157670497,-1.5427820499420657,-1.53817858977089,-1.533176449345342,-1.515026610866969,-1.4789310596898135
,0.40195446969230847,0.4170678109773852,0.4305060229122297,0.4400504568967589,0.43343881767871906,0.4487903851404807,0.458698256543035,0.4671987815512508,0.47477619898351114,,-0.36274874425306575,-0.3405874889528502,-0.3378402997038446,-0.3378884771270466,-0.3404348309154505,-0.34075709312106406,-0.3416050915484106,-0.34171490831100026,-0.34040429630263785,,0.2027484149708248,0.1994073398311376,0.19658027415843682,0.19389361405694502,0.19117921839188273,0.18869002747377372,0.18426921092740883,0.18011831460197167,0.17624546833894217,-1.0030087934997702,-1.1610962121518482,-1.4297192646830754,-0.9059558330045646,-0.8238779587405984,-0.7965769982424299,-0.8031765062177135,-0.806402606471537,-0.8506126772218703,-0.8827677197559738,0.3728780216925233,0.24479331352104847,-0.19167656049507614,1.4092111182096179,1.2466202605377121,1.1233748611104952,1.0349484238476334,0.9643559793861716,0.7729434312561225,0.6386214812591585,-0.2512388810933627,-0.2166157633757492,-0.1857998733276342,-0.14120215880624065,-0.1218254776904715,-0.09980287070886201,-0.08954792370352467,-0.0784842829205217,-0.058958738412746764,-0.04370589902643929
,-1.4997161103348744,-1.5109859301402606,-1.5165613959611244,-1.5221436587231758,-1.5247604151054088,-1.5316386909154627,-1.5357624022483383,-1.539856925485231,-1.542963246363506,,0.9323752580006255,0.8883509129800251,0.891300898905948,0.890426226224536,0.8944277653123425,0.8920544791896045,0.8942432245475895,0.8951202229402219,0.8952141302821395,,0.9952562545683512,0.9979029312550867,1.0012010705621026,1.004699993587046,1.0076651469463622,1.0107903271807024,1.0137657422603206,1.016416522053692,1.0203937239059837,1.0993955749835194,1.466010713482333,1.5096874252896977,1.5240785340275058,1.4987185535765228,1.4876295249305795,1.486323095980411,1.4136560682413224,1.3442740981097983,1.2453981756709829,-1.832507421873583,-0.984140751749549,-0.8759190784454496,-1.0223444035741955,-1.2154070301160418,-1.3449494501541548,-1.4917196337850653,-1.7463548559846596,-1.800585364707903,-1.8119859289173719,0.29319833993805483,0.2642959386159063,0.22732132857682583,0.19008647452970717,0.15377775197599175,0.12791656807666218,0.09615732092710894,0.07204140550314253,0.04826323734516945,0.02534975360492606
,-1.2796592149648434,-1.294906742802431,-1.299459813045672,-1.3049017800314775,-1.3093005582128046,-1.312414529188335,-1.3168216223176816,-1.3207849618391787,-1.32497413743482,,0.8061201508038627,0.767086471344683,0.7686238815466606,0.7677989537448741,0.7677083569829366,0.7703219339680514,0.7701918697928677,0.7727072527926787,0.7698598780641176,,0.2753470510504921,0.2762031028656231,0.27738818617048683,0.2786597286479256,0.2802208912007779,0.28098419513752726,0.2823726179645297,0.28433718752884024,0.28595101232702397,1.4127906916026873,1.4021201951175284,1.38685252972715,1.360305781966077,1.2948325308206519,1.2347943465562763,1.1622052907870786,1.006266921859712,1.371722149003076,1.4289858887595823,-0.77581255286741,-0.9121126045858394,-0.835430109367832,-0.9864521537938037,-1.1692801298250743,-1.2947160287293853,-1.4578273869393839,-1.696927027212871,-0.567102597163984,-0.6463186721534844,-1.1032946577710654,-1.127710064590345,-1.1591912771360213,-1.1973788082884609,-1.2246895178256998,-1.2461761991708045,-1.2626822148331631,-1.282187935006448,-1.2935313495521792,-1.3179403735640742
,0.647013686807131,0.667881786008528,0.6860376792724956,0.6981702545944419,0.7093609904838887,0.7182553177229447,0.7269226135264405,0.7351117176026205,0.7419554745396845,,-0.5955993759022707,-0.5594683338169766,-0.5650623703793352,-0.5741048435368874,-0.571025599770015,-0.574171860581067,-0.575308916155687,-0.5715812001978823,-0.5722299611657373,,1.1935245886064973,1.192106971048301,1.1912273738904904,1.1893660847802625,1.1869833757557438,1.1851874491584558,1.183660284416734,1.180679339774364,1.1785830006687497,-2.1854833162252114,-1.39187228396131,-1.2648105206719684,-1.2314938782496327,-1.237828495599819,-1.276334402826654,-1.35734120969773,-1.4284049940837706,-1.5763098783171263,-1.7606221953006622,0.5262653014439103,2.084963232561159,1.775400546116013,1.5893862396003102,1.4389675946560805,1.3017401257608703,1.2171100113227291,1.1810267325505577,0.9707066828395259,0.8254689689862009,1.094840348887668,1.1470983962936265,1.1665834709765426,1.1812432761570413,1.1986806390709193,1.2122767843209747,1.2333231204403292,1.2477800279498152,1.2616992487994612,1.2767281680459928
,-1.1351604350408995,-1.1561878448571041,-1.168790660282878,-1.1817346634614279,-1.190100689345783,-1.1996801483992061,-1.20701292734029,-1.2151620215941212,-1.2221917924036918,,1.0891670323265168,1.051466606720555,1.0562412768938394,1.0522287336872074,1.0523960609276277,1.054361209145573,1.0564622317933856,1.059303043550723,1.0589680642997337,,-0.5236896719777103,-0.5199159002019842,-0.5160303481728036,-0.5113400201546948,-0.5077364756140896,-0.5034858690059019,-0.4995208823918592,-0.495137778665936,-0.49151134831674204,1.5298456588081,1.4610763337371961,1.3949634516997327,1.311138546333898,1.1767451715621287,1.0508190333536809,1.431227615273236,1.4481712645525258,1.4588361809239474,1.4531317774228256,-1.847843351666462,-1.981884749635942,-1.9616749959010495,-2.1006870545503147,-2.2960344345285137,-2.4385210451867656,-1.5212383089173858,-1.7681356645211612,-1.8094412930659425,-1.841879891119559,-0.5896817747812896,-0.6160670709759677,-0.6373609655070415,-0.6603790924115661,-0.6800177492231492,-0.7017404625726908,-0.7192257792028249,-0.7364025823802607,-0.7617794263901544,-0.7877347942848355
,-1.2024803701214324,-1.2109075358845918,-1.2167662867670732,-1.2188968841665688,-1.221868986895222,-1.2254202550895095,-1.2285708803278406,-1.2325012516809777,-1.234364337385717,,0.750728726386501,0.7178027757590987,0.721197651989027,0.7230228568245883,0.7235055646324838,0.7229329728063405,0.7241165782901267,0.7203642213434809,0.7226702610571356,,1.221758897762378,1.2246635284501515,1.2274834016235017,1.2307070576693353,1.2347016387196699,1.237699069855822,1.2408089732194698,1.2433412677010158,1.2463002829798582,1.4554626287081964,1.4317675758129882,1.397469310423198,1.3516845520923089,1.2636650011441686,1.1719536336440592,1.048156096546039,1.3976257495152469,1.4597708930661895,1.488163450485081,-0.7119476899597399,-0.8368508647480624,-0.7898177724157738,-0.941804080063631,-1.1322143217262528,-1.2598080826426323,-1.4056758327149048,-0.35893850461874116,-0.48930381833514586,-0.5657154170685585,0.2620982842727348,0.23013982227626564,0.1901834381025351,0.16361996941866094,0.13332705589592003,0.11257306852621805,0.08697251723081234,0.06385095983898491,0.03943252084471915,0.004378674475686477
,-0.3281118341060249,-0.34238541899409924,-0.3455252028609577,-0.34766265489940895,-0.3491830018721237,-0.3510676136540015,-0.3512952282806343,-0.35311692045714155,-0.3603712956189569,,0.2718453283829026,0.2514097465105034,0.25189357104403803,0.2534540503632001,0.25273511228043083,0.25267341769572593,0.2552843874886539,0.25750346116098216,0.2599097775170529,,0.8716057463335763,0.8726381814285032,0.8746667877690292,0.8754942661074874,0.8773743246505822,0.8792658958849745,0.8806107927271939,0.8817584687945801,0.8829238260121484,-0.1375268778067148,0.41117385782624066,0.5058632259571817,0.537045038677849,0.5245351591469275,0.5137495633246567,0.4903432644902154,0.4275058574810772,0.3414792299572875,0.22228616859185915,-0.42159264162149906,0.6387612922739391,0.7016639490319759,0.5348348795166009,0.36251512537207253,0.22646335572997608,0.11116979803474104,-0.018533313641165124,-0.1500197863414464,-0.23874433067258302,0.8646274801506668,0.8623408117665156,0.8374473961890802,0.8098322326210813,0.7891006685066152,0.7655312231086032,0.7442908897138473,0.7151118254700798,0.7059202804480402,0.6899720934915887
,0.9879432419746405,0.9664323896122031,0.9543242038818481,0.947899360873841,0.9362123100968517,0.9296938038167212,0.9269500386019619,0.9208719179007973,0.9055308859262111,,-0.32698370589315123,-0.3601669977043993,-0.35913129035608493,-0.3585181111485616,-0.35940739730456334,-0.3601056378555072,-0.3521507128183111,-0.3490770739962587,-0.35121675766688687,,-1.7648825425162764,-1.7618784681313315,-1.7593701949117375,-1.7570358741058552,-1.7546769474702708,-1.7516836993414462,-1.7482214993939642,-1.7454158151006292,-1.7430053626116815,-0.24708854269162595,-0.23045679641815503,-0.2416545266426793,-0.28722443584507173,-0.374147800863567,-0.4837898160202442,-0.6514615715554856,-0.8684926523186437,-0.2992046376529878,-0.16545411294933277,1.2045766488704994,1.0839935371363556,1.0257633837580449,0.8488244059954444,0.6756010195371748,0.5501303635287078,0.447043755488445,0.34050203115366257,1.729440780111053,1.5674635130959125,0.6225666867722519,0.6006190223052603,0.5796498528748055,0.5623683438724826,0.5589284943647642,0.5439664612484114,0.5406730273606226,0.5412031157384479,0.5412341748239136,0.5228217974464564
,0.4868676640575756,0.5088378958629292,0.5262880121356612,0.5400519903149558,0.5489434797631008,0.5563490097167001,0.5494803347826822,0.5668544457480555,0.5785300401311838,,-0.4780500534408162,-0.4444576602265771,-0.4484536496196056,-0.4481024643416146,-0.4494949185721815,-0.44950321767655493,-0.4546429512410123,-0.45209876117107356,-0.4510084142119257,,-0.01381560992455365,-0.01743626507139417,-0.02212968336225358,-0.025917956781049193,-0.029363173832512395,-0.03419774418140231,-0.03673754871616318,-0.04118720039785846,-0.0451723556883245,-1.0109037604297904,-1.0974868478129507,-1.2744556449006526,-1.5038468140362145,-1.8400777186633785,-1.2362489295204673,-1.129255005386074,-1.057724117234559,-1.045015166100265,-1.026231691736352,0.5412587406073087,0.4198264961494709,-0.10922727492237391,-0.24744176814185598,-0.4358692927975477,1.3035345273542038,1.2159777154253408,1.1611216039534686,0.9680390337329303,0.8238851104680237,-0.6000771316936506,-0.5591250062143311,-0.5258548591133901,-0.47867078383982936,-0.4188410287270388,-0.3691677162096153,-0.3310443256281236,-0.31002124047185126,-0.28757668342512765,-0.26588351654686615
,-1.6676890045926425,-1.6762136807461732,-1.6833438911359577,-1.6884886509396895,-1.695957618800487,-1.6999418499644279,-1.7029011443284054,-1.7071627501207636,-1.7095167865398744,,1.021518809967504,0.9812135533041224,0.9830356181400931,0.9819052521280928,0.9792578744256694,0.9813415297778807,0.9830991808433935,0.9832104498685266,0.9888041283898888,,1.994204069118301,2.0000127315124336,2.0053724868798675,2.0109225789767637,2.016425953280533,2.021868549254466,2.027263061117059,2.0328549508880087,2.037867776311718,1.960441553753609,1.9038172881468953,1.8376646530572862,1.779604272361425,1.6798699727551076,1.5857447849736719,1.4789738378519388,1.7728932338401417,1.8121039848605254,1.8179305460084758,-1.8304172249046269,-1.95778271502334,-1.973825313394407,-2.1044860907253002,-2.2953516655900255,-2.4401565748196057,-2.6094288473004674,-1.7436275877847343,-1.7850065286697427,-1.813919089598083,1.341147320644504,1.3070999849952019,1.279446180472857,1.2466469144377479,1.2172749931071931,1.1925066365422994,1.1706070337276846,1.146046764386911,1.122715444983306,1.0921196897573202
,0.5933974350595547,0.5796727265806146,0.5829787873576922,0.5860293186559874,0.58556138048147,0.586678266667636,0.591294700336779,0.591530196263083,0.5947494915056756,,-0.417253715360731,-0.43927230867868194,-0.4395017750181631,-0.43842973815887054,-0.4400372383498892,-0.43944151459372416,-0.43820174766443165,-0.4374165874198076,-0.43360668674269215,,-0.07619816203185327,-0.07950300045216624,-0.0812223408351192,-0.08481024304532983,-0.08697106633588486,-0.08888213427855755,-0.09035568774274566,-0.09327711340895979,-0.09650579953148036,-0.67200260567624,-0.6122593759608947,-0.6125928079325542,-0.6404559389044964,-0.6970841426952319,-0.7711062317576007,-0.8758320163255823,-0.9918366302391987,-1.1840857995177478,-0.64022313364791,1.5420036934721244,1.433429496667969,1.284177249682291,1.1116263773759154,0.9640944826799651,0.8267297171893038,0.7118874049640946,0.6252644179545216,0.45960396636044093,1.961870145029475,0.48351665404370575,0.47436532099861306,0.46573442503033347,0.46467978837084295,0.47500094341601895,0.47086899598035437,0.47701148712342484,0.4928372154131741,0.5002059993119834,0.5202101207985275
,0.5048572411184141,0.5183375604745921,0.5328894467238802,0.5446798737946883,0.550695118191256,0.5621818127812099,0.5704192716613095,0.5775209297291652,0.5829170252209035,,-0.4756081061400362,-0.4602363959935632,-0.4624085850195504,-0.46220295631074637,-0.4613187948680906,-0.4593945768548917,-0.45992179083842893,-0.4579392394070331,-0.4626907992448303,,-0.2365979726497145,-0.24042721659514998,-0.24509327146728527,-0.2498637785971147,-0.25390895694295773,-0.258267481420553,-0.2631972628129172,-0.2674170273686807,-0.2705265705768323,-1.261270605707547,-1.5632071581777962,-0.9527733711468969,-0.8464447943475906,-0.824589557469067,-0.827747542655657,-0.8622910890765888,-0.8930260924261275,-0.9721197266307866,-1.0551801141791275,0.36011662992761895,0.2388295532365441,1.5870519014534732,1.3969390075112351,1.242440394113099,1.1223030844137927,1.0196645596437575,0.9723866148372384,0.7748823108696706,0.6340469498465418,2.0598632185943258,2.0929372392860173,2.126062468367442,2.1334522082933804,2.1450066702684936,2.1530785901491067,2.1603874292907643,2.1632082300656497,2.1675946964506587,2.175139837550814
,0.7668053749952097,0.7676798641481233,0.7778614107135016,0.7885274511221538,0.7939799353961483,0.7985291620357706,0.8039648891479609,0.807936404541428,0.8112127565456331,,-0.5619978491537184,-0.567701686134849,-0.5661910904945718,-0.5586725018850228,-0.5634244896675569,-0.5624203758056242,-0.5636590697443842,-0.5661806035563569,-0.5672107056694946,,0.40442601475776413,0.4021695359125966,0.39933044435611353,0.3983193847717955,0.3942254838028632,0.3920718304796829,0.38802820635842095,0.38584503629736205,0.38372353362180234,-2.0979497857203864,-1.4034104602982205,-1.283376282211121,-1.2465754754694869,-1.2524989240844977,-1.2902754731432484,-1.3659227240477354,-1.4248308309290554,-1.548558460063078,-1.6880386598821258,0.370531110957153,1.8394652173053812,1.5848245119842015,1.3990555423445794,1.245482112835934,1.126996143599236,1.0245469528854616,0.9626495719803128,0.7775952852695215,0.6341535486138868,1.323652122897084,1.3684666124279476,1.3800676721422918,1.4008062258825063,1.411253813898092,1.4224327126810163,1.439217973312507,1.4552045077211626,1.4715254074882764,1.4920514644242897
,-1.028884854306681,-1.001388345967142,-0.9993415995131949,-0.9936634185156504,-0.9998812867126965,-0.9979311514009344,-0.991647377208592,-0.9919532520276341,-0.9849654242054229,,1.0516970311122544,1.1415392189541185,1.1412053627315728,1.1349423897264423,1.1364298502979258,1.1275297105089344,1.118681178108864,1.131117849243053,1.128787083542427,,0.6512471143470865,0.6507103726177482,0.6515209586860701,0.6500728509755674,0.6501939130158905,0.6501214241537883,0.6504942657354887,0.6521529705408483,0.6520479892878368,0.4916599524292253,0.5032201412321329,0.49484834251304455,0.45937152194831155,0.38683954246919056,0.3021116233981992,0.17962628000393369,-0.014551164036787972,0.4692580270988038,0.5761723641233304,0.7722410201255887,0.6500067075757473,0.6993042073097889,0.5424327824449477,0.36390150676804944,0.23518869941804593,0.12473934328569253,-0.004239857481796467,1.2405732520667576,1.0825867875729676,-0.5294443547147595,-0.5598623674764163,-0.5836474243283746,-0.6124993089234501,-0.6323178734141096,-0.6551933571617786,-0.6759385185221057,-0.6787718912654584,-0.6866914394068637,-0.7121344806031362
,-0.9355965446941856,-0.9315503770912676,-0.9291786352205494,-0.9271635482546713,-0.9264998050690376,-0.9256818763884613,-0.9237176686119273,-0.92337032980393,-0.9226800692990532,,0.554969337107003,0.5524837784642245,0.5524395372766847,0.5517939082979012,0.5560868646906032,0.5534535635778067,0.553103614352224,0.5534575794730459,0.5525448476509832,,-0.03934141774728925,-0.03947706530554973,-0.040322441629443186,-0.040728992129025345,-0.04163872303402177,-0.041690456881592605,-0.04168278977818344,-0.0417837729726531,-0.0438448372032077,1.1091002134533152,1.160523936183501,1.1569091547421382,1.1511277469369656,1.109444920818969,1.071826519537027,1.0316510454233447,0.9281272652803007,0.8020842224412044,0.6236556241857998,-0.427855566731703,-0.5443560601729293,-0.6405011234197747,-0.7805449081575289,-0.9672621179947051,-1.1118238711070556,-1.244805224772342,-1.4795541281212035,-1.534149828739533,-1.5609953448910916,0.18123107329095722,0.16408292618552003,0.14967389113659402,0.13083134233552393,0.11296273006580236,0.10374472580490292,0.09131532042346306,0.08750877755900939,0.07749035687075613,0.07956117933864644
,0.2551390086735395,0.2744431903533922,0.291208156236902,0.29974700100862156,0.3098492073180851,0.31877731896032385,0.313326709834648,0.3258536376866504,0.33688523547581917,,-0.2657120798683234,-0.23178074762272163,-0.2290547964700441,-0.23122726573179905,-0.22980992347817825,-0.23395920995980857,-0.23798439806151753,-0.24169350671257775,-0.24101071579489747,,0.5237218897146858,0.5221328567485972,0.5191699590027644,0.516434473337343,0.515463043099311,0.512981921441529,0.5111120949245351,0.508166901374888,0.5057325595851878,-0.583316708867028,-0.6348207760445744,-0.7581282817150183,-0.8969103511452872,-1.0927730521862098,-1.3656928159886088,-0.8379609444548338,-0.713292734213547,-0.67294720301502,-0.6307309709879866,0.3783922447785365,0.25164281913277,-0.1895015792501833,-0.3582066140450246,-0.5212045729679737,-0.6494189146852589,1.027342426593077,0.9715186584288507,0.7814492276969895,0.646392662983378,-0.38806158469100344,-0.3651509339058403,-0.33681653301163367,-0.30400449970411775,-0.2678413981163479,-0.2194667206040068,-0.17726072049899966,-0.1452219341393635,-0.12416243793939843,-0.11303489053172283
,3.08467991941133,3.127529425393844,3.095148640047639,3.074968167785767,3.0541258555571864,3.0350431609840185,3.0206288554146545,3.004246809661831,2.9910426683470175,,-4.416336943860745,-4.50000126946681,-4.50439980385952,-4.498157967329272,-4.498125719789274,-4.493097198162551,-4.492208537005022,-4.487424386104455,-4.4793803101537195,,-3.1687391585053994,-3.170446728494428,-3.17096435669937,-3.1720868826329696,-3.171000898755119,-3.1721360342846165,-3.1721701482436746,-3.172483775709147,-3.1724938810185996,1.0418497240904014,0.7985253544769109,1.2176640267273913,1.2723119854133351,1.2595695844436554,1.2549327166072908,1.249894242563948,1.1858061249494576,1.1214271180758768,1.0326464272448692,-1.6554150660173912,-1.7783551354532365,-0.6698271802085354,-0.8237146858594254,-0.9999125231537738,-1.135610317324408,-1.2898278244064518,-1.5191921317729284,-1.5812328530477635,-1.6114134944937575,-1.0279329713848746,-1.0312943660058547,-1.0356510519597637,-1.0503542961428487,-1.0723598426037506,-1.0903436572489797,-1.0993297328612006,-1.1105983421654886,-1.1220900039913493,-1.1271167078353068
,1.2271008398626522,1.2131313195648925,1.207074039947087,1.2041884917179184,1.200473103680147,1.1951719356449868,1.1925815052161703,1.1884840080031982,1.1882839188252634,,-0.6096433645511817,-0.6333533542313752,-0.6323234479403644,-0.6224708836120201,-0.621838108883519,-0.6199484375196826,-0.6190081623505316,-0.6187090969436728,-0.6117482276407578,,-0.8311268241644107,-0.8282342128728586,-0.8247030447240759,-0.8227022238147081,-0.8197520100573356,-0.8169602353735053,-0.8135377727445033,-0.8112940679136881,-0.8086911110446743,-0.9121756308073058,-0.879340544958272,-0.9111173034049896,-0.9688427412397146,-1.0588324611701603,-1.1804877190204948,-1.3555398994250234,-1.5556631970859043,-1.0058546711586598,-0.8489003660770067,1.735072340830484,1.6234809592465596,1.4114687293603643,1.238087336407843,1.0910443063474915,0.9479054247298931,0.8718122804664028,0.7873032975976118,2.380256413474838,2.164999833968686,0.9686274063850102,0.9623960225232222,0.9646608653902872,0.9646201807851171,0.9665754070254905,0.9759093346483011,0.9954391107577025,1.010441417201291,1.0264972617027386,1.0290180194617633
,-0.3883471572438442,-0.3914762653580185,-0.3924667964003151,-0.39098436148335247,-0.3872264295710801,-0.3862248398001775,-0.38942509842255707,-0.38656325222408616,-0.3855830140632833,,0.24590956192614583,0.24130346093348015,0.23876625422178052,0.23536462173741304,0.24081278286480337,0.24107731791058948,0.24122804303182743,0.2431717714665555,0.24604963511483327,,0.40664756975801586,0.4061306928873507,0.4059694337418466,0.4054104491815121,0.40515612620679287,0.4056058624976126,0.4053146494410634,0.405218331160263,0.40488543585955356,0.33256325978137363,0.25784731547620265,0.1489770548069422,-0.00807469134248592,-0.24695831547784297,0.25717583176490627,0.35421572220699765,0.38382013259034636,0.3916481080137513,0.3935193634622426,-0.24116479163842935,-0.3575356538296368,-0.5202362314769208,-0.6830649441774106,-0.8709727402398594,0.4440736167618936,0.33909080632824123,0.21958361256991518,0.07098521993781871,-0.04066598680700263,-0.34485803629616985,-0.3601251907677938,-0.35656722979251115,-0.3551794866880424,-0.3463715070641037,-0.3341567514382689,-0.3367805005570101,-0.3471533626283188,-0.3610481792102944,-0.36587423002734987
,0.6074686794796413,0.6306527902474466,0.6519067355323737,0.6662625031151141,0.6561641113276895,0.6742434633659677,0.6855894283186071,0.695171514789037,0.7039557419753212,,-0.5758438596998634,-0.5360909643740526,-0.5391078656186481,-0.5389343322884655,-0.544276487148412,-0.5437350072003622,-0.5474227609200463,-0.5460583339161769,-0.5522418287528875,,0.6469752790439454,0.6427291240043862,0.640958293469225,0.6388518351763695,0.6351030812929509,0.6338190453629042,0.6306742584943595,0.6281155208576147,0.6251981683273405,-1.2985888133306198,-1.1360990204239272,-1.1177906149871626,-1.1223243926884408,-1.1640500691323303,-1.2331364815461388,-1.3427556891889876,-1.4454827738652927,-1.6364479129385243,-1.887044684047918,2.1999233395467868,2.0876748038732984,1.7865647403325091,1.580063403597299,1.432412417791,1.3056548094134288,1.2142524830180113,1.1493725404998074,0.9561433579000386,0.8271181814681815,1.6399074040780264,1.6522272177580815,1.6631561660422962,1.6692164374742007,1.6801342677823907,1.698217793233916,1.716606442358467,1.7326255685347762,1.7428975128227566,1.7657808032091316
,0.43209480445309634,0.4168226121948977,0.4199619853417928,0.4213915006157656,0.41970423205277324,0.42263708889075613,0.42721287812964553,0.42538935850364573,0.42776989635785795,,-0.28527074644948697,-0.3055565993928229,-0.3034961073767984,-0.3076736928298824,-0.305058822230564,-0.30404855983345197,-0.3026728643897174,-0.30328776810526553,-0.3046099277878823,,0.32891226702316484,0.3282885940661064,0.32712324766067785,0.32567000231690874,0.3243588308665741,0.32375167567231855,0.3228923159500233,0.32179609626926053,0.32055687184532167,-0.5710307947339912,-0.6177992967743385,-0.7152982991455116,-0.8515066382686572,-1.0521086345790547,-1.3241911765012728,-0.7390299806490536,-0.6150964924071375,-0.5713366204130004,-0.5273669409257917,0.10027207561167525,-0.02511736001876728,-0.3431127869988153,-0.48286646549255174,-0.6816769943902947,-0.8126766380715807,0.724327966222849,0.6397596280167359,0.4638897585201101,0.34877815758716796,-0.46403287585054503,-0.4508342635484263,-0.42617478578342827,-0.4072454416119349,-0.37592736953562195,-0.3368081130800635,-0.298759828587005,-0.2843806706699506,-0.2753524921991998,-0.2579023277037351
,0.5206590385838025,0.5363849541706206,0.5348618028044554,0.551985418292843,0.5620300063603723,0.5694745829212489,0.5783845244660458,0.5863888513369717,0.5948883457904597,,-0.4037491301710264,-0.37165503253621496,-0.3713212356214956,-0.3756008160039328,-0.3787390590732534,-0.37960751144746724,-0.3816287904869537,-0.3831466954986834,-0.38215857073643067,,0.9722004328694563,0.969348826156057,0.9689995644450005,0.9682907340104033,0.965799522788659,0.9647321748444982,0.9619537629466786,0.9610574400120977,0.9595996598649746,-1.8369365816386705,-1.1235933530829252,-1.0097804133637007,-0.9799545874966702,-0.9888190702090986,-1.0257812369997141,-1.097771164881894,-1.1635575802398752,-1.2945379136507966,-1.4534866312881902,0.38648479969266053,1.8455711402767123,1.588011588579938,1.406079700646799,1.2537122884821041,1.1158648757505438,1.038335066394241,0.9687262442379292,0.7794005444093651,0.6598048762693198,0.5847444676301268,0.6238481702076535,0.6334223627884182,0.6565550937942224,0.6603750793277064,0.6752673618453225,0.6977357510892209,0.7067863518511158,0.717018616692521,0.7373377975226759
,0.5227735779620196,0.5141336058972098,0.5215759643975354,0.5227028511238573,0.5287761168971817,0.5333662429262954,0.5259254043609796,0.5345360738578088,0.5377477608658777,,-0.4580784230846448,-0.47064154210253134,-0.4762418063649882,-0.47386380066328093,-0.4685822860939283,-0.4731347542162604,-0.46612515814357647,-0.4686739848633226,-0.4701440519117241,,-0.5059876890237762,-0.5094534748351821,-0.5137607734588843,-0.5190026193695106,-0.5231123591308232,-0.5281769254008377,-0.531472461880246,-0.5350562158138019,-0.5377499302083062,-0.5968539011117463,-0.6181764530249697,-0.7013654519574769,-0.806131150290336,-0.9587069830414299,-1.1632548618276495,-1.465964257377908,-0.8441946246648174,-0.7306831872804886,-0.6534885116756795,0.22498282574320538,0.10015510968134905,-0.27573378120690056,-0.4320476443622165,-0.5975126685980181,-0.7326998047496842,-0.8764910095596656,0.7936649531238076,0.5988086628685326,0.47790442468358885,0.35430742212317007,0.3749810333984152,0.4037768407184001,0.4300273224046285,0.4602931100206061,0.4892475123161809,0.5278464716586163,0.5673365006513496,0.5903120409193278,0.6065266881678888
,-0.5060240817460447,-0.5111945631041939,-0.5111486521292833,-0.5140924021327624,-0.5128241885707153,-0.5142553373034661,-0.5199282738348687,-0.5192600689187952,-0.5189126817516662,,0.42640545246391526,0.4253348109801331,0.42585871241974044,0.42386316766078075,0.42804992855017193,0.42709498191221124,0.42518247574079854,0.425489834715835,0.4242135363329676,,0.19703006964385245,0.19656004188645432,0.1963748004092744,0.19596563657547433,0.19538418875557084,0.19396985646543866,0.1939361044174912,0.19453490869860085,0.19442964906671328,-0.02002576450659072,0.4924026328550201,0.5799450184593873,0.610274107416363,0.5977710860252976,0.5868456709966721,0.5664957805947708,0.5038685741137894,0.4219982720927051,0.30963311748951716,-0.4173887825112433,0.6439370009072128,0.7086964307355876,0.5403031526990077,0.36326165173318997,0.24505683111121968,0.120774771565704,-0.013495664806608233,-0.14190016271617353,-0.2309422581278148,-0.5584484530203965,-0.5705206664705976,-0.5853244654704965,-0.6144108045204351,-0.6347682885909518,-0.6549641974472246,-0.6739355477354565,-0.6877388157400831,-0.704594991971548,-0.7111216670486692
,-0.8708162368049127,-0.8648680602721223,-0.8585140392098668,-0.8527789331220139,-0.8499906956946969,-0.8476530655966319,-0.8442383023755694,-0.8419016090284309,-0.8383221922176243,,0.5783354348373769,0.5982574801323428,0.5977572991203449,0.5976954729020589,0.5908638873380164,0.5903669931284605,0.5921408688995673,0.5922028451542319,0.5909648844182381,,0.6551154244341351,0.655645294015007,0.6562361675378873,0.6565378419358243,0.6577832586179021,0.6580199648166023,0.6579231346547519,0.6586557236437699,0.6589122876044725,0.08557534857392025,-0.136076717373706,0.38078690791616654,0.4624353485729412,0.47335381519636094,0.48001106974686064,0.47580027014389525,0.4366101323190927,0.3799543074498842,0.3098712131206717,-0.32967866591430195,-0.4582752856486171,0.7986280208082733,0.6340139105240092,0.46076007817497616,0.33557554564884035,0.2242829235021048,0.09707671823658984,-0.03760059674856697,-0.13959295782628675,-0.1983505565717967,-0.20334100186931173,-0.20831194905113293,-0.224159312440745,-0.24681576968685567,-0.26169540487391985,-0.2762435296032322,-0.2855235642689778,-0.30704792196674663,-0.3134072851050121
,0.5257391885449509,0.5164472931243461,0.5257537590918553,0.5173638274134629,0.526840497465761,0.5313256735900616,0.5397194603815726,0.5420711532781975,0.5432728327490951,,-0.42151145603789325,-0.4330364173822555,-0.4324319145187256,-0.4339041368815764,-0.429299799449757,-0.4254109756194817,-0.4241461678236149,-0.42961916282944307,-0.4290644795216458,,-0.24391441461314595,-0.24757618372331616,-0.25012963074279726,-0.2528436608649153,-0.25688399252931865,-0.25963940195292246,-0.2632467271910041,-0.26611381785041016,-0.26898700588272373,-0.6958888661327327,-0.5759602500066701,-0.5483010321301968,-0.5502619356508521,-0.5855272961773098,-0.6383726587652889,-0.7180313634542643,-0.8043697021763306,-0.9526838852239331,-1.1337482496486018,1.5357450847839942,1.4330428226232674,1.2771540134397519,1.0920421447214888,0.9443013274500256,0.8102683563333627,0.7134864863333907,0.6222699048540725,0.4525741743271382,0.32063944655485976,0.5049083334516826,0.5029961003652931,0.496970608264237,0.49784233546108186,0.4976218566050475,0.4982254922747198,0.5075614210929287,0.5112077300037993,0.5178299226554108,0.5338656310852122
,-1.370723680262311,-1.353359855966024,-1.349751262257075,-1.3454767895105038,-1.3400838167207647,-1.3372767736257312,-1.3349320185966422,-1.3319957675414866,-1.3280299213965323,,0.7910280294611206,0.7985186398376525,0.7962825368274721,0.7958691042035941,0.7937279603194642,0.7943092224892689,0.7926787275896551,0.7966712932586705,0.7939835454473891,,0.26462163640998065,0.26529864913155804,0.264271540965885,0.26505564755822025,0.26450194321979914,0.26498615314384394,0.26530078361838466,0.26639800962956556,0.26617228703294094,0.8199013199001622,0.7193869361635421,0.583665646265631,0.37416081602234386,0.8026651181137053,0.8830365182460689,0.9318935994320839,0.9257528566864038,0.9189361249348674,0.8995772722638987,-0.48876143012522066,-0.6225451749245002,-0.6762895146185257,-0.8180800113574258,0.283618036412939,0.15268534686893362,0.028218557409875458,-0.09709673120925234,-0.24321146993482448,-0.3269269770161144,-1.0328252230514525,-1.0534252598685383,-1.0651890320697086,-1.0794567977012621,-1.0960750898775418,-1.1156176904218937,-1.1401924451433714,-1.1619043246285752,-1.1767808198257443,-1.20167757705483
,0.3449266676357265,0.3408408308973973,0.34911788535157356,0.3529009965879663,0.3579819583963353,0.3609261204416388,0.3678321886678485,0.35917451364916786,0.3689673400397504,,-0.26845568887586296,-0.2825276121978847,-0.28300554421188795,-0.2859170629244266,-0.2782890804287835,-0.27887479135851795,-0.2818039665358275,-0.2836763962980105,-0.284417972468832,,0.33688373983954306,0.33453863973800946,0.33266058575049823,0.33110092689290593,0.32874313372502334,0.32608876446992835,0.32438496173380493,0.3226567655520308,0.32154534737196533,-0.857137559231551,-0.8281505434764556,-0.8462752516636985,-0.9046191978235643,-1.0037013809089743,-1.1418424803423532,-1.3497366874283478,-1.5936402384729087,-0.9511742678149557,-0.7880371751955545,1.5596757101940002,1.440134403198234,1.287376900736713,1.1113951133358797,0.9412282245637456,0.8156218539312718,0.7216329838271996,0.6396162204049364,2.1512865339243046,1.955391393909408,-0.23906658795388858,-0.24525376677724417,-0.24347219798235858,-0.2460154812580084,-0.2357698116621099,-0.23351735125455014,-0.2177210617455997,-0.20345835602529896,-0.1776421804292469,-0.1745451300183628
,1.1304654991135932,1.135264851739127,1.118522039901009,1.123180340963503,1.1224032673530093,1.1203709338045527,1.1208607103542345,1.1180301151125953,1.1172143647743078,,-0.6059967011992372,-0.5976612405517565,-0.5991583735570913,-0.5961312700801852,-0.5930455455126141,-0.5987670234728316,-0.5935098186806894,-0.5980497713735948,-0.5927041367160982,,-1.3417130909303998,-1.3400415266960384,-1.3385739882126193,-1.3367387945631775,-1.3334806011081775,-1.3333821654122437,-1.331766878744634,-1.329206706263696,-1.3271556719336521,-1.0919469884361424,-1.2902744363714858,-1.6078268502549369,-1.001458765206766,-0.9005513468419467,-0.8721429259189829,-0.8769877363383267,-0.8797911676809853,-0.9264296681780484,-0.9701004966985691,0.3532030937030695,0.22672886584420301,-0.21582171732152802,1.3878971663438338,1.231981426991375,1.1306068813954258,1.0171669878838974,0.9494321254919527,0.7716955272515096,0.6253766952369757,0.8700813865942939,0.9014714638367195,0.9376507061897636,0.9788554506559746,0.9978721111387302,1.0183958117641083,1.0181574240255729,1.0330222494207426,1.041992780487504,1.0603558085637852
,2.5716100338553525,3.024377047454074,3.0086419930231343,2.9885921325138276,2.9751100215972746,2.959480094425593,2.9428570722858813,2.9247859950370927,2.9060840350851325,,-6.025462799912954,-5.208921911514588,-5.2154194450858835,-5.26571329487114,-5.299429804540308,-5.325329056324082,-5.350641232905615,-5.373084916423328,-5.397787492606648,,-3.1627300739711943,-3.1615484140580987,-3.1588904379272926,-3.1587053587151788,-3.1588978826618637,-3.157272693538225,-3.1595006349131265,-3.16156136673877,-3.161109322410179,0.708175377588605,0.655953722360483,0.5746258382128795,0.4711961831953595,0.2982499686646682,0.07877371718782046,0.5786927049742647,0.6568295039225442,0.6901292094938051,0.7094450169792633,-0.33456092947364924,-0.45788542724014325,-0.5836356700374796,-0.7267754798667962,-0.920941767671291,-1.0511155573757014,0.21935209623652593,0.10570383511014615,-0.04673450427786229,-0.14367191243203972,-0.13863313917466139,-0.14589758700026192,-0.1554207756960009,-0.16659464347454847,-0.1725684446497588,-0.1688913527512988,-0.16742239802228567,-0.17322364101792279,-0.19425440047461862,-0.20774466715253445
,0.19420029388404478,0.17417058942188465,0.18226455600295327,0.18558561134710838,0.1891380981369827,0.18947104526858644,0.19222124543806743,0.19281749359281586,0.19560679909775477,,-0.1621534371163143,-0.17667771101988797,-0.17811744654442324,-0.17509479141753423,-0.1759104445677076,-0.17842154030630486,-0.1789731745928151,-0.1765738977479345,-0.17729239714796022,,0.3766063876845885,0.37543275310560426,0.37476946405021405,0.3727067391765726,0.37198247409749796,0.3704975360398139,0.3694493295098199,0.36863255552520785,0.36798398492182227,-0.5094495470691575,-0.6564436330126544,-0.8741436344006217,-0.3612077508477927,-0.28977794944592644,-0.2618916242547606,-0.25425438126779476,-0.26198323464238465,-0.29684063223835516,-0.33038083838138804,-0.03630761507530265,-0.14790739974056188,-0.41508112819420945,0.9717396847054102,0.8083375306701102,0.6866205648071992,0.5784668400449894,0.47165774724741,0.31352266251411537,0.20236810007813288,-0.34141654751167044,-0.32626538929453197,-0.31798123773631554,-0.29031161710520853,-0.28168781370267265,-0.27720590396341466,-0.28421499937988,-0.280591899795925,-0.2799121526869334,-0.2750319110093085
,-0.6589431455735864,-0.6679580276055721,-0.6709463238096511,-0.6753425550702344,-0.6761559292526971,-0.6772054852398176,-0.6862666228878689,-0.6850721999795729,-0.6858925006054198,,0.4664046841036634,0.4489074675530101,0.4521510610133536,0.44862235459972116,0.44982907973675684,0.4520494929056994,0.4544895557414517,0.45121654392903865,0.4513553700781148,,1.2034797628598375,1.206588386066843,1.2090406882388596,1.2108474273702654,1.2131360758123422,1.2157549223702007,1.218158547988245,1.2209984000927852,1.2237000904076054,0.8629722946544246,0.7715362455532172,0.6532719633505334,0.4769336766962081,0.8883922420417022,0.9675442154827387,1.0220060973250944,1.018726381110708,1.014736190243163,0.9955094284794931,-0.5082746788079345,-0.635727699130662,-0.6867697852649737,-0.8248830244555625,0.274904984391725,0.14829015008268887,0.02536529518071895,-0.12066051845776023,-0.24807079830426942,-0.3300249523651445,1.2403463797774135,1.220251733711416,1.1978169293686272,1.188409674955098,1.1708923303546146,1.1390803273154042,1.113367093071918,1.091986135655774,1.0549329178468458,1.031489563171471
,0.4865208848148664,0.4932430833051343,0.5176371874895737,0.5326715050253529,0.5454922158819765,0.5558046176528247,0.5698699400685648,0.5820310592967759,0.5883884999212509,,-0.42770112529693727,-0.3859616904389226,-0.3898718582861384,-0.38804548755106805,-0.3931933470732013,-0.3914743746923062,-0.3927786483418764,-0.3942815907916391,-0.39343769081118934,,0.04749347307035614,0.0436533871810025,0.039766439704858554,0.035947499825784116,0.03186091993857339,0.025962437927991886,0.020785049217603817,0.018157787445040784,0.012073062972082795,-0.9401406444183376,-1.0210684426252616,-1.191934349422824,-1.4039133851059762,-1.7071136317520355,-1.1490692412345902,-1.0484411500337072,-0.980791102177732,-0.9683760887180718,-0.9512094779780987,0.522418426150792,0.40029019928999315,-0.10052026183356251,-0.278803755524497,-0.4414478288205008,1.3130197252526017,1.2116141338756559,1.170230884436424,0.9632739260395835,0.8173800417508098,-0.661525063749292,-0.6307428467326953,-0.5867659900679195,-0.5461800004965511,-0.48583855805359877,-0.4369350844448034,-0.39731428372046046,-0.3771266208042068,-0.35300320535562535,-0.33235103826108303
,-0.7040581213066812,-0.6923230660040334,-0.6877286464297726,-0.6866900307360422,-0.6858221603864483,-0.6823840594940312,-0.6812559747830949,-0.6775626864974192,-0.6760764372717523,,0.4614822025273349,0.47646803731650017,0.4739370291783372,0.4729522502524798,0.4716194943241891,0.4733248533178021,0.4752800415828506,0.4735924333059346,0.4750285444641962,,0.6946624778392944,0.6951594206611602,0.6963674036125368,0.6966587733097906,0.6972851660023094,0.6980380202768172,0.6988023610799372,0.6990926023698203,0.6990573952690615,0.3865209808192928,0.4219885597502375,0.42889595568858946,0.4131370841897778,0.3604813150962314,0.305941049860903,0.2348791288353046,0.11795007172024387,-0.05382182647811689,0.41329069499518173,0.908517537298474,0.7830864991989221,0.8123043196306942,0.6400337593743006,0.4660464734126963,0.34253049343807246,0.22806955064307055,0.10247443234471984,-0.04458994711341986,1.2363225037210421,-0.37214663702896816,-0.40154770931914424,-0.42445435200170056,-0.4545481725973746,-0.47660218764660156,-0.4863747876385643,-0.5145351105843334,-0.5189361763744021,-0.5207458805546377,-0.5233933559424035
,-0.1619905401287623,-0.17108997474429732,-0.16983221321782424,-0.1685548157378329,-0.17649070416516238,-0.17320812080158332,-0.1728536981944659,-0.1708936140811512,-0.17050907281043315,,0.13431329653292032,0.12276223501602396,0.12374639397398449,0.12294984427797716,0.11590067751274083,0.12217133092050432,0.11850365025538755,0.11838815665252966,0.12198558826901967,,0.20074232329090225,0.20058798274297063,0.20076001567933052,0.20050205572447846,0.1992960611865153,0.19923738794506154,0.19887324976470025,0.19840788821713212,0.1972868763627364,0.08006677759567467,0.17424587012213297,0.20525936427225555,0.20708165146093227,0.17222006400112833,0.13338671612285846,0.08008476954721248,-0.0056996023321032605,-0.1319071855145676,-0.29728190357265905,1.0541644620238135,0.9246769117568956,0.9109674476432995,0.7406006949345553,0.5832203495401143,0.44045963795216364,0.3379837723054553,0.23148242695259783,0.07970571920651559,-0.028265110428736046,-0.15099980040033506,-0.15821932853867562,-0.16949996849276763,-0.1844576726404505,-0.20979002394243995,-0.22361422921759985,-0.23057672673232119,-0.2483809029720854,-0.25393237461495816,-0.2413775166672922
,0.3536074517160271,0.37138050588918103,0.38510023937663057,0.39623813561898136,0.4076473913806007,0.41525764738543575,0.4264528800568255,0.43104972870773867,0.4366598563839007,,-0.32160994290415745,-0.292673587366047,-0.2971793023930056,-0.2909267984239207,-0.2940181214520789,-0.2919724528843724,-0.2960482278137269,-0.29896662892148573,-0.3026522972837789,,0.4782554911223514,0.4753203050801451,0.4723011364903157,0.4708186291823519,0.4669054644481138,0.4640919157816298,0.4625585793350367,0.45865862375488337,0.45672454321799927,-0.7173377805278869,-0.8045745742185636,-0.985597021287351,-1.2043376887841422,-1.5272417123057647,-0.9536936054796705,-0.8455534937652613,-0.7825157644194616,-0.7688893294078409,-0.7580571192665013,0.5342237512757976,0.4130917698160128,-0.09060746287987069,-0.26287002085712474,-0.4368807079942382,1.3060875542058168,1.209141977206079,1.160488959662808,0.9587368974404962,0.8315687885217166,-0.7445264572370561,-0.7139357920977999,-0.6684262026176299,-0.6282865089936261,-0.5738401461204194,-0.5204582020924821,-0.4931417556652632,-0.4714258200592045,-0.4476122362337043,-0.4274640116031759
,-0.2522145156436671,-0.2712433679367346,-0.27465570646663023,-0.27738168393681617,-0.2872848704060122,-0.2888468983247308,-0.288209593674996,-0.292283970674909,-0.29409661208807397,,0.23856286671340404,0.20937088477010135,0.21618077714821912,0.21789009646965335,0.2123740052754665,0.21211664242924785,0.21544107142763042,0.2149788983724666,0.21904710921267517,,0.3204009700075805,0.3220535060701171,0.3225381056645668,0.32380786386111854,0.32363137986470863,0.32438213185560877,0.3253011966833784,0.32533770175477245,0.326331113116381,0.368347696813982,0.21772170348554187,0.03568928978088045,0.5401364996924815,0.6056424212574483,0.6389085385040115,0.6620312098139218,0.643764251850607,0.6126522774917499,0.571314649903883,-0.43857930615008905,-0.5533430322251262,-0.6381623257427983,0.5265631800055319,0.35567026702181104,0.23139365755365243,0.11426255903996373,-0.03295925168148079,-0.16889223525537445,-0.24493786841299564,0.47396061233406145,0.4642232041879028,0.4587908240991757,0.4530934097921286,0.4428572630627599,0.4220809884910949,0.40071156329778107,0.3802034975067369,0.3619443767853879,0.35067777729668514
,-0.2734855770244941,-0.2928132258641293,-0.3033854567104791,-0.31190287498833286,-0.32024416692441177,-0.3266573742603142,-0.3323005506365952,-0.34022855997904555,-0.3469708412276088,,0.4396282955262683,0.4137467856267353,0.4179478172735374,0.4147825070501573,0.41637810709916256,0.42173640751015246,0.42360342599906803,0.420933228594451,0.42174713297683725,,-0.4917753872489349,-0.4872102566876072,-0.4832492741914502,-0.47944906754051253,-0.47675295746364965,-0.47126895075161274,-0.4672151871333597,-0.4635939044911916,-0.4609320983197057,0.7257829773695809,0.5575587472868402,0.9715490231342149,1.0424882394061716,1.0536981903917289,1.072061535451837,1.0910372177427448,1.050599721342978,1.009793478330517,0.951972357923377,-0.5829691614832627,-0.7091782284652475,0.5183595977930725,0.36447883514781243,0.17354852170520044,0.061381084050426866,-0.06048315460181185,-0.2117053703357037,-0.34735231119144355,-0.42749888348461335,-0.009922326378262819,-0.02821614336700871,-0.05004149004787002,-0.07922101058345903,-0.10724188009716318,-0.13774425619742256,-0.16825785218736167,-0.19899970601334052,-0.2273654783617019,-0.24604932570598803
,1.5607135561892072,1.5560086721119706,1.533065663091733,1.5352983974089263,1.532202460159541,1.527215211806091,1.5273353427557628,1.5235234507399018,1.518838733284514,,-0.8639018367694192,-0.8864277748519682,-0.8858399510790123,-0.8864446074001893,-0.8801935603340294,-0.8839864392331569,-0.8806027823479771,-0.8813496571588723,-0.8800018372895162,,-2.735443416898804,-2.7350269392414748,-2.732804346679454,-2.732545715810804,-2.7310796455798694,-2.7287979789324948,-2.7300621559421967,-2.7298928659255237,-2.7282783960895527,-0.6199586413678765,-0.4997081649567636,-0.4869189622488524,-0.4962299671892347,-0.5398722663644426,-0.5974634523499519,-0.6806275757973898,-0.7750755755121498,-0.929830869195433,-1.1295562705641535,1.7565445059326634,1.6314968062717878,1.4311368092850694,1.2565338223145566,1.0886412628959008,0.965696784674533,0.8728793306576368,0.7967789353625998,0.5998986561781245,0.4886355032212105,0.8851128021755632,0.8846276119431467,0.8813830143840294,0.8790736432286018,0.8734563647136557,0.8736910594601375,0.8804718696195851,0.8825681685288508,0.9000292853451191,0.9094897894525272
,0.7484581697394579,0.7483932616899649,0.7644564378495617,0.7749858474539733,0.7840750325711979,0.7916934206003816,0.7988739408413125,0.803956824129833,0.8090351346994971,,-0.7050518348898882,-0.7122695583450948,-0.7103825707920669,-0.7103873701403173,-0.7067518083673753,-0.7089298019210836,-0.7085399223876546,-0.709225175249431,-0.7085356411360602,,0.034464585043438654,0.031176860015096446,0.028093073297581702,0.024732955372528044,0.01840060804386554,0.01449386266643786,0.010002603319704931,0.005726846194250099,0.00131835996322903,-1.160221816888426,-1.2128626924042831,-1.353130790931214,-1.5268986120522834,-1.7672471565172785,-2.1241763704869756,-1.4765453183590185,-1.3135516766204827,-1.2549391907236682,-1.1987677806000279,0.5436704558815427,0.41026853231761934,-0.08988350058121367,-0.25696860419580525,-0.41846296079699385,-0.5704242310836748,1.2210654899025184,1.1626091974604766,0.9760381920194592,0.8311344800249508,-0.8700088437245651,-0.8235410275903108,-0.7824568253901338,-0.7317825360677597,-0.6793472717634489,-0.6140526289731805,-0.5572546751023761,-0.51973089865502,-0.49134659861198426,-0.4617350017886016
,-1.0106184270089467,-1.0304966830484963,-1.0461570407205327,-1.0571021648356906,-1.0640052913062277,-1.076535949692031,-1.0837075577878816,-1.0928939168699594,-1.0990794853940271,,1.1621487255294736,1.124719902346394,1.123410682419637,1.1261874144535906,1.1257622431192906,1.1283424137787497,1.1294011415901717,1.129417814288191,1.1327231863697969,,0.44062227368829027,0.4475475460313638,0.4547777467677124,0.4620713094995043,0.4688283169072438,0.4760451119636068,0.4833956267668552,0.49010904195447424,0.4974306294344653,1.0966132915498692,0.9832418221520397,0.9027228026558615,1.2356654030481156,1.2495534976044487,1.2637236264495313,1.2806663558908356,1.2398865212543677,1.20607408881237,1.1630130005423445,-1.8787777379064268,-2.0083654574325926,-1.9630794300374437,-1.0681986610954848,-1.2658180087232687,-1.4045623392808704,-1.5553313661697816,-1.8081727288942255,-1.858558084533556,-1.8621269397667664,2.3216293365513967,2.2905634835406876,2.2603582360246923,2.224101924574893,2.1833696762216324,2.143844329940593,2.1020752968649763,2.0649434468476,2.0240784388573156,1.9833934084364517
,-0.8439294059368624,-0.8401291011855335,-0.8399239071655499,-0.8408325418179486,-0.8430156441752598,-0.8428178272725825,-0.839508638194361,-0.8399266752794172,-0.8388607272874348,,0.506454784560255,0.5110833952761149,0.507865317057617,0.5110578519640485,0.5122405885084395,0.5088287778371084,0.5119670674040933,0.5096327100272018,0.5059527284727335,,0.9496479138736854,0.9508992374724794,0.9516396200572576,0.9540422547510843,0.9547480648973516,0.9568501439704347,0.9591202774519134,0.95944460024664,0.9619659151213501,0.468466896358839,0.28411227695567887,0.7082349951698348,0.7766822550588927,0.7872353475308043,0.8033062727783419,0.8141102869824814,0.7761606673146051,0.7296978830143629,0.6659650228195894,-0.4218357267065546,-0.5422113451021101,0.7119229336835249,0.5400565424079884,0.37382782192964625,0.2706415036448445,0.09231533778164516,0.02072637093210644,-0.14946037886694016,-0.2271342973391402,-0.15790597358714717,-0.16637299992325916,-0.18329287730300867,-0.20792122231907895,-0.2364172464563964,-0.2675406068182994,-0.28367308188655027,-0.31107635823043533,-0.32631479133460606,-0.34701813514244834
,-1.3323479545926602,-1.319011843065313,-1.3213434435629772,-1.3241233880156273,-1.3249752458347517,-1.3274362712289354,-1.3291704089805985,-1.3304094532014332,-1.3320049149838504,,1.1554727510315337,1.1930364339146946,1.1914457435234336,1.1893666413916526,1.1884472791573655,1.186109515717598,1.186835435298847,1.1848880469149372,1.1840536667566628,,-0.3584260123165793,-0.36054492923086484,-0.3607344118727082,-0.3624200594599745,-0.3630603450652327,-0.3645784012318256,-0.3650580693702708,-0.3655468283499549,-0.367973388243152,1.0058639758364383,0.9420133206038058,0.8636762863332665,0.7358994169061942,0.5408875287760743,0.9874883247202847,1.0826793162170067,1.0961739250016138,1.1105819234891874,1.1124191625305546,-0.6480227223214211,-0.7795146214711611,-0.7629402330291811,-0.9111141387401328,-1.0765487074931575,-0.027348099166838835,-0.13525809405978687,-0.28731704233957844,-0.42418790812321305,-0.4925452494775608,-1.955214920914739,-1.9727395061770976,-1.9932441264381076,-2.0080620683279515,-2.019762729885457,-2.0308710528250136,-2.0557374508397346,-2.075623055656844,-2.090205012840124,-2.1043042675118033
,-1.1999508301022306,-1.2186386830214684,-1.2330038912316228,-1.2436909951906634,-1.2516487635436253,-1.2612058682832872,-1.2687684745167922,-1.2769002059013872,-1.2856657505847164,,1.1374183581187542,1.098189931347315,1.1012433395067072,1.1028262181544914,1.1029371858808745,1.1056301213846214,1.106457322671564,1.1087777414089328,1.1082209083175643,,0.3002091180619005,0.3061597899180797,0.31167536656798106,0.3175234633031889,0.32394078559279826,0.3294416232027311,0.33483420183468726,0.3408195371731002,0.3464934371428751,1.8014067185981522,1.759729891774042,1.7193216405032579,1.6864631320839627,1.619536717910159,1.571941562328261,1.5332325199443815,1.4189025955564765,1.3078022621501053,1.1905978236558055,-1.8456859893851925,-1.979287030570989,-1.964698159055253,-2.0972511746520848,-2.296157145956183,-2.438803026231813,-2.593177917720599,-2.9459584897327686,-2.925952141292149,-2.8946273024063496,0.5217314648515966,0.4875624769974674,0.45704820149449826,0.4319621317552175,0.4024591045048181,0.3770981589923012,0.35255547521651404,0.33631997985730977,0.32874399861073816,0.30875876905915445
,-0.7349715762712076,-0.7519322366151451,-0.7567093802165311,-0.761780075803448,-0.764897037289177,-0.7682666918057504,-0.7711948774929099,-0.7770954620365446,-0.7800207272327548,,0.5078565376591477,0.4671495682942135,0.46945224845350975,0.47493112768797957,0.47361673449856134,0.4765070362465846,0.47665634792822476,0.4773190561295258,0.4780605730861375,,-0.6908316350274978,-0.692695190663988,-0.6944258122726339,-0.6956794788852603,-0.6964602739225846,-0.6975155612766556,-0.6987988069871524,-0.700233824054014,-0.7012798335185724,0.7557070153642127,1.163570136746357,1.2088076707178779,1.226680386841163,1.2065683821069548,1.1953073167548598,1.1864319206647966,1.1156753627641924,1.0417028943794664,0.9394958900083389,-1.6835303496021554,-0.6965821394755125,-0.7159388578664404,-0.8524277739303968,-1.0419906517946862,-1.1873028918511241,-1.3338266358165387,-1.5802695620925467,-1.6181813093305675,-1.6559233885845672,-2.5141872941112027,-2.519171217996889,-2.522674613932392,-2.5367581305818088,-2.559916184346826,-2.561872790847075,-2.570709519495263,-2.57743467828558,-2.572383968349231,-2.5616896927716297
,0.7629159580389657,0.7411597548021099,0.7551937344023858,0.7630831772570185,0.7694093130486688,0.7735631390781642,0.7817457894523867,0.7837242794100089,0.7880625244141458,,-0.6215561497834573,-0.636501252483155,-0.6391228867515966,-0.6403415653534523,-0.6341482132807245,-0.6315403832025005,-0.6337339993152764,-0.6300586536355214,-0.631466705216812,,0.24062365229761223,0.23833992883872665,0.2358484388340242,0.2325953848358826,0.22945676725072053,0.22778385699951248,0.22512042743047517,0.22180192528349316,0.21891219288130562,-1.5325711406324545,-1.773531161746569,-1.2054190887884682,-1.1064772437755028,-1.077853695271014,-1.0798875347217454,-1.118899560813861,-1.1430497211949855,-1.2178883326311103,-1.2821547485395561,0.37171884477124384,0.24078912795257434,1.5907218380165742,1.4041710043667106,1.249189338282475,1.1200675273103806,1.0211028965340023,0.9653345197951666,0.7726513066328816,0.6295605078729133,1.2371828110647427,1.2704927072332484,1.3109491334759587,1.3257887410378342,1.3512329351218626,1.3599045768349052,1.3691369606954367,1.3860515987878907,1.3948414819367059,1.4055170221104294
,0.6709014681040871,0.6683550392373371,0.6781982333736293,0.6688484752608381,0.6803395920265468,0.6854776042446001,0.6926671047599143,0.6966000990170725,0.699685423677068,,-0.5170218475803255,-0.5224541953141929,-0.5204805155396308,-0.5249851369802508,-0.5256663217234018,-0.526757429237662,-0.5284492432393101,-0.5293149317929772,-0.5295807670897316,,0.3314963616257992,0.3292338565770288,0.32712712814865674,0.3245581059429108,0.32265012580530894,0.31995603298944736,0.3176169029419518,0.31356873844046523,0.3109358045812746,-1.1926778747001228,-1.311718014874362,-1.5137064509229359,-1.811569581875919,-1.229153773310114,-1.1237117668250383,-1.0905795289163591,-1.0557405257516927,-1.0694836291451317,-1.078354091368081,0.3649253348692943,0.24143547773839938,-0.19622457923710734,-0.3466115751548222,1.2503870925899399,1.1261558607254365,1.0181194519177748,0.9621674817554365,0.7749614186538502,0.6371631557111428,0.8333130740062906,0.8613598588176374,0.8951586154127518,0.9389727379744336,0.9867763012599735,1.0158251937905103,1.0399581555890718,1.0494676531675997,1.0622909774120581,1.0786521811355014
,0.5662605690908147,0.5801484750439118,0.5927437264922742,0.6048157672316418,0.6155799079270651,0.6241881419898152,0.6308041330523189,0.6397226158493444,0.6467351390041424,,-0.4695740825077856,-0.4450389325494044,-0.4453203637835066,-0.44508263610020316,-0.4409969577504811,-0.4399620631052561,-0.4413005919670582,-0.44389562300185165,-0.44294437402074627,,1.28583118359436,1.2841618596049975,1.2830624057895108,1.2816789811944953,1.281276236022384,1.2792121704368513,1.277797892672356,1.276264456539676,1.2745600382319255,-0.8641852550248087,-0.8548304158966803,-0.9384259851507797,-1.0265595870987316,-1.1439573090066812,-1.3004058497549387,-1.5165305721164812,-1.7676733948619756,-1.1801442679176832,-1.0200184593384776,0.5412523626200354,0.4234772581308789,-0.0976945770627203,-0.2543095495831358,-0.43656726302806265,-0.5649913154699943,-0.6873152160085105,-0.9005078874935997,0.9683181153474237,0.8202131404806285,-0.3942513832757462,-0.3563680556221807,-0.32374579355316113,-0.28216187540085813,-0.23239589662241567,-0.1844170717225095,-0.135073056140425,-0.06902033339633706,-0.021561643139197416,0.011061888928897702
,1.3769594318338134,1.3521535439425167,1.3476625195588416,1.3421572812631832,1.3383546004492348,1.3306349979529626,1.3288921194122876,1.3245305519429553,1.3199156286782856,,-0.49098755718545195,-0.5012882168374839,-0.5004537180792884,-0.4968926306368253,-0.49691176760876593,-0.5016481120457478,-0.4978198967877049,-0.4939997276622417,-0.4950006721748367,,-1.6372786598131213,-1.6340647830884787,-1.630308167787917,-1.6281004145056248,-1.6250811698292118,-1.621756056637195,-1.6177245245271934,-1.6153774520013602,-1.6119327463408477,-0.747850770026841,-0.6295187532128567,-0.5977987488068627,-0.5985571995786729,-0.6352016425557371,-0.6858578301370024,-0.7640784050588036,-0.8489781623992741,-0.9928762853170445,-1.1743095128062566,1.54976524522826,1.4223500724032057,1.2740130980426045,1.1017207819963941,0.9436828283331613,0.8246616906109937,0.7126041821513247,0.6244236356200108,0.45982703460513075,0.3342734425723078,-0.0661180329729475,-0.06555231058180296,-0.06967446644942558,-0.06986609296596671,-0.07005600986228708,-0.07086566480332988,-0.06450361511396763,-0.053431937092240145,-0.041808274757234566,-0.02890719677515747
,0.8110844683545947,0.8164716766326743,0.8319448169147392,0.8427931898451811,0.8502628550744815,0.8569345555227323,0.8644041032604736,0.8715545141144707,0.8769721194740056,,-0.6934304059477597,-0.6859087924870056,-0.6820453927420649,-0.6798532712344282,-0.6810815812021429,-0.6837483881991476,-0.681518874527895,-0.6781355020140069,-0.6839109454533724,,-0.5151303444042196,-0.5205334170261201,-0.5266597263207119,-0.5318016473024604,-0.5369195390033342,-0.542736010933939,-0.5471521964114751,-0.5535029781914163,-0.5594261742503901,-0.9151935376282223,-1.0876031225178717,-1.3704934059394576,-0.8388000727890687,-0.748556696121501,-0.7272493712435741,-0.7383055245047344,-0.745991669877054,-0.7949390179753897,-0.8364283324044298,0.3608427557029075,0.24557220009677827,-0.1873577986434613,1.4032691725081314,1.2517183975300998,1.12775053244467,1.021321839328595,0.9728833328823885,0.7807575783559503,0.6295187771597861,-1.5960267405065132,-1.5573638829623715,-1.5097041095926063,-1.4707688374387937,-1.4494653031141567,-1.4254731731311077,-1.4081635545977258,-1.3830365869052947,-1.3650639832871143,-1.3374948779952456
,0.0725106300727806,0.06828257700145009,0.05876235532622576,0.06553973462271935,0.06901463617543749,0.07057294667667172,0.07289381930613935,0.07737029589025801,0.07810433296944773,,-0.11683502207960772,-0.1339163781383521,-0.13547575024249436,-0.13534996895658996,-0.13264013560083507,-0.13423401804828403,-0.13298028312050955,-0.1318736262730239,-0.13023772392676,,0.512452713403707,0.5126942806547288,0.5124509101134043,0.511954260022693,0.5105663365829394,0.5100074863940981,0.5099257016683719,0.5085612225490918,0.5077148875380695,-0.3422715235833116,-0.4423761852672908,-0.5931741154380601,-0.8232539908762034,-0.3285135371449588,-0.2447901119227935,-0.2102487917104894,-0.1938140008862646,-0.20789623589903675,-0.21716269684253953,-0.018963930907447784,-0.14857933470667015,-0.4077431369248692,-0.5546414917520143,0.8100761640789002,0.6832009437508176,0.5804420542950327,0.4835345840378363,0.3135550974083801,0.21376141515244598,-0.3776491637392262,-0.3668748622946031,-0.3522690375998445,-0.332709014602498,-0.3019809078598865,-0.30713613324009287,-0.30038737486152833,-0.3006690190392003,-0.3014435872442201,-0.2959488891561382
,0.5847814683723118,0.5743651577891479,0.5794777071632564,0.571468080259999,0.5767745259068802,0.5798470836357417,0.5821465925108305,0.5861120047109591,0.5881132666497417,,-0.3922552221728522,-0.40994285879882797,-0.40937073462883705,-0.4072351709038153,-0.40662023727631075,-0.40862812136730103,-0.40733581850033423,-0.40573296986635476,-0.40836870701503963,,0.37427915098863473,0.37315925305001346,0.3707994839789,0.3685514017630889,0.36710314919953263,0.3655565673536596,0.36394335468251726,0.3625058446429491,0.36004609686037004,-0.8242636782146615,-0.9995232706107197,-1.2604116133357206,-0.6912217151834236,-0.6064450062055872,-0.5795657980581627,-0.5775718784834455,-0.5809322053350415,-0.6225957347368524,-0.6622732585515219,0.10121451448376902,-0.022049849521167664,-0.3369158709849776,1.1033496981800919,0.9460886592534443,0.8233785029431759,0.7199800635176746,0.6258483558484007,0.45675299552431525,0.32975207523460726,0.322577952238361,0.3433235258924279,0.36450338822887784,0.3909155970057419,0.40178869752133883,0.40648463612054964,0.40635152477015807,0.40804053973072896,0.41916407319843607,0.42152864248955685
,1.1207523199832428,1.0946674322817593,1.0875687752540792,1.0817012465664095,1.0773245037928687,1.0700117744896533,1.0656004000839023,1.0609604197256046,1.0548749764762124,,-0.5554845101114264,-0.5978332450096707,-0.5937699105204653,-0.590427536781218,-0.5884787381746716,-0.5863947175400687,-0.5819464549412547,-0.5814110736927229,-0.5842170198764353,,-1.4451481395849084,-1.4429332835812734,-1.441529649059378,-1.43889794254381,-1.437554755855371,-1.4358125956765562,-1.4344898599754714,-1.4338182860215223,-1.4313871556605648,-0.93702555738005,-1.1405536123074207,-0.6198998155335477,-0.5363510784641624,-0.5147350432334635,-0.5155482043838101,-0.5386326902322472,-0.5629364849771867,-0.6252612079273908,-0.6853693790924079,0.09610142215328707,-0.04480116588631013,1.2702022714359755,1.1083917803528511,0.9464217726819832,0.8116313007811942,0.710154832178474,0.6189403901895737,0.4551899685045942,0.3333028995752542,0.23000720463136815,0.2511517147083584,0.2790828581299456,0.28598809521030794,0.2860355764156273,0.2923263848227163,0.29068390963679774,0.30145530990598884,0.3094085819856703,0.31794216424326366
,0.747039628316524,0.7598137742185107,0.7757491427122836,0.7879019623972355,0.7955610583950793,0.8046967188244013,0.8165675090144292,0.8222612697219998,0.8105416517925293,,-0.6070263774768578,-0.5842662810629506,-0.5911672158034436,-0.5906100122086038,-0.5876323736502668,-0.5864323956800526,-0.5883568009474538,-0.5891660305094956,-0.586696505522344,,-0.6223902473477435,-0.6281797045627978,-0.6344007896208226,-0.6411244956473848,-0.6477602426084808,-0.653478952158176,-0.6596357186496487,-0.6662285093267389,-0.6713979033960669,-0.9081157093130982,-0.7738066737597035,-0.7627625703361334,-0.7740766786874137,-0.8193315860534973,-0.8841609065631497,-0.9791269194738653,-1.0743311290902708,-1.2442737647831437,-1.463630660817549,1.9651261066215737,1.8389781183257918,1.6046239231137582,1.3992980590029067,1.2504734902255705,1.1320963403407287,1.0390505333200917,0.9628183216186464,0.7716766262967374,0.6357154722386484,-0.29610097798194923,-0.28091380665538623,-0.2780514654393765,-0.263427567810054,-0.2564264291388442,-0.25133895110627263,-0.22888077836766585,-0.2116020441448588,-0.19297638806502332,-0.16615803455270364
,0.6082247105000159,0.6347677469292182,0.6531000841482586,0.6442190288946713,0.6642260037739326,0.6740656651946669,0.6867798475271768,0.695623729580877,0.705145879933026,,-0.5700290363656574,-0.5253429700390713,-0.5272667670822895,-0.5299273163943081,-0.5281908194209252,-0.5321917719180141,-0.5328463609484836,-0.5365071758011787,-0.5387254028853683,,1.1378484310107702,1.1361622720999753,1.1339730079720478,1.1323987477968571,1.130237542817618,1.1287665647876401,1.1265984489033474,1.124873935716642,1.12381184914747,-1.27664313759436,-1.1953292985275439,-1.2136848580677053,-1.2531902995636182,-1.3292008809112192,-1.4386601126799503,-1.6025921576408533,-1.776964599259508,-2.0981472253841176,-1.3855229423820616,2.191358418791399,2.08169677910644,1.7686175312246042,1.5733871106425517,1.4358156281198455,1.294889371002889,1.2091398013066545,1.1628511095926761,0.9709667848831083,2.678989296518302,0.5631913364396686,0.5744884781021242,0.5807342901121103,0.5881096640226574,0.6069584539993572,0.6281626683744519,0.6428602665850266,0.6627467739077398,0.7046120077535583,0.7343651880280334
,-0.9156582626811578,-0.9316583132666059,-0.937228120299407,-0.9423343165662155,-0.9450517259089093,-0.9455350467447932,-0.9496869575788826,-0.9517918223310613,-0.9569493139330145,,0.6014442166796693,0.5598116584046877,0.5622082862282345,0.5646536591347324,0.5673426603239954,0.571435047458078,0.5691473119332912,0.5690495526676338,0.5680501010525929,,-0.6873638105982908,-0.6879387270600594,-0.6892860376760437,-0.692333831598826,-0.6933219885363765,-0.6944895990853862,-0.6955759800621119,-0.6968230876226333,-0.6978554219293112,1.2740891389254565,1.2833496350937537,1.272920021212608,1.2608534386487857,1.2059747386398614,1.1597777599381693,1.1069260637176521,0.9781003022596031,0.8154925912024635,1.2284054060815393,-0.6520808492565062,-0.7789348394795567,-0.7495982958435311,-0.9139729047843247,-1.0920526503745915,-1.238329245893523,-1.3788198181906823,-1.6175055299329018,-1.6805847368674454,-0.49821734341996743,-2.3791022155657506,-2.406353408976228,-2.418941462522766,-2.435114447468821,-2.454960476891758,-2.4738030762410532,-2.4774916929690636,-2.4823531359824083,-2.480312547439881,-2.4831565683610246
,-0.5591439449177468,-0.5580232483297987,-0.5640130164861117,-0.5591201023760813,-0.5562101318655265,-0.553474118391704,-0.5521968985486383,-0.550606350768689,-0.5504288622854251,,0.31024051823815674,0.3066780243510119,0.307046947228779,0.3065238062399454,0.3081578903061745,0.3058604765115038,0.3069614867955771,0.3042724063819438,0.30422340747134535,,0.5279511987255957,0.5270900392886055,0.5273404087221705,0.5277546326610837,0.5274068505698245,0.5288133272057034,0.5277441379790259,0.5278095821687043,0.5276689068022465,0.5892362519955217,0.559400732568948,0.49473939952548834,0.4228458648432116,0.3107506833480643,0.17704803069252842,-0.008954789730480056,0.44546330432689313,0.5265886903475715,0.572296156887875,-0.23723633605310443,-0.3660041252754433,-0.5226266935752889,-0.6819035887607523,-0.8601493882022014,-1.0063677048219246,-1.1413884613780452,0.21400112874159624,0.06312429133368955,-0.03820189738182208,-0.8941890787766312,-0.8978255040243812,-0.907438776810531,-0.909864511525771,-0.9064574940010721,-0.9009570287102386,-0.8804103900231417,-0.8733287878013176,-0.8722058961668055,-0.8734436189440018
,0.22734929681571062,0.2129149553799388,0.2161742883472495,0.21730129744821966,0.21680596258966503,0.21917813821708496,0.22280755018854612,0.22096250956637498,0.21498271607239947,,-0.11945063212867035,-0.1388120137630669,-0.1369807183617033,-0.13741600951438937,-0.13697020586894013,-0.13365910111424784,-0.13300935940518607,-0.1382842020010319,-0.1354134753550943,,-0.21305819087359135,-0.2148246893289126,-0.21791437142671596,-0.22092434151821966,-0.22285940729802406,-0.22530417386348275,-0.22793329338326515,-0.23043201246690423,-0.23134297965190237,-0.5461628684765031,-0.04527489068983234,0.03278540011986527,0.05860737480765556,0.045918576836074886,0.02410633395943025,-0.010177933595695337,-0.06383454952267156,-0.14486563270870273,-0.24065937178447572,-0.13111684459658088,1.0792209022109098,1.0176791508622631,0.8486756893164324,0.6725884835565966,0.5505962181057574,0.4444450985907029,0.3443346928645529,0.18849368374909586,0.08026964631646191,0.4289732381108319,0.4371754078634601,0.427400974456276,0.4206896097107884,0.40452899320168006,0.39674053995926745,0.39000511696083434,0.381164259974839,0.37829464355908166,0.37894434721645104
,0.7893630114276347,0.7900748981153803,0.8012168170557377,0.8106288483939202,0.8177284844929719,0.8219753703783493,0.8111076484623468,0.8218336551199217,0.8264098149326654,,-0.5727647271522173,-0.5674107108713845,-0.5672856322477628,-0.5621541661485439,-0.5588291971973323,-0.5637796660345381,-0.5684989600821698,-0.5665849041190234,-0.5666758914255039,,0.6423624750841758,0.6400925103707863,0.6392106300579199,0.6351912971329384,0.6330625429376019,0.6320191323364062,0.6305692286839661,0.6281627722665244,0.6258076392368876,-0.9075761003184554,-1.1591175214607494,-0.6145735423129383,-0.5291030510368301,-0.5167152943729303,-0.5249768457857785,-0.555574369744401,-0.5921751140899723,-0.6642793853740178,-0.741172745435537,0.22823847756743187,0.09725939910891489,1.4161515368218216,1.240437865244427,1.077854447924335,0.9714558057434078,0.87033631240827,0.8021081069957255,0.5983718036730751,0.47243299086412033,-0.167566423252899,-0.135136484574151,-0.10620414625132128,-0.09550868493061403,-0.08704581996215609,-0.08023507016688988,-0.07371251246589398,-0.06877909490374581,-0.06257230711736483,-0.04169430309069857
,-0.5951973867610566,-0.6177134036420403,-0.6324825886707747,-0.642626077515696,-0.6508507949571748,-0.6596903032819724,-0.6680027419207332,-0.6758187239115178,-0.6831412156441871,,0.7764263025398297,0.7481886962934583,0.7447089587571535,0.7479700966635122,0.7508312389789905,0.7550022577358637,0.755791163668457,0.7561809416066797,0.7578558157675271,,-1.3455135810790526,-1.3422759443944523,-1.3400686586118273,-1.3369690507684007,-1.33372277884364,-1.3300715497304563,-1.326987108567353,-1.3237613056482678,-1.3205978893178072,1.4000767282152178,1.3713943397217085,1.3368209357423528,1.2859793580033554,1.186584199268009,1.0741163430352818,0.9424426623139335,1.33304115640446,1.39930560420536,1.4270323910438347,-0.7940311909631669,-0.9273954004925834,-0.8525345441841676,-0.9928736018814073,-1.1796253284764642,-1.3249987309282343,-1.4668547255828184,-0.480033317988634,-0.5918356962226701,-0.6650168919088051,-0.3648536795053986,-0.3937900268355189,-0.4204343168664074,-0.45679354957875246,-0.47964753968331536,-0.5041767517126395,-0.5197246867543563,-0.5337301585301483,-0.5665851855352899,-0.592285667882106
,1.486604306090934,1.46522658454832,1.4541550460459913,1.4481863556630352,1.4411750329852202,1.434750310518788,1.432139507226024,1.4274014862976416,1.4230516584041355,,-0.7170785778232759,-0.7589899074331351,-0.7562187309883543,-0.7509069633320595,-0.7519729849926269,-0.752522008652635,-0.7503646618853456,-0.7511352149421879,-0.7482126370309633,,-1.5723078455236628,-1.568889461266742,-1.565660698522778,-1.5624747803512091,-1.559012053317164,-1.5568502420057437,-1.5534637292407651,-1.548792007239165,-1.5458209417862911,-0.7684499390537812,-0.8494757307726993,-0.9940205037364722,-1.1991268279442597,-1.4978098254603702,-0.9155624984052824,-0.8161501961785572,-0.756457092505045,-0.7417742456998443,-0.7229246730320018,0.22051347354901163,0.10097498023902955,-0.27786039995922623,-0.42695477482215705,-0.6170884656619776,0.9698581178851369,0.860780232606846,0.7875353159952915,0.6013778294793737,0.47348940798795486,0.7691536862332874,0.7903732483415764,0.8159133577423602,0.8474416157584803,0.8851049382607512,0.9154270489731376,0.9326281989397448,0.9500649901025612,0.9574982430864027,0.9625105691739542
,1.3189594459356808,1.3129519961914857,1.3065503844964226,1.304809205472531,1.2967069935596693,1.2940563379302128,1.276491721505917,1.2780843147518004,1.278390145362924,,-0.6984193579266702,-0.7142618309289517,-0.7124732014608401,-0.7114206400173532,-0.7088976927418499,-0.7076142819345709,-0.7112548816208027,-0.7094591786754073,-0.7096931189196238,,-0.809557612911879,-0.8070386737022738,-0.8030504702686762,-0.8005308604413566,-0.7977402595809105,-0.7952490483748039,-0.792465520567468,-0.7888811808724894,-0.7857369407420394,-1.3473876531013431,-1.5133140283270898,-1.7846894885068236,-1.223531291234977,-1.1253740346196197,-1.0932395106318304,-1.0983339363135394,-1.095348435219105,-1.1379364308830007,-1.1758927789473168,0.372242164552069,0.2553939226894515,-0.1969778916058803,1.3972958578098544,1.2541668627539002,1.1004364345224222,1.0331085102741437,0.9529416168091092,0.7726339394316786,0.6289723970671518,1.0014837485962735,1.0353074231915445,1.0737952477990913,1.1161508018854487,1.1377482894774718,1.1563841106597037,1.1753711641345082,1.1821026311821343,1.1927617813296794,1.2110639977368631
