,0.2130795324412768,0.2256057047356169,0.22601783600500358,0.2290245397531791,0.22983950528853642,0.23179825177310762,0.23210469558511823,0.23238015499789105,0.23714873685441681,,-0.3655734622643813,-0.3646359505438071,-0.365608837489387,-0.36514763509851406,-0.3659263346882847,-0.3580393111696146,-0.3605352904669882,-0.3584765238265411,-0.3574095663299473,,0.29918288923096614,0.30102822383113564,0.30158608836380996,0.30298153540637485,0.3014795215489095,0.3003957383062864,0.2987309649457312,0.29872137294302814,0.3003453697843823,-0.7996887716930642,-0.9491902564173382,-0.5906244192860813,-0.5687654255460336,-0.5011474392756744,-0.5421581872784385,-0.5766977349921424,-0.5545457208026308,-0.5960518156516559,-0.6719999716965991,0.11920989048547356,0.049336261000885916,1.0232700144632578,0.8403416860981089,0.4332002468110653,0.3829841389984708,0.3230791370515735,0.510398138615585,0.37652313547888433,0.26304977755330156,0.5377657165028443,0.5600977166611742,0.5978721573364293,0.6170021695223533,0.651307180733672,0.6778743091237377,0.6684143857688818,0.678690061978961,0.6547680303931437,0.6473641618352375
,0.18623322180210827,0.19619104205295046,0.1959242141925785,0.19678237174177626,0.19776778147244328,0.19959026330260154,0.19034212332989922,0.19662444168501025,0.19970091835909093,,-0.3589331506643833,-0.3726519328618763,-0.3666828808714939,-0.3685152287779388,-0.3690170286256777,-0.36869127009549224,-0.3695641936800836,-0.36681318624106657,-0.3709110119446866,,0.11378546456659801,0.11414634703401014,0.11315972682408061,0.11248983820773113,0.11262709491534181,0.11021960385469906,0.10915514318613383,0.11020322101811621,0.10914607391594472,-0.480876781952738,-0.5298540267715228,-0.6630257210039805,-0.8730411059787142,-0.48794873881308015,-0.47308601848382437,-0.4670447662251055,-0.4158297993073468,-0.42550689865140584,-0.4572832514572094,0.12826328095883896,0.06486607336288823,-0.04738524871763374,-0.09464033088720236,0.43930451563632983,0.3836891135875823,0.32485473723182406,0.5014055447993911,0.3727434157143454,0.2690081075831668,0.7646476712561884,0.7771165635758968,0.7994249460477305,0.8280806400701731,0.8884492968276223,0.9299222748664547,0.9193101761908614,0.9287124953296135,0.890612179204848,0.8774275732834036
,-1.1018673086913857,-1.0639121889284837,-1.0598499645225763,-1.0492774113401355,-1.0379890940244771,-1.0351196191053225,-1.0277544335342317,-1.0182360713857388,-1.0073100040305722,,1.1466428414436867,1.2781428881945527,1.2808526070932809,1.276770058739998,1.2596360560338062,1.2668991458005574,1.256924763404613,1.2607959673689422,1.257915910061973,,0.7970228755676456,0.8026650151041366,0.8066085082478012,0.8108705636847631,0.8109892447873291,0.8107427282393107,0.8109687915727541,0.8148557678068544,0.8196014102142788,0.2709980194756922,0.36114860505227203,0.346885439822804,0.31842022258481784,0.3367755276635092,0.2688164523347361,0.2662976485319271,0.2182834863101446,0.12147813148449745,0.00499500531081081,0.6435458585568802,0.5594143081179332,0.5684154783846737,0.4490460439595759,0.057586334971483646,-0.0009965411634451876,-0.04700524718562779,-0.22362328437348306,-0.2844808321640761,-0.4022612578186172,-0.28538435458975636,-0.30249836391074203,-0.30669304685200277,-0.31805635274103344,-0.33795503507213775,-0.3656877041503078,-0.3915800113904265,-0.4134680277032715,-0.4260495588719211,-0.44213705264585484
,-1.3989124365717114,-1.3936978879128363,-1.393276699942501,-1.3898962429352721,-1.3851227561693453,-1.3867940384714659,-1.383171227106114,-1.3732407479488227,-1.3663623163174161,,1.0697686987804182,1.061470445385855,1.0684597247060488,1.0645496632533111,1.0529325468039228,1.0617604926977928,1.0582645170274507,1.071449737538443,1.0716750898322362,,2.0697913666875802,2.085031988067647,2.0999925131591137,2.1099952444771115,2.1119116674913823,2.113996234952133,2.1178312260599585,2.132717752953137,2.146904558001251,0.6527384248635834,0.9060347588926253,0.8915978497473382,0.8730225528418202,0.8823953153871696,0.8205139980885798,0.8702521910453487,0.8099705927222125,0.7349550170273822,0.6728079318135767,-1.8335211654282857,-0.9260965542208627,-0.44365325919546084,-0.4414953623402052,-0.8075829517207518,-0.8416440648451307,-0.887876895774217,-1.8224212877807517,-1.7652398662743665,-1.9068301182901153,2.0759619153215985,2.0272567769505287,1.9936283812419595,1.9586653965613863,1.987622554591992,2.017338631364734,1.9549907041257117,1.93485861847211,1.837707496137509,1.7790526133247409
,-0.019808710617684112,-0.02465704715519296,-0.027416460997269188,-0.027574409831796754,-0.027395691987504068,-0.02890649358439423,-0.02956910427425516,-0.029841961274073042,-0.02633397991697879,,-0.14589482691951608,-0.16757246901943387,-0.16838471839390962,-0.16545476669220383,-0.16609537179842218,-0.16090097539095446,-0.16066768501282216,-0.1588594104198326,-0.15927519324182635,,-0.5089965780631927,-0.5089995796779526,-0.5111972650171129,-0.5129413566999786,-0.5119048414574213,-0.510170930474123,-0.511017697989467,-0.5125433679684457,-0.515248932724529,-0.15459319729505652,-0.09968340962916863,-0.12225727918318449,-0.17071444346546844,-0.1571676836460704,-0.24143998965107472,-0.30801799756739395,-0.36131467421796465,-0.4855478053376311,-0.17674252323656586,1.0333769689989576,0.902557651493982,0.7814473346116659,0.6280187535700175,0.22420122347192054,0.17378975321898582,0.11768725529699506,0.10873077489258415,-0.002201719132516427,1.2866659945744212,-0.5007558292826298,-0.49950107398083154,-0.4915699701756266,-0.4804785290012771,-0.4945415361348896,-0.5142000621080143,-0.5137497812853059,-0.5253991678916344,-0.5151641799084429,-0.5145874263629213
,0.4602536839639486,0.47214050605297514,0.47380983747404276,0.4755304004926496,0.4759183406924569,0.47798409985275014,0.4809382094282729,0.4830343376778535,0.48312474757517404,,-0.7079353329729235,-0.7263316404232466,-0.7212523599982656,-0.7166197555655679,-0.7146905659063504,-0.714721357005301,-0.7109786532171647,-0.7034192590201045,-0.7172981837696023,,-0.5537518345210282,-0.5587882213719779,-0.5640302117670549,-0.5659153948156076,-0.5663364807631309,-0.5691966079846454,-0.5728255903428213,-0.5767336354204423,-0.5812402653786066,-0.8162320030082733,-0.7065214462271104,-0.7118553370623016,-0.754416011267866,-0.7230052604557605,-0.8008802475810445,-0.8969469929448205,-0.9007154614674902,-0.9967070900714075,-1.1710383796227841,1.9876942768729429,1.7752178078457672,1.2534131964362765,1.0302962082137233,0.6189823442714842,0.5693748848280222,0.5097780141675644,0.8643841091808075,0.6960411235046323,0.5945543119461265,-0.6884845086037992,-0.6583010374031736,-0.6256402658277902,-0.5912893987090352,-0.5857015041366367,-0.5903856593603559,-0.5661007415821739,-0.5572672691372798,-0.5287838855533878,-0.5092257218023383
,0.18528093070390275,0.17874971513417443,0.1566403613274788,0.1483383680695683,0.1386508929976593,0.13190364142446148,0.12157415119904795,0.11517608334940041,0.11005682809170704,,0.09298604224584321,0.07229065889022016,0.07722440135154368,0.0788187378672437,0.07457014495151093,0.07712262658623896,0.07680771939426526,0.08281658966132534,0.0822413558592117,,-2.1059420499699586,-2.1089509955063424,-2.11346100585542,-2.1110758952180526,-2.0996102653493987,-2.0916064675626167,-2.084027893787182,-2.08513970587355,-2.088789238949555,0.493430889256396,0.5740767229227329,0.5375767953330607,0.5005954926329913,0.5049139771334682,0.42869099668445515,0.42814157647960344,0.3632606439455127,0.2568628745293518,0.1402404650276943,-0.49487503808501077,-0.5093411704796531,-0.2782263483120656,-0.2943978217252604,-0.6595381625408758,-0.7029797109839562,-0.7565487925233041,-1.5592604640058139,-1.523569984674744,-1.6636823944078398,-0.722771700670699,-0.7166495453827817,-0.7017609499932244,-0.6897640402649197,-0.7130937335150274,-0.7393644764121688,-0.741405492118268,-0.7588019901032387,-0.7389126970163938,-0.7354405845582427
,-1.0015978967839736,-0.9803797920219772,-0.9812605555042692,-0.9725108704519181,-0.9645292048075808,-0.9621327453228129,-0.9566058213483877,-0.9468217390258288,-0.9376878445902834,,0.7207234446404619,0.7583984160514876,0.7611233620975004,0.756548723250237,0.74484731345639,0.7511328099741956,0.7480370887211523,0.7545779068549836,0.7522420058125688,,-0.08359353299310396,-0.08177735982500912,-0.08109366570203741,-0.07944532538535277,-0.07838270979628328,-0.07864180035443975,-0.07713211842830055,-0.0750932389959017,-0.07343950859281943,0.3950499758437665,0.480662651492522,0.4641216993355446,0.4390513918743931,0.45678375889381867,0.39135092017825474,0.4012454224941631,0.3527453819138576,0.2642586194669253,0.1551318815957996,0.5121461363479531,0.4223358220521464,0.5109154041182344,0.40137748417145025,-0.002363968611782381,-0.048549310536947596,-0.10665442751785104,-0.31063540322552496,-0.3757085107212019,-0.4998976185659222,-0.813491495948896,-0.831219747976179,-0.8331186936260587,-0.8359207556781167,-0.8794108411093463,-0.9285227196892077,-0.9446237655727147,-0.9786753513879414,-0.9740527164807561,-0.9891541598920516
,-0.4621309176404294,-0.4608176793819822,-0.46912208367367736,-0.46808218785152644,-0.4659883037345099,-0.46861264055304075,-0.46857289694464954,-0.46593585673333704,-0.46332459861770336,,0.3709884728179416,0.36762008746725255,0.3709370726968597,0.36782107569152583,0.36288701202973594,0.36588272265831645,0.36578589705009196,0.3725173282409755,0.3679367562794135,,0.13705246291202738,0.1411339529934521,0.14267914838272308,0.14466449633805092,0.14678345358912392,0.14714755604894417,0.14847907495676407,0.15102541847657222,0.15371171684331422,0.34364892513182016,0.40252710942588904,0.3723194668095403,0.3333275940713859,0.3372833268904743,0.2546035756206747,0.23013901086422175,0.15356524269526417,0.033122091012139476,0.3143008264809101,0.6334789076002335,0.5308982077621373,0.5665130334028012,0.44293492427003467,0.050232954037707715,0.002075751927032305,-0.0515694407232357,-0.22118805997886593,-0.28946278567099126,0.8319254578356094,0.038495229604354635,0.013314444659228389,0.004463709317365294,-0.00597788913524321,-0.017555147027706334,-0.033108236336249,-0.054255232218979724,-0.07362572513077102,-0.09695805638794071,-0.11601811369293805
,-1.1310184166649668,-1.1267308507012685,-1.1242586998151047,-1.121919419602574,-1.1157840594203605,-1.116229615548414,-1.112370849972425,-1.105316582491703,-1.098366024274074,,0.8599433568154462,0.8658198637816827,0.8689252290034929,0.8641580606208737,0.8578064263780918,0.8638660416529549,0.8607384022670937,0.8707281249009493,0.8686861649268673,,1.3726803484769279,1.383712326887514,1.3934674397891151,1.4004476470722655,1.4018233094642547,1.404233178687049,1.4075300018360168,1.4175093248189004,1.4276210572386347,0.6567370382763162,0.9292925106309189,0.9116516221530329,0.894293682773921,0.9053835536181145,0.8457231014540331,0.898161194012527,0.8358366413110929,0.7597229920599047,0.6937750641810866,-1.735566868470179,-0.7578385837476761,-0.38126271767744907,-0.3830719196198978,-0.7485112707716397,-0.7876106494832967,-0.832704960472237,-1.7174723615720127,-1.6608510125372593,-1.8135682410975686,0.9516065139816967,0.9256481275638729,0.9079136384200877,0.8873689235053576,0.8974723760156688,0.899187286407313,0.8576861717310998,0.8391904596443475,0.7830287756488385,0.7406159355800003
,0.5348342612007301,0.532168854748373,0.5152021881157325,0.5090054192917304,0.4963593529793485,0.48867508985388125,0.471999147115666,0.4675925999591143,0.46331705019573005,,-0.3583984457608071,-0.3872327988621195,-0.3872684055281073,-0.3811986115911687,-0.38262246007601025,-0.38376847819172544,-0.38485478452451044,-0.37676722616606584,-0.37899149539466254,,-1.4017032283302935,-1.4022781236771147,-1.4036600156438905,-1.4010171978195898,-1.392171785079108,-1.3856386131726977,-1.3798533510912592,-1.3791782518783828,-1.3802152788285107,-0.2629739234738304,-0.17059423828702633,-0.17799319639742894,-0.21271166395858676,-0.18618792675622384,-0.25745835305137965,-0.30217307424845014,-0.32448134822383873,-0.41418612541376937,-0.5467698442476704,1.192523304979124,1.046830410704034,0.8530671313364738,0.6934534687954176,0.2882109929690012,0.2379860432969519,0.17925869497209218,0.23464698848507745,0.11284989320507527,0.0051081727261366745,0.5997571315870752,0.5920672895899625,0.5895176057843539,0.5974055594654213,0.6166802917543062,0.6293955114301574,0.6163176200427355,0.6132636544364123,0.5863988439922148,0.568266994040174
,-0.13731962686492596,-0.14256767791926636,-0.15448100106504398,-0.161940607150424,-0.16712789270218523,-0.1737059093218094,-0.1840031438523607,-0.18620253279137436,-0.1873796236057267,,0.3197682273840647,0.3158542288684531,0.3198973798958189,0.3204095404716993,0.3192385064805096,0.3213074235297163,0.3169434714309121,0.3180386008994942,0.32117744875905085,,-0.6642729312944688,-0.6596295195760548,-0.6571161227957694,-0.6516874430882275,-0.6446700414963834,-0.6384242732688009,-0.6326081402115801,-0.6283824712910027,-0.6242435167996229,0.3980613029801705,0.4831487782072766,0.46701617275694274,0.44354954566259636,0.4601587469770686,0.3942220539303287,0.4061606691958922,0.35937895653352414,0.2745637591885488,0.17997749570889404,0.5175291364728352,0.42673633708665976,0.5123575527869674,0.39091561888055504,-0.004554403195207828,-0.044621089239309075,-0.10051356219043053,-0.3126550276837809,-0.38011982212658035,-0.5014537612477246,0.24840639873258794,0.22332290810911162,0.20752017541803383,0.19286229222348109,0.18607797604568102,0.168275702155481,0.1430492067789195,0.1165184164234148,0.09117371659957946,0.06082022462676745
,0.17038548654968902,0.20254440434079574,0.20599177843603336,0.21200101892525414,0.21642436096507267,0.22252571808257726,0.21282279667803322,0.22315527842123517,0.23129646513606877,,-0.44047391152966336,-0.4064414625350975,-0.40366330778523213,-0.4089157687177459,-0.41620533876030047,-0.4152958946945155,-0.4131181664468095,-0.412523865243374,-0.41545940265044673,,-0.6846790222943816,-0.6880100906069565,-0.6945633299076917,-0.6984584978819209,-0.6992284406508533,-0.7021149033414011,-0.7040302140355166,-0.7091377905115892,-0.7154644196754375,-0.3549094883892068,-0.34702026630913685,-0.4361051158270698,-0.5405679093894518,-0.5747302853509777,-0.7302900146004121,-0.9333922289793329,-0.5453790264402493,-0.48137047754949513,-0.46438285222085585,0.41361504285188627,0.3197910683418248,0.07201966970103597,0.008388921191812778,-0.37850857084624145,-0.41613163544799614,-0.46718294957184153,0.8613114896662107,0.6884791653724306,0.5903146031293741,-0.3735434314924647,-0.34398670295463685,-0.3048106865129221,-0.25740610549341303,-0.22111014122698644,-0.19581756374430928,-0.1534246767490436,-0.12214948770333874,-0.1082890209502769,-0.1061558446351501
,-1.328482373058586,-1.3231905415757457,-1.3232152091448834,-1.3217053124041251,-1.316165940121115,-1.318265477258742,-1.3145648387743298,-1.306115352372271,-1.2988060057573438,,1.0049559544538191,1.005342734442046,1.0071189551428859,1.0040741610114952,0.9926428000369084,1.0023209567487632,0.9977783025106282,1.0109343912697304,1.01196898005804,,1.146813050122867,1.1576433338700038,1.1669357868183674,1.1743618173641548,1.1773946647226496,1.1794650696065179,1.1822947906977814,1.190971385953691,1.2006905041378675,0.9310431301917903,0.9256958260909485,0.8177067343681234,0.7103119179113655,0.9196601659325073,0.8898305587590241,0.9712087156284998,0.931097823727659,0.8858791026085184,0.8661777391685546,-1.822050571345615,-1.7168737371836331,-1.1290134545662749,-1.0259215669565698,-0.778876858208059,-0.8300149898130905,-0.8801806838766865,-1.7933588486307015,-1.7356847339320394,-1.9033197226438012,0.4966755261774195,0.4728457161874101,0.4682007977869988,0.4539044876609492,0.4535948740539551,0.44692387129129474,0.4113824960258055,0.3788944865690229,0.328216907936334,0.2943388402525951
,-0.3217252115442322,-0.31973929144873403,-0.3241314235723664,-0.3200367590863517,-0.3206342898251125,-0.3224741110308126,-0.3205247833947916,-0.31831393349795123,-0.31530644555493137,,0.2519247900615919,0.24979772160650418,0.2567689976660211,0.2566745901910776,0.25292144869022226,0.25777485722691545,0.2565389195969292,0.2644009811321845,0.26070328715536073,,-0.7137456351524282,-0.7154640719356576,-0.7182984902185096,-0.7196081850603185,-0.7179918261816413,-0.7176704218950362,-0.7172291181044735,-0.7186202220638678,-0.7212287207616119,0.2928111883666638,0.29296299283421817,0.2097934538461686,0.10527422811663885,0.03582758767220221,0.23839987998015597,0.31341618969628693,0.33268027357036506,0.3162486536476914,0.3055757815932011,-0.39971947963139326,-0.42268206368158306,-0.24120954823340301,-0.2599347250944888,-0.6302818079829333,0.05995632739595662,-0.0007622204954855921,-0.10835920891080499,-0.19389240633250626,-0.32506868701648056,-1.397871410212324,-1.3831523469490363,-1.3596137267223292,-1.3366601290700928,-1.3625928834799683,-1.408865297107338,-1.4005081571575482,-1.4222235763160385,-1.399140207613422,-1.407665028464794
,-0.11795208785180229,-0.11023302129076891,-0.11135023526912485,-0.10971457560108146,-0.10814620881818088,-0.10849852025409114,-0.10688065727417685,-0.10484081693701967,-0.1026807409406923,,0.028593896795213954,0.030281381378689284,0.035626682391811264,0.030663116352922987,0.02876043149181085,0.03097224943529527,0.022440175878866778,0.03098510749611478,0.028402830297615405,,0.2580413521176174,0.2600603619556197,0.26207601948667375,0.2637544564587051,0.26397522436294635,0.2639671499184584,0.263363035804408,0.265177605811899,0.26734800822780214,-0.030013783228103563,-0.026777116113858034,-0.10542177604946007,-0.2074647764044312,-0.2584571402148201,-0.431911270768889,-0.14073558522816176,-0.06364869895303668,-0.05484415781628773,-0.056388903646107734,-0.10757129522652296,-0.16262033719958585,-0.13373583516983323,-0.16750573060385104,-0.5431083567317905,-0.5860202036227947,0.18256892135374692,0.23034168504116295,0.11815754297047189,0.016774096699433957,0.015525731496618659,0.020892223745574652,0.0398978189781972,0.06231044444002437,0.08594144191976309,0.10944229751581026,0.12493689202160645,0.12087068441574761,0.10489063697685508,0.09119348178445152
,0.4953175647955411,0.5155367800001597,0.5185317923263834,0.5218558709870921,0.521653566899848,0.5237018258085565,0.523199219484193,0.5091835864123101,0.515909369167822,,-0.7353627621826884,-0.7387154193419272,-0.7307718376190798,-0.7290727273069462,-0.7286946083960038,-0.7339907621203261,-0.7317597906492894,-0.7346861355830409,-0.7340922706492603,,0.21603423947545886,0.21545345352349737,0.2148249475216467,0.21264726700694425,0.2111594108212469,0.20798550949802538,0.20622600733894217,0.20489726789186125,0.20517211448072048,-0.290677381500269,-0.3285717367103249,-0.4547774541457038,-0.6345243941932043,-0.30564868754166635,-0.3025962443556613,-0.2914916369559485,-0.25645870430737644,-0.2751933933266775,-0.30688141369245603,0.11246148165739804,0.05186396319973004,-0.04176701808663991,-0.09349718492983218,0.4339846379582799,0.38301127085587305,0.3266231607738927,0.504903850772329,0.37668379398470603,0.2627782119941509,-1.3019400153671452,-1.2584268549574011,-1.2200863486492,-1.1538710095126312,-1.1592901427380518,-1.1712917385856532,-1.1615915527828873,-1.1785728774448405,-1.1458501651538922,-1.1253601666468815
,0.14427866380170898,0.1686559968250336,0.17317461297965023,0.17748109469614384,0.17004122551866338,0.1799973880011361,0.18371535878698794,0.18885975022085208,0.1942122481967381,,-0.328027415990565,-0.3026650918357989,-0.2958975871212004,-0.2972001092200664,-0.30115860337875744,-0.3002499672556532,-0.3015751754537679,-0.29849521366977333,-0.2998439155691668,,-0.01877661741350479,-0.019948260392834392,-0.021682561044960563,-0.022634362144872747,-0.023201404551970183,-0.02466037635339724,-0.02785501501840742,-0.030324272476979997,-0.032835801566498,-0.5260331812737701,-0.595703067580354,-0.767131803215593,-0.512818877822796,-0.4163176134348831,-0.4428543395890131,-0.45681600091828517,-0.42400248364704546,-0.44984274130831176,-0.49422074016342876,0.2604010225240213,0.18116559136901306,0.007182457455989489,0.9347902260354978,0.5206908660202758,0.46657426792781836,0.4144924514096788,0.6712553327861762,0.5223008514737589,0.41545032916156666,-0.15913372013376353,-0.12952756676214094,-0.09311931334248032,-0.044734120500822865,-0.02448557252916178,-0.007888279734134623,-0.006314338845880856,-0.00771446579965033,-0.006708754356157142,-0.009946541901912293
,-1.290866004275846,-1.2861153688856601,-1.2846817679522862,-1.2820417022004913,-1.2747422126113688,-1.2781700548021868,-1.2750290739538248,-1.2673033478948552,-1.2599499082862233,,0.9715055214217992,0.9650311400052968,0.9712550171533686,0.9660437093892469,0.9611363466052271,0.9648413284266988,0.9617971401087079,0.970418864844579,0.9701375974721924,,0.7669935876909039,0.7742334705757398,0.7814051392998819,0.7874296050164507,0.7898995697574441,0.7921332094662763,0.7949107142332451,0.8016725285501372,0.8098315979287628,0.6407582552992379,0.8933223950596999,0.8767140631586028,0.8585003657815602,0.8702441391137818,0.8099100217129789,0.8610603638894002,0.8029245624424374,0.7304752437589972,0.6715793829820379,-1.809499705817102,-0.8804002185090831,-0.42602888905452374,-0.4269933074561109,-0.79258988424332,-0.8281730402618112,-0.8765128000688202,-1.7926220684995091,-1.7420549240609802,-1.8815237419610826,0.26321489724433617,0.24043783062958818,0.2222768663138041,0.2061285828896027,0.1907366602077616,0.1757107538095015,0.1417848576268741,0.1134412484657834,0.07717537978624579,0.0437214245759599
,-1.1247944020851623,-1.123077478519133,-1.1221281116711612,-1.1204524527642743,-1.115773284624551,-1.116757793605251,-1.1148962368301698,-1.1083618156918686,-1.1028476057760892,,0.8448206093722863,0.8399423027815136,0.8447841916637681,0.8399293320801011,0.8316018788127794,0.8399213594549634,0.8349829953112156,0.8448309531753525,0.84129718891821,,0.05320480953564836,0.05643261468378019,0.05897138242441548,0.06205413661387667,0.06547112290141864,0.06703802612035638,0.06945234936956216,0.07335856231710515,0.07667729030212331,0.8146861370220307,0.8571097050705017,0.808019371809557,0.7660799747258652,0.7573050395474621,0.6712435318236282,0.6744924367897253,0.577778818470804,0.7452356534933368,0.7721479425039192,-0.8177213818188179,-0.818181568592315,-0.400394292617169,-0.40689198783045477,-0.7679851325204542,-0.8018233475273291,-0.8591955001053355,-1.747695066800795,-0.6567576337835683,-0.7889344299298904,-0.8201182474721032,-0.8304324601432681,-0.8362521485883262,-0.8445059897586191,-0.8857267902406644,-0.9321529639802889,-0.9418842858148128,-0.9765562446322303,-0.9725653690036528,-1.0002430702613285
,0.32921891186537217,0.35790227207868563,0.3645025824910908,0.36947623221651676,0.3736199925856755,0.3784013583424815,0.3798941030256104,0.38323648307291475,0.3867653513272076,,-0.5616707310699365,-0.5284489243045676,-0.5301465399109716,-0.5401336700635311,-0.5368719239758833,-0.5397764263104654,-0.5404838976686438,-0.5343233904261051,-0.5381167531136933,,0.9635763111905008,0.9673883259569974,0.9710693732186699,0.9719266072709801,0.9684743883271655,0.9654045860460209,0.9634266773423136,0.965090478814235,0.9677433694672509,-1.182282363288712,-0.7265052986351047,-0.6749075601068146,-0.6965268088818698,-0.6456182798854418,-0.7059754595212734,-0.7758029814033658,-0.7677553586436437,-0.8400922374520502,-0.9751056457494568,0.40436517310001674,1.7707231808471722,1.2525890197339558,1.0356966257687428,0.6232916991715189,0.5601348852367661,0.507568217867243,0.8681963584667144,0.6963056504927898,0.5905839849161241,0.8850908106336846,0.919577807304142,0.9393538162331092,0.9566652742221411,1.0067152415400142,1.0499773020558858,1.0486700751078277,1.0597744231133974,1.0264959685792494,1.0162549137005297
,-1.0157446772118903,-1.018410125991488,-1.02429027806577,-1.028838064039427,-1.027826157752538,-1.0337527490223488,-1.0345823826768,-1.031730047395595,-1.028773524088532,,1.128831055268179,1.1332911194996231,1.1412962050606497,1.1324473328499052,1.1226138927078286,1.1313978695152163,1.127628982207077,1.1388599830331478,1.1384455996965916,,-0.7390387726334345,-0.7353853674113988,-0.7329354002546924,-0.7272222513474267,-0.7192195622224952,-0.7123682298904034,-0.7060966152344408,-0.7021072614479342,-0.6994211987115735,0.8796492503940506,0.8905256238239534,0.8125553571165909,0.7383338747974163,0.6918926103649515,0.5703429725259404,0.8293464331413919,0.8219995663320443,0.7920819235531645,0.7853749564493797,-1.8238934945947856,-1.7422616845545058,-1.1134485840358468,-1.0309150573011172,-1.3690120765600327,-1.401800611209194,-0.8915954162824508,-1.812419547904012,-1.7498469381067123,-1.909543593601292,-0.4216816920371954,-0.43682547850545905,-0.4378623153918912,-0.4378720552095866,-0.4603853517920771,-0.4932010870604802,-0.5084799326158197,-0.5372623611395719,-0.5565541051027375,-0.5881833159782359
,-1.0665493995969697,-1.0596976886510123,-1.0602117733983059,-1.056480134653486,-1.051265197758574,-1.0527048973238837,-1.0503498252499388,-1.0443100405236876,-1.0375461405439255,,0.7892406183017101,0.7891043152251109,0.7958912976961341,0.7938799544233295,0.7864171256834729,0.7912915739925004,0.787881545272494,0.7911303363026613,0.7927952081149501,,0.991570581767893,0.999768997045827,1.0072563199964355,1.0132297264253203,1.0159948228519993,1.0175772406258752,1.0201116432733979,1.0274301121132527,1.0353418580143334,0.8383681896010066,0.8739136289326667,0.8139567438380467,0.7612148343024091,0.7400403311099278,0.6367787823464757,0.608843708407627,0.7940653228977885,0.792584572511985,0.8045651562630909,-0.7577799658483583,-0.7531697082642896,-0.37151596163054434,-0.3818870019014211,-0.7482136976326544,-0.7835125570756906,-0.8325485766310864,-0.5315418567339194,-0.5883052758978119,-0.7133843494848049,0.2390889466237193,0.21416152855039164,0.19392405188044165,0.18608727041052123,0.17476643926113505,0.16334004139398403,0.13446001308687702,0.10684889001198716,0.07026674932815974,0.027423335587924768
,-0.40668467035487754,-0.4043730578104303,-0.40787464259800726,-0.4084371052051253,-0.4073867625408635,-0.40892897488114016,-0.4087122137171904,-0.4062973497448787,-0.40766917139537584,,0.30872697806131527,0.3080023455857148,0.31207390630226306,0.31095819947278674,0.30518855303015396,0.30871882464133377,0.30860783280414716,0.31626467300826117,0.3171651540323415,,0.644394314393814,0.6496454616811452,0.6551119504620271,0.6583421843640452,0.6601489018680039,0.661457777406188,0.6628362268570939,0.6677070739481217,0.672602858068058,-0.045708414602945086,0.2954483908929559,0.3153312962661358,0.30149670994100397,0.330612270817056,0.27578926874740106,0.2877568007501547,0.25792348707893126,0.19121425247859125,0.11112302645107422,-0.4852624665666816,0.5214791592403382,0.5727790622736264,0.44509909899310096,0.049096477270051016,-0.0038962257492280977,-0.05751377573414958,-0.22213347337337946,-0.2897814130226495,-0.40691171566368306,0.7065025674758797,0.7005137826950892,0.6880758375273883,0.675420555644651,0.6868687874333137,0.6897882302930989,0.6586688095866292,0.6310383235562448,0.5916873651640594,0.5602458233517007
,0.5865101790425243,0.5831671908285665,0.5653806918100357,0.555230190380972,0.5409936816401655,0.5340811149695542,0.5261937512228421,0.5180095976528732,0.5046523131536936,,-0.29214062424271087,-0.3228620922929417,-0.31784700536792915,-0.3184163802512142,-0.3205526435046559,-0.32010513091362075,-0.3123556618526862,-0.3060483268134217,-0.31095707619192,,-1.969679439800234,-1.9706382511967273,-1.9739062311450015,-1.9717774877195244,-1.9609905188476842,-1.9525088575188756,-1.9446648731556924,-1.9459546324447,-1.9487197662971891,-0.1065128984028997,-0.06822328628846223,-0.10271360097263053,-0.16365580298805052,-0.16719745114073598,-0.27130740169842943,-0.36948620781077346,-0.4583168724559828,-0.15331864105466175,-0.10127943190074183,1.04100542851497,0.9060753242893907,0.7779746600882008,0.6209477534930958,0.21610099405463723,0.16588170220971588,0.11410158212724794,0.10420862876447999,1.3638885965030567,1.2860614496691198,0.5187232653716984,0.499171196430079,0.4912610531220568,0.4880327195518006,0.5071242710404089,0.5111514113996078,0.4962843714842377,0.49106199017975904,0.4628466934835224,0.43034166426998516
,0.20836059230322906,0.23789913505983185,0.24489086831534496,0.2518644172158764,0.25526198345403195,0.25919158205028375,0.2501131845054338,0.2611621283824763,0.2689864762243526,,-0.44372124048575656,-0.4098110842771557,-0.4099316741502755,-0.41054820942044123,-0.4126414503889742,-0.41184348138570376,-0.4171305398832769,-0.41174201705989605,-0.4135239821567824,,-0.2334994879742529,-0.23562037097249602,-0.2399757963340121,-0.24224466319378968,-0.24282948107211497,-0.2461093921371017,-0.2470684546159137,-0.2504915272778304,-0.25386520101674415,-0.5304147264912679,-0.559649733687177,-0.6803015389829173,-0.850221269735292,-0.979223713195389,-0.6839907344736647,-0.6445125380626308,-0.5628966319555819,-0.5543842404616536,-0.5728096868997022,0.41843751167248566,0.33236104401648187,0.059383197814498904,0.006988001848670903,-0.3767732487369866,0.5610761297167468,0.506989669392963,0.8501037622812035,0.6939584816283525,0.589099421565229,-0.4297459177173757,-0.39301994511835514,-0.35273330288229343,-0.30027651787467724,-0.25642897220934435,-0.22506396560585368,-0.19890676210905653,-0.19407485228745375,-0.18556591709001194,-0.1826162723998894
,-1.4176310739506077,-1.4107844044401014,-1.4095592747409689,-1.405772736942123,-1.4010536115802852,-1.4020897598869542,-1.397274006903442,-1.388687406683041,-1.3799831740833768,,1.0609525409637919,1.0608224498321526,1.0658266485586274,1.0601240893519317,1.047850948430117,1.0564662555878408,1.0526320377210359,1.0607938277677058,1.0663303741782968,,1.7574486846728428,1.7709293876686663,1.7836632428526515,1.7927308457892581,1.7944782964571242,1.7966848521870182,1.800184189342078,1.8128830198508752,1.8255207356368146,1.1186211676795734,1.1414680380960553,1.0601333946753357,1.0026988869907418,0.970589802296822,0.8637209621139024,0.856830001247238,1.0014588622130167,0.9820545213280849,0.985210152687756,-1.807537917123411,-1.721442100643303,-1.1211412591674577,-1.0330426932361745,-1.368647877792944,-1.4026585201881396,-1.4476081839342583,-1.7901431414234967,-1.7283476644358151,-1.8833357090433938,1.0761640968704522,1.0426670378263667,1.0255185234345245,1.0061910709434234,1.021235820260484,1.0340375999182994,0.9986542445558558,0.9778909496638277,0.9177632581388245,0.8727827829364303
,0.28875602695460173,0.29134602879803145,0.2873377849430386,0.286063357228973,0.28227912022502866,0.2815226695832673,0.2806961256588538,0.27906492858494203,0.2806756526648941,,-0.3827179360364176,-0.4044621989239929,-0.4007029612675025,-0.40060042362408865,-0.4029736687105658,-0.40151832442276947,-0.40032316865280526,-0.39667904180520047,-0.39563830506956527,,-0.29535168465306827,-0.29735179174636356,-0.298955860743559,-0.3010830249172033,-0.3001985451113842,-0.30044079074106794,-0.30025151878911077,-0.3023135216392365,-0.3051085926190771,-0.3423315151267415,-0.28462626444419725,-0.31015864845735186,-0.3629917317981006,-0.34608239465341845,-0.42888499479311687,-0.49863779440201267,-0.5264835674207302,-0.6291705901094861,-0.36135585920624214,1.3577031229794434,1.2079216786737719,0.9415830531318924,0.7681290100956655,0.36998755459788074,0.3109705250052752,0.24942388584693126,0.36304096175245304,0.2466046835691278,1.6557419636788886,0.41085483389667254,0.4020442174386198,0.4042926511605265,0.4140597163833042,0.441584128694505,0.4522165042644076,0.44551454549413383,0.45213305212696286,0.43074867482705587,0.428311948099749
,0.22193688983393162,0.2450669021018913,0.24983365737567884,0.2553067379252711,0.2565543637942044,0.2634862087207272,0.2654278799668717,0.26890089731922306,0.27214812710709496,,-0.4412709801683917,-0.4260874442994028,-0.4243181683582018,-0.425049671684756,-0.4247279929590985,-0.421993834189034,-0.4225269463182824,-0.4177339757871425,-0.42553125940419884,,-0.45438783015279355,-0.45740661722546966,-0.4625145574898613,-0.46598542970657963,-0.46644435138275636,-0.46873274383577207,-0.47169060163747517,-0.4755577664010423,-0.4788240858726206,-0.6693632063608328,-0.8236166829709335,-0.500402623395683,-0.47923555339563406,-0.41671179111592016,-0.4599497058648383,-0.4908433977740788,-0.47187540653634064,-0.5151841326464296,-0.5886675081913473,0.24842360869557542,0.17601403426334788,1.1333407008599643,0.9279172765508882,0.5184612651807741,0.466012072762984,0.4066831355438761,0.6785547101109954,0.5240068021737819,0.4111625840096168,1.633709859835931,1.6472116784846875,1.6718652652763752,1.677709351415092,1.7457138431815717,1.8084997331112223,1.7880001866100799,1.7965879122097186,1.7352150041371706,1.714473314729935
,0.41962279379358325,0.43320275947396036,0.4332551133509163,0.4366858865244441,0.43605288915435053,0.43750607847653333,0.436242665306443,0.43607239658559976,0.43667829662158775,,-0.5279548160833398,-0.536941937210968,-0.5313101658923779,-0.5242624848166303,-0.5291019559438812,-0.5277172427055521,-0.5285745935534844,-0.528782722201492,-0.5329579099366146,,0.1811863874067731,0.18171851596569163,0.18068129613639203,0.1816042267414831,0.17900307988764153,0.177408583148123,0.17425061428180422,0.17434431680281004,0.17427829310964796,-1.1337030436596756,-0.7330450546649979,-0.6852903528201659,-0.7050376697867448,-0.6537447073909488,-0.7136213863995375,-0.7807426524674149,-0.7657800786694675,-0.8251686894838736,-0.9353446972674367,0.2581982909087081,1.558659485362353,1.1319304839180575,0.9291026339314982,0.5200837616744481,0.4684737937450271,0.4091778025009312,0.669704308387033,0.5263938511397054,0.41126249989316,1.0625921508426237,1.08987638750682,1.1023377085006925,1.1229255970647043,1.172716464971423,1.2194157371150454,1.212870404123283,1.2267270626662008,1.1906515487914358,1.1835976729330535
,-0.9355410737910607,-0.9016095028506934,-0.8974161944611316,-0.8889465684661821,-0.8874799468388865,-0.8852072532013233,-0.8770644612908965,-0.8697871714310551,-0.8578071448816829,,1.0912334965339714,1.2262044103049092,1.228887820052371,1.2175130854791258,1.2085144846232208,1.2064822021674608,1.1912336279023965,1.2125374002460494,1.2102063162650376,,0.42590909721225834,0.4289166145286124,0.4323912955637759,0.43312717565788417,0.4339103255691886,0.4337924489751042,0.43458693949846955,0.4392825259302182,0.44213203774031645,0.3034774111730085,0.3476195676331908,0.3091712876222125,0.257663919074045,0.2543381900752219,0.15971724726007067,0.10890262248096294,0.013618360465924444,0.25992832651259634,0.3049803621111315,0.6352297236659034,0.5311930639481965,0.5712850497531127,0.44935427597927147,0.04983599303690368,0.0006806101234331131,-0.05058039399204337,-0.20914155879591834,0.933751575174788,0.8315825879828129,-0.37495235374668445,-0.39358719717568463,-0.3968548686535853,-0.40161590056090934,-0.42313588347010017,-0.4556724350785727,-0.47395851381005444,-0.4908763414591813,-0.4978097037981912,-0.5294290367008403
,-0.8651386489229076,-0.8489147697147162,-0.8448820478734802,-0.8394825139855665,-0.8333381886514606,-0.8320109323317363,-0.8273808118309269,-0.8200287515959835,-0.8129187891443661,,0.5928148137194822,0.6185715451588149,0.6219143088912067,0.6177818338007379,0.6152792354314826,0.6173745454473021,0.6130598932724056,0.6198947509642223,0.6179385328859259,,-0.25880828398378236,-0.2575420961139947,-0.2581338907618836,-0.2570421368627826,-0.25505413879965405,-0.2535537388622966,-0.2519735683988252,-0.25108503144821726,-0.25254001134507464,0.6461441312188945,0.7201746691489984,0.6794248946456146,0.6480364323519721,0.6546128124818908,0.5818644482524357,0.599343109781771,0.5345945282890034,0.43890828515068997,0.3309914877226851,-0.49114063778839545,-0.500509705682648,-0.2769797922592544,-0.29157440860101325,-0.66022582085462,-0.7058881709017015,-0.7503514716196065,-1.5501158315923134,-1.5076278426062033,-1.6462682452176176,0.1763559933464379,0.1633439549470342,0.1629971561080494,0.16125863820630326,0.15886366599304133,0.15622218092467177,0.1379233814185046,0.12589068835117612,0.10004094999748439,0.08585290647688534
,0.03348059588953537,0.06104166548961078,0.06887607569513228,0.07312032288360529,0.0788552934722523,0.08427024354792914,0.07739090786084779,0.08631073682182056,0.09483577948753202,,-0.23066041384623998,-0.1904268415165232,-0.18374787325110867,-0.18750581376567,-0.1880761742671422,-0.19065570693299164,-0.1956467101512699,-0.1958796253556046,-0.1976861563095305,,0.2994680490501651,0.30103373676030437,0.30029247280269583,0.29961116358930345,0.29973801742828227,0.2975381911700586,0.29633576052406674,0.2960370330293332,0.2960732834392234,-0.29311265576124423,-0.2974139050497652,-0.39154850437767363,-0.5077143231261267,-0.5652673517301448,-0.7549837406272621,-0.4768385372715571,-0.37254482541824196,-0.35430170616759493,-0.35615609333195847,0.26557648716457766,0.1870822643439547,0.008559493417679719,-0.05504543390442858,-0.4222923139364682,-0.46333593824394326,0.4106061544468861,0.6777657885661287,0.5297847969911377,0.4227343204073243,-0.2652742951314132,-0.24379568118778436,-0.20841254280931792,-0.1680134342058472,-0.1385113495391984,-0.10436738273926612,-0.0762649466040262,-0.06143053171830333,-0.05772027358075756,-0.06382693909274653
,2.1688665001582983,2.2137763482034782,2.168311609592661,2.1373903801106446,2.1036163007501765,2.084225942403676,2.057506141121609,2.0295439443515417,2.007657231796247,,-4.395415072253308,-4.593257010789828,-4.591308669694409,-4.575773591168045,-4.551212195294112,-4.5613142219939675,-4.544618126252899,-4.551729124062307,-4.553926654559334,,-3.361600940088693,-3.3715967426614872,-3.382810791252231,-3.3855328091409325,-3.3714427317428983,-3.3637920750992203,-3.3570591439371995,-3.3656826283858163,-3.3757005892394027,0.6088214846955714,0.5149964556773187,0.713401698711464,0.7164232339950912,0.7377717465926917,0.6822883441200124,0.7249677445340664,0.6770020987440842,0.610637491120378,0.5550348903522389,-1.6432867667411806,-1.5664507229904563,-0.29554686492138355,-0.3157514803940557,-0.6776420163397343,-0.7183652336080747,-0.773355843874705,-1.5861444555809743,-1.5490545086645668,-1.6935255830802185,-0.7616562194935772,-0.756259858200155,-0.7419357231062961,-0.7331741694963012,-0.7667705180190557,-0.8065128155411301,-0.8116113289578523,-0.8384465312745392,-0.8384397970122512,-0.8519406836314376
,0.7669966181997782,0.7693085475723886,0.7546257881613585,0.7458636379517672,0.7359685399304575,0.7295496491819304,0.7204760607666506,0.7121680601462357,0.708429248288086,,-0.5757625290677705,-0.6046641046761151,-0.599487678011436,-0.5898750767151076,-0.5888132280901424,-0.58675160916232,-0.5851563846838116,-0.582673611211803,-0.5787340397864367,,-1.0438621977911493,-1.0420379950227892,-1.0410199627474563,-1.0382993571628707,-1.0299415553187274,-1.023819097697193,-1.0175654713768154,-1.0166374361331634,-1.01604454546117,-0.4756226332482879,-0.4360059655702806,-0.47710671303372765,-0.5483072760955207,-0.5464665544205068,-0.6534087111107391,-0.7747661154297678,-0.8380852705862902,-0.5333253699070531,-0.4756683494995281,1.5389108728323209,1.3720900750851242,1.0221745274469294,0.8389529950289394,0.43770441553797623,0.3745326430138963,0.3311377672932208,0.5103248138228063,1.9365179529441827,1.8461370578220857,0.7871807859292146,0.777486261541862,0.7851965904733047,0.792631106268374,0.8254611744842915,0.8594058007711409,0.8589585203384019,0.8687443789453175,0.8424878406118391,0.8237420716104829
,-0.45214280792039335,-0.44141349713310946,-0.44302191125913254,-0.4406607358114968,-0.4354556706217854,-0.434814841315561,-0.4366003224875917,-0.4305633997182861,-0.4258389737185582,,0.2827029195858797,0.2975773315054711,0.2985406249206976,0.29235436868630543,0.29300137021373,0.2968190946002345,0.29423843470449784,0.3015612720757862,0.3029195550349298,,0.18338905549531215,0.18565827284930633,0.18730763582613494,0.18868879823987275,0.18988840647765143,0.1908552520600111,0.19139678959636897,0.19361796728737024,0.19540307185491726,0.21518199980905686,0.20854400058053946,0.1157448085532467,-0.006125760747877046,-0.09674305824217412,0.1350723836131167,0.20939938570532474,0.23378034257244895,0.21819296943393163,0.20492383403634745,-0.3159189446972881,-0.33913232868081183,-0.20083702940878237,-0.23698112105144667,-0.6088636825305072,0.11025016029076622,0.058942842989590155,-0.005699132351227882,-0.09532702682135337,-0.2212512879587903,-0.23175902794263145,-0.23992937672990614,-0.22349115480386533,-0.20676482585935657,-0.19983655753935162,-0.19683633897138078,-0.2034813388771222,-0.22396190232635535,-0.24304567125907178,-0.26032603336349414
,0.29937525386740105,0.3298119362896059,0.3389472197766566,0.34574255046144853,0.3343706819545983,0.3459959296923658,0.34966309618995295,0.3542589867012407,0.35937937085336746,,-0.5418479620100337,-0.5043342875526022,-0.5033893875696789,-0.5039630284432124,-0.5095285823912026,-0.5085426196649627,-0.511976680356184,-0.5081385550098179,-0.5175727420352049,,0.4216735796128033,0.42097848449116676,0.4218487560763265,0.4219164343473062,0.4188820568043059,0.4175953031587802,0.4149277581811989,0.41536871018470833,0.4153293183643267,-0.6900740485449495,-0.5815348376487213,-0.5926875443944156,-0.6349201837264837,-0.6047500097606417,-0.6822837242453474,-0.7674072984652972,-0.7771934830228652,-0.8724319483874857,-1.044359341275077,1.9752044121861965,1.7730654638689871,1.2596573551301844,1.030475406495481,0.6197950735962608,0.5621883131831802,0.5061081590215648,0.8394245516652962,0.6834919026965992,0.592129805063876,1.307928023530111,1.308173435967708,1.3184607955490333,1.3261746811623392,1.3826887925610873,1.4417677441518946,1.4340866086425692,1.4500188285244437,1.4029570386453023,1.3963318433902674
,0.16702484349251484,0.16847098737220415,0.1652798208918949,0.16360215588900986,0.1599076796006966,0.16074101291837534,0.16068701763078674,0.15852609342099916,0.16033533383495605,,-0.2502856631581663,-0.266529410321215,-0.2604912946642025,-0.2661261186622237,-0.26499672006483094,-0.2625802641295042,-0.261775875382009,-0.25907141499842273,-0.26305409008042374,,0.1063146320992766,0.10823671479932605,0.10861168048430898,0.10902136547029719,0.10942607728723003,0.1095294396315037,0.1096432574719992,0.11062480534417228,0.11122244212263341,-0.2862942246279222,-0.28776625203729306,-0.3675960890674892,-0.4820920578431651,-0.5427420081736618,-0.7322223246353684,-0.4198921290598644,-0.31827615843708235,-0.2996597995935266,-0.2995337222873632,0.004542234669482498,-0.051986007930129745,-0.0886956703614257,-0.12486071530265679,-0.5078906104306395,-0.548971969510559,0.25578041133822976,0.3762162588122344,0.25037559852632885,0.14377784649547798,-0.3242092256287714,-0.3097118711448669,-0.27663284090842727,-0.24619088788656354,-0.22291712419048926,-0.1989740020431163,-0.17316000369183096,-0.17343716857343852,-0.17600243265195908,-0.17641353360929005
,0.2338621231612355,0.25868417376542424,0.2513104485076471,0.2607407613248524,0.26491738346330684,0.26885579257233927,0.2712536495216964,0.2753347696611809,0.2807757233884278,,-0.3691673777658786,-0.33471243275316875,-0.33041392681397636,-0.33598485944859974,-0.3403137562794366,-0.34011763816519036,-0.3424902558457491,-0.34100158879777986,-0.34275939455561916,,0.7441337788158374,0.745833628601201,0.7492649887956808,0.7510536834664076,0.7482075104062598,0.7463723656661607,0.7435191540112153,0.7465981797640157,0.7491441825223621,-0.9888460523403819,-0.5744467146201685,-0.5322834757534016,-0.5545779234620215,-0.5076838599236164,-0.5685605307155543,-0.6263898839970883,-0.6213860492045777,-0.6885671012485377,-0.8068581049362639,0.2731718874877973,1.563933844050333,1.1339483031959459,0.9330364873956313,0.5244738556788625,0.46263494225454055,0.41622286205833653,0.6752276475994624,0.5279822339726671,0.435305695988024,0.48938257861522444,0.5170413811213412,0.5323135193694931,0.5593540397884819,0.586345260379625,0.6170128985944128,0.6215412710741949,0.6243372832656027,0.6003700472328124,0.597057017211689
,0.2354579147488853,0.24189489884726265,0.24136274761664947,0.23895974893949587,0.2403822555021364,0.24226963181006073,0.23288515673522042,0.23771443813014892,0.23959514559467932,,-0.4236816215639342,-0.43682074427062095,-0.43857918448328476,-0.437042111006626,-0.43215284194362197,-0.4360937819599808,-0.42886847093300706,-0.42874714099775046,-0.43319179027305593,,-0.7214872859711302,-0.7249794651407063,-0.7306701499083071,-0.7348778343268283,-0.7345317010250072,-0.7368999038208045,-0.7377889293135144,-0.7418203825727859,-0.7455786660781794,-0.3006255206616224,-0.2879800215093704,-0.3598042263983985,-0.45648572046094615,-0.49100379542085676,-0.6439574162669549,-0.8383283240911943,-0.4448884403002581,-0.38534969523928553,-0.3686225762284329,0.12159155740003054,0.056225632149479794,-0.04603630754794429,-0.096399825478526,-0.46299614912978176,-0.5070205171878283,-0.562160710036444,0.5161071861368246,0.3690859081872432,0.2648089370690476,0.3106204297338915,0.32558787981109605,0.3569913136774043,0.3878197237705362,0.4300985857060781,0.4670342021088228,0.48605524415528983,0.5120963328786916,0.5012423141001913,0.49539457591579267
,-0.5409507289814027,-0.531744356589239,-0.5318843199246919,-0.5322311825775772,-0.5281232393915483,-0.5290822429621796,-0.5320500771611536,-0.5268378613741466,-0.5219281677599379,,0.4638132645514902,0.48741259796621783,0.4914189499771001,0.4862131756392827,0.48439797107446053,0.48770741269943635,0.48228977934173206,0.48860799429368107,0.4860382719221072,,-0.02444634729619568,-0.0227801758530805,-0.021887643291695458,-0.020564236867392546,-0.019013866983857784,-0.019414629020433068,-0.018266561816336627,-0.01598182852190988,-0.014683520631522158,0.0195023007292749,0.34148828106138346,0.35676110208163175,0.3428214058032272,0.3711800327741948,0.3158785503917728,0.3315915325834671,0.30012574209890713,0.23451401383346326,0.15897130933169118,-0.48131686555641484,0.5259499892728383,0.577231505359534,0.44816158484206586,0.049494685162929215,0.005856889791501243,-0.05260609851421309,-0.21755454560391124,-0.28263724712876537,-0.399598770202925,-0.3974523598896835,-0.4017866271470738,-0.3981352008343433,-0.40306334820844847,-0.4250494453181622,-0.45548767482119784,-0.4723611525473116,-0.4980936752635591,-0.5118163847453164,-0.5286419086118535
,-0.8162505215888961,-0.7986010657764079,-0.7919723072031949,-0.7841536142297971,-0.7768888283210694,-0.7745592048889646,-0.7692497664758815,-0.7609214012478759,-0.7521230145779636,,0.6162604556553725,0.665788841836034,0.6686335304135494,0.6649886836352963,0.650828826290748,0.6552545098045377,0.652966559833618,0.6596449261140013,0.6574270476045395,,0.42974452023097737,0.4338248750870454,0.4370975202231144,0.43958624696904347,0.44146820757003535,0.4416400040155564,0.44195552818207834,0.4457518328488418,0.4489842942884907,0.07810875925932785,-0.014729330830505111,0.24538310260705035,0.25939290055118913,0.3022612596872131,0.2572855205400952,0.2793855966214681,0.2629550122187963,0.2119045342971183,0.1591017370942621,-0.3989950951119135,-0.42615225258144,0.6341694830606586,0.5006439426471174,0.1015017474376082,0.053338033761728874,0.00028156408042501386,-0.11705072489698207,-0.190867796188525,-0.31397633499095795,-0.11810546219281974,-0.11931529204378778,-0.11030609205679695,-0.10755201925203987,-0.12209215626352944,-0.13841430320035872,-0.15520334450501236,-0.17435706531511497,-0.20079906285326096,-0.2195503092338601
,0.23769598913484305,0.24364064164242838,0.24449084918842867,0.23498846660995412,0.23895413171870333,0.2407671837765241,0.24297410100005673,0.24318130412438807,0.24357700284733416,,-0.38699017115776846,-0.39802964226678594,-0.39341446410065734,-0.39594612955479763,-0.3919976986384281,-0.3871204122610777,-0.3859545521981897,-0.3886793807437798,-0.3909697770879327,,-0.4616420701930683,-0.46451696216595917,-0.46754132066421533,-0.4689625834543427,-0.4694070531872539,-0.4700958085268969,-0.47173966464566314,-0.4742612597953746,-0.47728722197628076,-0.3555879012768969,-0.2640521788255195,-0.2742038517784545,-0.3120933683850354,-0.2842874288882654,-0.35608777260409225,-0.4078049545226477,-0.4228789884483328,-0.5047323528893811,-0.6317067948383345,1.3518290030065578,1.2075876656807052,0.9371364635826114,0.7571609341846116,0.3594296010572616,0.30233579959253243,0.25024093913537826,0.36031912471259747,0.2404194214432947,0.1174032059195855,0.42744948590124815,0.42406987749671604,0.4281398243716831,0.43917149317624166,0.45924910108609396,0.47427270775574015,0.46987799673741065,0.46691918491239415,0.4445365904050464,0.43892459804770084
,-1.1935185455806812,-1.1671820143282587,-1.1597835669617553,-1.1506330301330052,-1.1384855507307645,-1.1350635818972654,-1.1281421435018375,-1.116495502019863,-1.1050498749569573,,0.829677110567393,0.872365768021481,0.8732981956768571,0.8687977026675873,0.8581995051338106,0.8645367269586408,0.8579706655895515,0.8694165325764021,0.8660917459953432,,0.04257057875480896,0.04558707209744855,0.045879729212511426,0.048462512059198465,0.04981734189740222,0.051143252586308745,0.05251904138706962,0.05551165257574411,0.056933262047630925,0.48564465855672573,0.4701413647817626,0.35884184125272867,0.20957773462221457,0.4846775014961455,0.47832329162403575,0.5419209638424396,0.5332822989522287,0.5017463338613168,0.48214017965462397,-0.5483048361675384,-0.5680502623899165,-0.29963833325009703,-0.31259580211129984,0.007011635816343362,-0.04259611536279495,-0.09989785026259948,-0.29354301901283536,-0.3717774362680103,-0.48956602060577054,-0.7654513966920253,-0.7732851560014631,-0.7644864080832302,-0.7552115456140753,-0.7852900704725975,-0.8268900309823962,-0.8441991800264839,-0.879741894321873,-0.8812266576290323,-0.9098871380831167
,0.10124116460849124,0.11114057308446713,0.11223567757102153,0.11265742457840176,0.11436822822640334,0.11530392751889594,0.11725610322147509,0.11048576584737349,0.11795699192394483,,-0.23341336280438965,-0.24277414297484184,-0.23936705726427165,-0.24375080379637953,-0.23763229102471983,-0.23674735008776582,-0.24044219918443788,-0.2389513964475017,-0.2423005876919648,,0.1142183341410012,0.11445299469323625,0.11413846792562533,0.11444731723690252,0.11379220388072073,0.11185144236043984,0.11112379144702872,0.11148104787061403,0.11220918360555221,-0.445077628889107,-0.4069918379399001,-0.44084417777933227,-0.5120645866200658,-0.5159276558797654,-0.6322138772553776,-0.7714256842180548,-0.8590734812759027,-0.503920544007751,-0.44232775533950935,1.3742894845112028,1.2137134454838086,0.9436088336194921,0.7679994915390098,0.35779036379963586,0.3051439502770513,0.25440340559546304,0.3760859096915261,1.7350555601406357,1.6496693780520544,-0.14969103146519958,-0.1515587842705966,-0.13714908180787033,-0.12410223270200213,-0.11346622052365735,-0.11569571826422763,-0.10853190836675541,-0.10830409438884896,-0.0995596620196374,-0.11163083848440182
,0.6940682701039228,0.7105560837140462,0.6883229487937521,0.6856080078796353,0.6783676560905622,0.6744745208213572,0.6680196185924563,0.6610522099053995,0.6572102188849878,,-0.5721034515359973,-0.567846345586699,-0.5652969679260068,-0.5627864536709816,-0.5593810406943857,-0.5650155846612762,-0.5590901587031517,-0.5614784588377242,-0.55916032440098,,-1.5501076322387832,-1.5510802775100585,-1.5539117946821754,-1.5518652519056222,-1.5415403512141679,-1.5369074887154535,-1.5315894994610326,-1.5318862486730336,-1.5335995843699362,-0.5753920609410925,-0.6689203634600157,-0.8667374206726673,-0.5667131809348444,-0.4587894969697043,-0.48429818460106905,-0.49930304723178764,-0.46456105610599707,-0.49061393689116367,-0.5420612597080234,0.24193479572714127,0.16556133677961124,-0.008104455628317504,0.9228534273794817,0.5128823017628045,0.47036778839591653,0.4054069970941959,0.6576904235858834,0.5212028654537114,0.40303588450421945,0.710733449856426,0.7306169953709198,0.7645757630152086,0.8034105231392035,0.8499011875592831,0.8936605669814285,0.8770762851160205,0.8869193289150229,0.8546106183088489,0.8480968543245926
,1.7816651003257904,2.135944946240192,2.1035402174286055,2.0731420004109054,2.0453174482411796,2.0285897144437692,2.0006240185470916,1.9718933741171933,1.9464284989978453,,-6.010018806523457,-5.324535344337603,-5.324316717174543,-5.365155595887384,-5.370317173186066,-5.415337094099507,-5.422169269584493,-5.460360426093003,-5.497875140649345,,-3.355642942765499,-3.362746501235427,-3.3707598776987195,-3.372163537974379,-3.3593898918428513,-3.3490246782379947,-3.344492435119356,-3.3548163976060636,-3.364336002114224,0.4236390450380384,0.43418787175557205,0.35378638188025596,0.26433682285564225,0.2052655436955981,0.037228423859150185,0.3386122974473915,0.38466040053608996,0.37870357810820904,0.3779865480692986,-0.40357742375969186,-0.42581548890239085,-0.24097682696053616,-0.2614610423235034,-0.6355178801034624,-0.6740439252206587,-0.002237850321781785,-0.10920918089101732,-0.19890439414678202,-0.3177995720087657,-0.07177951735148506,-0.0751240699929367,-0.06992647964076616,-0.06396214920059422,-0.06411143126053594,-0.06359093998851513,-0.06841892342714047,-0.08396865682539179,-0.1125560807559914,-0.13743251551016233
,-0.012508374297084469,-0.014616862843698633,-0.012694865928790378,-0.011795409668031762,-0.010206845059587664,-0.010936497621013992,-0.011185380262106841,-0.010209914331946585,-0.006982002873725449,,-0.12674923084308945,-0.1335859845992457,-0.13123527690652362,-0.12977712175599318,-0.13297932361890644,-0.13366384861563324,-0.13532122759258502,-0.12907105361088636,-0.13219580347677695,,0.15360327342481062,0.15512617822676705,0.15616711345525705,0.15601503328645921,0.1568522843497127,0.15597355226034437,0.15582249242522112,0.15722036650306034,0.1585663556806807,-0.25211789132785156,-0.30966958611334533,-0.45642940656747577,-0.2054061358003334,-0.1204622462411734,-0.14960818419729024,-0.1408467411302646,-0.12312626838276759,-0.15204737816354252,-0.19162558265516633,-0.12364687714964917,-0.15805329961475642,-0.13426065818003707,0.6897859934848227,0.2869045572766133,0.23747696215715958,0.18125242602835298,0.22342149378725093,0.11807297854961409,0.006546519905469839,-0.2290892838955548,-0.21388102969284914,-0.19403279143091434,-0.15764473090510114,-0.14932419988750037,-0.15091965916732467,-0.16156056005364447,-0.1703876476163334,-0.1795696414195015,-0.18972612812680065
,-0.656355037910855,-0.6500268476229236,-0.6515319772472571,-0.6521725646976401,-0.6486314031715771,-0.6490605867431012,-0.6537096042933674,-0.6471382125921713,-0.6422686478122316,,0.5039486638619707,0.5117286807454038,0.5185243940306995,0.5116764301041741,0.5066609440090561,0.5133153282600439,0.5122495673194047,0.515001959576228,0.5139349318818105,,0.973446849908288,0.9817915053481205,0.9888487467067678,0.99338828053568,0.9945186655806505,0.9957747441191521,0.9976450108894352,1.0052021625491097,1.012781312070707,0.5095481688716231,0.49969922129023925,0.39776876381974785,0.26757461049951753,0.5321645437856075,0.5246712160694735,0.5937913074900049,0.5846646038371182,0.5532635881109887,0.5346914021744796,-0.5666193161957277,-0.5794374615738453,-0.3062736592338466,-0.3164058040348315,0.002363968611782381,-0.0449015940966808,-0.10135572934986571,-0.314961121649504,-0.37605298518583413,-0.4924697778620936,0.9979674997954506,0.9758546735900311,0.9631989091717068,0.9620919082661512,0.9850149811579285,0.9909625827297142,0.9530056187772554,0.9343784159817056,0.8647342166700926,0.8256628806957181
,0.20809888641872884,0.22613240559639142,0.23841360934199132,0.24637465122046037,0.25271559858543235,0.25879075235470855,0.2650260999672951,0.27217309560502567,0.27609135747201985,,-0.39320091164271,-0.3494702890338229,-0.34953823071576057,-0.34878341535910573,-0.35508914489650556,-0.35229522128923607,-0.35388843598881453,-0.3524252822578137,-0.3543521918708139,,-0.17271163413530666,-0.17486075465005893,-0.17819760795458733,-0.18043585350210717,-0.18185920766567112,-0.18633754813435158,-0.19001261357294394,-0.19145177375171066,-0.19672020574197535,-0.49114264400080493,-0.5163363268256176,-0.6341519908711082,-0.7938267446081518,-0.9055705806880869,-0.6361773667216756,-0.5979946571179828,-0.5203791985266484,-0.5131709613030971,-0.5317128409132333,0.40075462511426996,0.3154853910553249,0.06489582932355434,-0.010576161343424728,-0.3797489200471332,0.5660515433569034,0.5047600901338749,0.8583835647710387,0.6897658341074091,0.5830021682425375,-0.4774143138921955,-0.4481155535595359,-0.39923572859426415,-0.3513967281388834,-0.30874823518376643,-0.2797014764838542,-0.251756790999082,-0.2480868974762932,-0.23675175938860937,-0.23427282173797512
,-0.6904022159835546,-0.6684109618364497,-0.664097652108562,-0.6606130646918231,-0.6557632671910133,-0.6528735121686723,-0.6500448265525561,-0.641689895248922,-0.6351943212145253,,0.4990094248924875,0.5401584461279639,0.5409840970559706,0.5366981856908283,0.5289354305598651,0.5351477590015955,0.5335030851638038,0.5379581970990898,0.5382664675553478,,0.46895535791963455,0.47312552725669765,0.4771522916573559,0.4796704417355398,0.4808063495490476,0.4813997401797834,0.4825030473946238,0.4859807290055248,0.4890589769702105,0.24512743170970397,0.30157808678715947,0.2722878040169218,0.23157285835668504,0.23973751061015244,0.16181748160754902,0.14070713709771385,0.08684586190194293,-0.021362064291238582,0.215754484403116,0.7631342870041946,0.6461487485249415,0.642828295795489,0.5040153363763551,0.10432158665317576,0.05698621722271584,0.0022163475236280784,-0.11214451888043252,-0.1970174751393533,0.9756803134410744,-0.25292823229615835,-0.27179572240906064,-0.27531938074320916,-0.2820100793066449,-0.30153543051603837,-0.3195622884262545,-0.3452399357693928,-0.36222713609399415,-0.3679837103794081,-0.382745138058091
,-0.281316958507432,-0.27512577488622525,-0.2763254504367722,-0.275212786429393,-0.27997226485213733,-0.27797304972001086,-0.27820044481587225,-0.27409032956547985,-0.2708375998113607,,0.17072675180708138,0.1752975938253467,0.179963755460022,0.17674289521090653,0.16531435446036777,0.17479969396812545,0.16878080510820875,0.17354122995000348,0.17540523302633834,,-0.020765653978230166,-0.01877399588662311,-0.01751078345599758,-0.016031971476636018,-0.015118212234967838,-0.014181099818226234,-0.013369478056998335,-0.012128769240962458,-0.011831305656927022,0.07505161500034385,0.16115929779929644,0.14722035839130113,0.11529146580362262,0.13545348027537796,0.06718071496573556,0.0516047728450765,0.018510222369985268,-0.06335309302083389,-0.17349412854300525,0.8998336002463011,0.7684559944755068,0.7052944323128632,0.5603374707601911,0.1668238166390375,0.10835446558225571,0.05837720211220437,0.005116193089257244,-0.0876541719787778,-0.20962784661041706,-0.08137298757813811,-0.08460318640024861,-0.08067519841935704,-0.07748862531955002,-0.09317825827508193,-0.10771131585771537,-0.11878425023487688,-0.14446153249098723,-0.15924459915671205,-0.16357094982413328
,0.10779234183046721,0.13418362616368473,0.13917727389578305,0.14489253417563025,0.15101199451018577,0.1553076139245778,0.16013115660001975,0.16263281660958673,0.1667422281801743,,-0.2867485675825819,-0.2532400983626817,-0.2539791413859942,-0.24890299922751424,-0.2537107511808927,-0.2501879585005302,-0.2550036992647914,-0.2546382013816884,-0.2610420170196093,,0.25438819045166744,0.2544740892000611,0.25351295248998723,0.25403708744177733,0.25138174681711023,0.24896377385391247,0.24817622380179413,0.24678339570573035,0.24715123990693047,-0.3674916101995091,-0.3936291467647223,-0.5187590562726858,-0.6812020029029008,-0.8059336740235644,-0.5290243439728897,-0.48120894261045416,-0.4108012953662224,-0.40589535490600676,-0.42590480966168365,0.41183470689582014,0.32654351855557723,0.07117187454108977,-0.0016525331134043632,-0.3773127521427287,0.5624153073235046,0.5034969375668964,0.8495287256707059,0.6857738652092095,0.5963013949155485,-0.5418028649056646,-0.5121158907622338,-0.4615789802825546,-0.4135704902752923,-0.37746984737625533,-0.3470420766559289,-0.3281788200229175,-0.3239868117038344,-0.3107682712198939,-0.3081917504632348
,-0.34940680474732316,-0.3506943575911156,-0.3548114838545434,-0.3561605855216858,-0.36171756111528414,-0.36311656864149694,-0.3625715100330862,-0.36216170552142574,-0.3599057513236035,,0.2753312143333524,0.2646376769128358,0.2752566880345885,0.2743829270293775,0.2639308279166374,0.2671001178389636,0.26787715265828965,0.27263717970571627,0.27516607712998664,,0.09787569526170954,0.1020353117727099,0.10403527485588171,0.10716093207585929,0.10870164212222193,0.1101558261768381,0.11203259177105215,0.11414819497742833,0.11698655386941811,0.23504163067652634,0.1858010899760593,0.05238929368552087,0.3032412860826969,0.3755402213809842,0.34443223163675124,0.38658341117947015,0.3774398205966387,0.33703973590111197,0.3023193271573216,-0.5012055795415092,-0.5082727440217647,-0.2754990399466188,0.4404665647625436,0.04544533142621574,-0.0013100603147934385,-0.05593352434843676,-0.23524580622205044,-0.30638660460385714,-0.412716968491684,0.4034417092098084,0.3942418864478616,0.39899157923139456,0.40528612755385063,0.41648270059301773,0.41288112265922017,0.3846656586897477,0.36147597766856465,0.3225809563273253,0.29655653371619956
,-0.3654595589128779,-0.3669694286672111,-0.3763227316467804,-0.38183820065396556,-0.3860353347845633,-0.3909559927707197,-0.3948195454698561,-0.39694656049791377,-0.3980116144196668,,0.4770811215720231,0.47545911351827724,0.48326340902054277,0.47687429175719687,0.4724668612329847,0.4822085303190538,0.48067556204449907,0.48393320659435396,0.48350327681472094,,-0.7073958123949265,-0.7028564156455294,-0.7002167861743873,-0.695360499585964,-0.6883644942848788,-0.680359274055743,-0.6740530587946932,-0.6707256296668995,-0.6688955926896683,0.4334109028932751,0.37841830187210806,0.5757633335647,0.5867288848893267,0.6237328852896402,0.581993341835142,0.6335268383227122,0.6022795721375583,0.5506056050974362,0.5108419821998539,-0.6367250496600426,-0.6428847797518757,0.45672441390230023,0.3496918364511405,-0.05170102565791069,-0.09048931479813654,-0.14522013772188422,-0.3977155601231229,-0.4634072310223131,-0.5838328788884171,0.0280682368545658,0.015408270723871943,0.01052502939607852,0.0022000536235342394,-0.013097046933263901,-0.03847856110913456,-0.06908519481211763,-0.10471539844920305,-0.13846023034329819,-0.16720173863469137
,1.0187660445491522,1.0280192586893064,0.9987102832975249,0.9921504103905068,0.9807225323531465,0.9740293433823997,0.965314330550032,0.9552465512992322,0.9466563905181472,,-0.8308865625107268,-0.865719897945742,-0.8608442231683792,-0.8613553202885164,-0.8529080210355535,-0.8577031358996942,-0.85257706770814,-0.8521261000886498,-0.8544478991225756,,-2.9319889328106465,-2.938529302288753,-2.945485635846436,-2.9463941068368986,-2.9333452862553897,-2.923315797337892,-2.9185385583123264,-2.9253681355140686,-2.932264374057936,-0.31344817908034733,-0.22083304103146228,-0.23987629098594826,-0.2816019979227584,-0.25899762290724104,-0.3336512742724573,-0.3862746744300221,-0.4066894360255784,-0.4924429600447801,-0.6294104467277974,1.5590639260383827,1.3790142456974197,1.0346268892396173,0.8492838801489794,0.4364225976154043,0.38386501286992747,0.33168297836529365,0.5189376136269319,0.3700449542448352,0.2748672634471279,0.7223941103380104,0.717659019231838,0.7216183574117316,0.7278524404233682,0.7527432741137798,0.7769922104552084,0.7672726012513544,0.76582125040432,0.743546773554347,0.7308483431920589
,0.40577660293725715,0.4186504695664653,0.4232182111684422,0.4266133462477629,0.42874493023056454,0.43247299967102687,0.4325191561627755,0.4331851233918202,0.4351089090145388,,-0.6714957943748193,-0.6860691404605118,-0.6799607928340435,-0.6802916107333701,-0.6756132772376,-0.6780628461027407,-0.6766821370931367,-0.6755373431611785,-0.6782131533942413,,-0.1856297549483355,-0.1872698775650969,-0.18984873234163283,-0.1916401293922112,-0.1952637163452904,-0.1977320929550589,-0.20070756723121402,-0.203818777844579,-0.2074560421984838,-0.6132831947143188,-0.6250439392650958,-0.7243001506857173,-0.8632298817318889,-0.9388804959482784,-1.170971155105564,-0.8444189694742319,-0.7042810716196598,-0.6672725700764119,-0.6673242142100634,0.42070106665207074,0.3241047771404303,0.07163023349131038,0.0016525331134043632,-0.36748846101923766,-0.421899667698911,0.509589276234286,0.8514558976607468,0.7009966543870658,0.5958943140621255,-0.6391461588448669,-0.596435204135699,-0.548635327476742,-0.4919411028753852,-0.4598617670138758,-0.4225026803356667,-0.37930861913572406,-0.36286679532132754,-0.34498345047246654,-0.3348261284228969
,-0.9217558441006508,-0.9235725707809794,-0.9324690072341754,-0.9361336921679511,-0.9347914247887511,-0.9430830737000129,-0.9443970884375923,-0.9430218458485838,-0.9400478671343572,,1.2020611969228223,1.208854651966965,1.210542836152225,1.2085091483241528,1.197609897577554,1.207316185118066,1.2021923393475904,1.210793272646756,1.2142518838258953,,0.21707491794584763,0.2268513720654544,0.2360229512155088,0.24529777721530574,0.2532966275925081,0.2608398113337231,0.26884419271800264,0.27807205219198167,0.2877859170379254,0.6392141448830082,0.6196924317159791,0.5372726754269693,0.6957428007092297,0.7322235103109307,0.687109685116132,0.7426807158793131,0.7068899128120228,0.6561570792215236,0.6264491384288713,-1.852927470853081,-1.7651359906810162,-1.1143377670190018,-0.4526738120851667,-0.8194798249268133,-0.8594426863848835,-0.9090153206576373,-1.8488108947180732,-1.7930630430167664,-1.92852131543722,1.8367756197157492,1.7992455584836873,1.77439297837327,1.7463523128682696,1.7756720254776446,1.8010546012471376,1.7414964921449667,1.717496163003347,1.6229363698508892,1.5654537842811378
,-0.795959682383068,-0.7799348177724515,-0.7780530446442965,-0.7752676277159591,-0.7717425496653176,-0.7709990738105191,-0.7657904998001215,-0.7594885433374279,-0.7525111307543426,,0.5441351051598284,0.5758654911517154,0.5759616231477107,0.575887381818809,0.5704589184428396,0.5715813120933725,0.5710071802531589,0.5749332258395049,0.570050666586178,,0.7217729937339793,0.7274837135437459,0.7319381214330921,0.7368182507833185,0.7372018692008193,0.7385412138426388,0.7407086603305747,0.7449936354597549,0.7515062867502416,0.290605739283168,0.22343079336258784,0.4285065154101509,0.4367290057329627,0.47613044970420226,0.43459554239185183,0.474122811138215,0.4506093925490958,0.3999819499707,0.354168394299128,-0.48549061806558313,-0.4986570788774738,0.5792742864640801,0.4480234716752099,0.055130832242082956,0.01927720321735408,-0.06714749359709091,-0.18644871927143372,-0.2892892104299441,-0.39602953787337486,-0.08673046973429561,-0.09087580622111412,-0.09120535452135148,-0.09525600068720222,-0.11397181097753752,-0.14312700332635117,-0.16112838300082996,-0.19492409966186602,-0.2158723222586525,-0.2456716462188445
,-1.1645573160928593,-1.1412654620188556,-1.138513363706281,-1.1347499041848814,-1.1273382616171386,-1.12781813171209,-1.123928114052832,-1.1153445960455548,-1.107914608191107,,1.1953624956908933,1.279325726436911,1.2806818933713329,1.2734849787658546,1.2616874756596335,1.2665958507872135,1.2609057718055816,1.2677021987760928,1.2670098872226496,,-0.5751801288953726,-0.5768753957204146,-0.5779353593489954,-0.578438648756896,-0.5751432241074501,-0.5743574193594189,-0.5727248767955072,-0.573182847711002,-0.5760999564207472,0.5888501302164676,0.5963244111787125,0.5154361413154529,0.4137143967519782,0.3396703802290132,0.5356094867631428,0.6287158827455263,0.6274663943191849,0.604805400660819,0.5987340515969242,-0.6977821375958148,-0.7036420751310921,-0.3544991076305425,-0.36469921557955925,-0.7185208587671228,-0.13703176896598426,-0.1834265175538589,-0.46644214190855576,-0.531012119668581,-0.6448013618392588,-1.4809976498272082,-1.480513653571534,-1.4730073697888888,-1.4583821501297467,-1.5066100509190885,-1.5648140030462963,-1.5743426929249251,-1.6151794575360467,-1.5958357384086073,-1.611381326025596
,-1.0646404170900237,-1.0655310589762113,-1.0723695934358832,-1.0749225354233096,-1.0732370826273328,-1.0790534380067138,-1.079750263144884,-1.076522459194493,-1.0745184928563671,,1.1772466409817581,1.181487988012539,1.1876899642984975,1.1844836386240472,1.1742777838888232,1.1840091980178806,1.1787375308103947,1.1896178723073771,1.1890681867522426,,0.07785550763447747,0.0862274611837809,0.09319323323886823,0.10088228580998061,0.1090097651285939,0.11518265815988556,0.12148824304746296,0.1295504013044347,0.1371135079241579,1.0303600859590984,1.0598003298078225,0.9939507624234472,0.9501373924840878,0.9371692500490952,0.8561506372654878,0.8880622559489167,0.8058240832228251,0.7108622211577994,0.6415599858734813,-1.8218686667941293,-1.7400177482678059,-1.115362625543639,-1.0289908056743102,-1.3690775325996174,-1.4019485229715867,-1.4393047444042257,-2.8829915188757287,-2.7322248277938432,-2.8962922246245935,0.44050007467852387,0.41219679023594696,0.3976611790738518,0.38928482536290393,0.38493524052216616,0.37661366975277255,0.34626136933167323,0.32615483759623487,0.29660694347506533,0.2639783472368552
,-0.7137318507426733,-0.7133877758585218,-0.7157466098886593,-0.7164666786250444,-0.7141056823081925,-0.716107919223833,-0.715825955418876,-0.7139031149841694,-0.7101058035629245,,0.5455416301867457,0.5305460944856837,0.5363606237060471,0.5387333357068295,0.5309770392325358,0.5384132636536375,0.5349100436973327,0.5417814747912296,0.5413828182134719,,-0.9047597510579297,-0.9072312203483406,-0.9109909559353695,-0.9113929202193151,-0.9071609570628003,-0.9051454471737618,-0.9037575345512916,-0.9061484182335588,-0.9088216953131422,0.4500181321224505,0.7219012338952379,0.7084488338128977,0.6906723680454564,0.7084126567103672,0.6495870208352225,0.6884377123792623,0.6382439659667601,0.5677651497622762,0.5040074267438969,-1.6696748279027336,-0.6320041493034553,-0.3247413412130316,-0.33183213747979573,-0.7000870950604303,-0.7454803178846487,-0.7958371098319176,-1.6416602628480084,-1.581564131448764,-1.7352450654462825,-1.9146219500262907,-1.9008835979368295,-1.8771995351376867,-1.8587282836911114,-1.9284230776765328,-1.992934704690318,-1.9850308763711741,-2.0190795904832073,-1.9730640435080253,-1.9668474571090107
,0.4166875451415248,0.4131925829579611,0.4162828111949994,0.41775988044735757,0.4179243822905653,0.4191238792383952,0.4199916613878832,0.4185059668050378,0.41999418433095703,,-0.5877158684844769,-0.6079112802430304,-0.6064973906522646,-0.6082539401957778,-0.6013968002720482,-0.5986470763308096,-0.6002101857874252,-0.5943175335966842,-0.5990008968097051,,0.018776617413499716,0.01877399588662311,0.01751078345599245,0.016031971476630873,0.014917454797386653,0.014181099818226234,0.012664721553550617,0.011144943208607571,0.009756074419720385,-0.8199294559526864,-0.9428268276599242,-0.6416932518816943,-0.6259773059814593,-0.557003034670371,-0.5982349234731753,-0.6385517614651188,-0.6100522735678503,-0.647348173674591,-0.7130032365557938,0.25931305798674165,0.17770673493722924,1.1356642310680425,0.9319675292158262,0.5220612490216892,0.46483942234231707,0.4074180561730786,0.6721447687114352,0.5220438214848779,0.40695740579860407,0.9955133529807897,1.0145050571373098,1.0495693612498338,1.0661198779545018,1.1258453613320152,1.1690023627810093,1.1569810743564863,1.1710669945204775,1.130658579513782,1.1163457192939645
,0.347246441091827,0.3582593550952629,0.35863283904212173,0.34766605296753533,0.3522076484581961,0.35426750006827196,0.3548396942140795,0.35529545600706125,0.35630180041691867,,-0.48282570463453084,-0.4902674468350513,-0.4841859834448659,-0.489617165205074,-0.49050499393195374,-0.49112050375950944,-0.49258059699022566,-0.4909608907120208,-0.4942814663801119,,0.10887675760071316,0.10917687054371195,0.10861555357854305,0.10791048720079582,0.107724456106101,0.10575829808279272,0.10441065086457312,0.10243976401146289,0.10161825271834742,-0.631295643169668,-0.681074430768561,-0.8141011420960436,-1.0238756669565034,-0.6408130690566435,-0.6222701565326484,-0.6222502514528504,-0.5618003897407061,-0.5675423529089104,-0.6013621132118981,0.2529368976946433,0.17826505849033444,0.0043029910803947325,-0.04855167594191711,0.5227001483878781,0.46803302751993886,0.4058936601783575,0.6692661166053964,0.5240764062785729,0.4140834288750754,0.6822103339029469,0.6997591355404218,0.732135299938281,0.7732100148359524,0.8412363218426495,0.8915880035758642,0.8944622821216205,0.9001559708344143,0.8704907274155169,0.8623162422013141
,0.2682764923220494,0.2917049945399741,0.2946492312179703,0.30003712758666834,0.30442715836351,0.30914076489387593,0.309593243664414,0.31402958988676555,0.3181411249521409,,-0.43521641516798326,-0.4104106885633939,-0.40670149090392416,-0.4074425074787354,-0.40395470818529716,-0.4020525028858132,-0.403491028374089,-0.4033261197038806,-0.40523567749664,,1.055098146624883,1.0589458893590735,1.0627294258900895,1.064154977665406,1.0623763330783307,1.0588223712919989,1.0568004227176973,1.060183964207284,1.0635520382896404,-0.4489889559498841,-0.4221137992830276,-0.4923789323414823,-0.5808780999819682,-0.5936199763933715,-0.7191773528399378,-0.8674351869993213,-0.9552538160220931,-0.6270509998469933,-0.569406104918552,0.418431525507781,0.3355146095404485,0.0666848422426252,0.0031417266579267227,-0.3771455560917718,-0.41904985868705136,-0.46550102330419624,-1.0237967096979963,0.6942040355411803,0.5856576545094526,-0.2700760477910906,-0.23703901246668574,-0.19843372479784663,-0.15147347710958137,-0.11083148533283083,-0.07610856700088939,-0.04262045150646267,-9.70844982780942e-05,0.02254852181589688,0.03261732790531052
,0.880091263240744,0.8742047685173185,0.8598906650222287,0.848487833997696,0.8376992012551108,0.8292895639045056,0.8201733642484669,0.8108728226581665,0.8032947431877459,,-0.4567027868201566,-0.46843394312489606,-0.46353985378469775,-0.4607258030071426,-0.46111166016443683,-0.46535372858195384,-0.461269093914371,-0.4547297402742376,-0.45873968396876097,,-1.8431604022917878,-1.8435150776701357,-1.845090114251207,-1.8429600874764942,-1.831932014125027,-1.8234199066702566,-1.8152267927831758,-1.8165851071421595,-1.8178770855600355,-0.3844256954712714,-0.2944087563354544,-0.301885158088148,-0.3393473964340543,-0.3118036650465555,-0.38213083385153385,-0.43431044408101066,-0.44753208746564377,-0.5263461387238471,-0.6539260803206078,1.3649878548524823,1.1983511587207614,0.9351478701339762,0.762581418623287,0.35909968473695253,0.3098857518928799,0.24979012434433054,0.3622767398493381,0.2468009533248787,0.1301824602415218,-0.015525731496618659,-0.013314444659221564,-0.00446370931737205,0.009283906455692941,0.015941894402442102,0.01544237251954829,0.013658397980730428,0.012449765864962613,0.006708754356157142,0.0015545622955602907
,0.4530391517103794,0.47001756923258475,0.4737497762828405,0.4770499270269669,0.4775791183752886,0.4805093065630508,0.4804477824729482,0.48222873554887224,0.48407033092283624,,-0.659834803099997,-0.6588770179796893,-0.6507472826169383,-0.6488892253394463,-0.6493727884458922,-0.6522220866321852,-0.6490592942580641,-0.6436413183248436,-0.6529036342025273,,-0.7305522135775729,-0.7359995481101551,-0.7435445255607415,-0.7476651428691989,-0.7482816396512366,-0.7513650094570345,-0.7533414334274603,-0.7601722660884139,-0.7672168843381907,-0.47729750982665087,-0.5540477087042922,-0.7340100907930565,-0.47492147704863896,-0.37459471618368245,-0.4048318668061412,-0.41947511932157,-0.3906160633548184,-0.4199037840729436,-0.4688362231025173,0.2491051259675434,0.18183840155625913,0.00991677546154201,0.93146246167203,0.523410285581434,0.46886950468240135,0.4075299253585613,0.6790061977246082,0.5291762395184242,0.40691829126494816,-1.2023564667600877,-1.1609651649965151,-1.1038501507428524,-1.0515259563117483,-1.0612571947048022,-1.07671133507049,-1.0579050776010963,-1.0577277083303163,-1.028528272143289,-1.0154402402005616
,-0.10434461239905353,-0.09451237880165717,-0.10516648225314265,-0.10108815209241383,-0.09883541025728215,-0.09847981763892923,-0.09846121484724456,-0.0939693976815921,-0.09166471051034934,,-0.08127654026748239,-0.08947605974282755,-0.08727487871892033,-0.08890209098536377,-0.08874776890182254,-0.08831932797521115,-0.0883040127434881,-0.08321142175312456,-0.08383251930473855,,0.2882946794772754,0.29164615243220615,0.2935862261518775,0.29513505256820155,0.2948616114791705,0.2945829563051098,0.295158994044986,0.2964293260566188,0.29805213387217194,-0.15933750658806564,-0.18833768397225942,-0.29929885913443877,-0.46614849771180794,-0.14191914817475607,-0.14022892494182923,-0.11551634738775367,-0.0854521845582049,-0.10421681494262716,-0.1296051717314162,-0.10736867752885572,-0.15863372390816638,-0.12961478921533784,-0.16505804906715965,0.28783196933097877,0.23568321684679952,0.18226166503855767,0.2342168428834545,0.11810151685090388,0.01722556592530654,-0.2571968319774234,-0.2451218993870549,-0.220209712479564,-0.1897494416698167,-0.16517134739350667,-0.17505093754322626,-0.174457965394305,-0.18654739913638618,-0.19641456273264432,-0.20598217146614875
,0.282253765847237,0.28734131724113804,0.2847163697562106,0.2752323903940342,0.27579607102856113,0.2764929470784976,0.27400521836900943,0.2751339113395987,0.2758929999444627,,-0.35763434154909707,-0.3742077671020357,-0.3696401132057659,-0.3685187883952529,-0.368814312173536,-0.3698981186778464,-0.3687698138501565,-0.3641736679230976,-0.3696984461365598,,0.15129582211072043,0.15286496072112452,0.15220469764381314,0.15186350069490354,0.15199318795899874,0.15106447786634963,0.15036119485144167,0.1511251676739374,0.15064239274393898,-0.42683329709812146,-0.504124677039468,-0.6724474971063725,-0.39163992166416917,-0.2958744288387806,-0.3238353739936544,-0.32695399683810306,-0.2993950863750833,-0.32722479985460906,-0.37343482277916723,0.0054267761510883115,-0.049336261000885916,-0.08477224517205167,0.7634936870113722,0.3603829895353968,0.30921266214886733,0.25355884321085304,0.3635717271006818,0.2440962164834723,0.12594454620535603,0.2860062093640909,0.30123375763777566,0.3270081106367322,0.35820303252149177,0.38441171077978453,0.40030654739542354,0.38916350560762925,0.3838815668341319,0.3673462635842692,0.35161968514853004
,0.6867379693749682,0.6799241764757713,0.6651468564105143,0.6547549524223476,0.6451079908263329,0.6373956435983601,0.6276023410678014,0.6196468895887325,0.6122829218891178,,-0.5214193039599729,-0.5680237746611057,-0.5597418657313846,-0.5569205254904783,-0.5547127821708508,-0.5523193244260476,-0.5472692633449499,-0.5444082146297966,-0.5504371771465436,,-1.6526633109782058,-1.6534161632220792,-1.6566712874475436,-1.6539308581764716,-1.6451830395519687,-1.6386767235186344,-1.6334789533294947,-1.6359597704543525,-1.6376482189059278,-0.4894138343888483,-0.5840596685474827,-0.3142450493903814,-0.3042431805794867,-0.2450732974059791,-0.28872516874823045,-0.3045399130742175,-0.28944965733196537,-0.32865817946255343,-0.38608677826280946,0.0006277993691311659,-0.06898908068054647,0.9327351388548368,0.7663174861867816,0.36056067702692673,0.3030507253609934,0.24853862489702214,0.35729279086980464,0.24272096501359455,0.12927276247031447,0.2141942065267347,0.2303259784928602,0.2617940554557821,0.2787484599472685,0.2940185568215085,0.3082663389657245,0.29691904103559985,0.298092823498734,0.28148005674861276,0.27111540446698223
,0.40470606412735377,0.42726757097497575,0.43167356391201916,0.43622063436312486,0.43721946111712984,0.4420471805132355,0.44546019561325784,0.4464654016169504,0.4361946389633854,,-0.5731366330964592,-0.5540289405459614,-0.5570586822268889,-0.5571081899017764,-0.553847615739974,-0.5523579891238829,-0.5538223763539895,-0.552364306460014,-0.5529856183678833,,-0.8369002289842269,-0.8430642781930912,-0.8510803028425723,-0.8568878900841246,-0.8586628243631935,-0.8613930973910835,-0.8649122281291227,-0.8723180060445593,-0.8789921858849479,-0.47336945983235856,-0.37619012029488885,-0.39414020297433006,-0.43839671137160413,-0.4137992297289587,-0.4908894002784131,-0.5580961630925004,-0.5720745839766639,-0.6615371516495994,-0.8124149606775992,1.7548316130175823,1.5582387242838125,1.1444659948378462,0.9292384544747467,0.5227462341287523,0.4711490767182366,0.4165884310755021,0.6698576919257493,0.521186235180847,0.412726503491718,-0.1939356107129594,-0.1789920548062981,-0.16354852294277128,-0.1372872401685419,-0.12959724823155325,-0.13006440161611046,-0.1174317381366628,-0.1148588184443417,-0.1115562394114876,-0.10511264133259814
,0.2999458121434702,0.332916788101626,0.33984073320997726,0.3293461333631458,0.3403188451911639,0.3458650189175668,0.3505337663560825,0.3545870784876275,0.3602370899127233,,-0.536013343521854,-0.493247326727816,-0.4911821009985434,-0.49469988348421773,-0.49308557310291945,-0.4966971383215803,-0.4970756444080091,-0.4983396750362379,-0.5036804184789848,,0.9083734935178864,0.9117458674055796,0.913924097747718,0.9150114322545503,0.9119638099615632,0.9093479023581736,0.9068278599450085,0.9095721036194266,0.9130683008221175,-0.67789464723532,-0.6151061367058568,-0.6463158346322979,-0.7087705534432088,-0.6962324160719756,-0.7950023763802508,-0.9169737540170021,-0.9603886487613911,-1.120714460404716,-0.7696278885013325,1.9671656651447298,1.767901584957628,1.2482945204337514,1.0267363737121082,0.621610394909285,0.5565413557149429,0.5034958257874621,0.8516757816217528,0.6965345049612295,2.327903522496934,0.47266267996242173,0.4790689674135284,0.49208896357580795,0.5075248980086539,0.5446315062180642,0.5790346906612442,0.5777782897039656,0.5888905327637187,0.5906638499618536,0.5947467949397788
,-0.8500917110241184,-0.8489962106278286,-0.8509090570420786,-0.8507668624712107,-0.8470260236409766,-0.8466285962511552,-0.8463746964863104,-0.8406491700857568,-0.8376162488648866,,0.6394479057337266,0.6261305292163547,0.6319851581056513,0.6310072724518889,0.6267850774818331,0.635826853367925,0.6294609055157256,0.635891122508436,0.6338749941359354,,-0.9013214089029954,-0.902500453467686,-0.905860974483839,-0.9080503363645331,-0.9040356822528541,-0.9021390177762264,-0.900560858682169,-0.9027552245440709,-0.9054032910343988,0.7377096113216375,0.7897913990047037,0.7443032879460452,0.7099569362771876,0.7080838182851985,0.6301009708212445,0.6426727383937567,0.5622123887282399,0.4461187431010494,0.6622708168958487,-0.7015909592796338,-0.7031412535192062,-0.3460519877547306,-0.36630025676089717,-0.726790884780509,-0.7722459395015576,-0.8188264512890506,-1.6755055769551845,-1.6364706713631005,-0.6501178611938989,-1.8098293422688732,-1.8140928515808237,-1.798004762495954,-1.7817603271647353,-1.846461767846092,-1.9219284060081991,-1.9106900292242568,-1.9425499808741356,-1.9010328076755583,-1.9058138859577827
,-0.5810390014722081,-0.567077931015748,-0.5714662317550011,-0.5657237684913765,-0.5601339210783499,-0.5579585861853306,-0.5556512830540485,-0.5495802789029292,-0.5446415251038517,,0.3472528750165708,0.36501365506108274,0.3689329102523994,0.365537079692553,0.3618425427369361,0.36329852413642394,0.3614358504197556,0.3642466323888204,0.3627111653307138,,0.30366140190158963,0.30596413819599716,0.30844735483565927,0.3109209576439606,0.311632308746238,0.31326740412290155,0.3128328458231262,0.3155786838883607,0.3179711485854435,0.35763026228631334,0.37946232598856255,0.30911036189853647,0.23705172644292055,0.2121900961548352,0.09112659652485897,0.0003520315944102188,0.26784776406530214,0.2907583509534391,0.3028569924611707,-0.31223182818845185,-0.3464474808951152,-0.20235049178103956,-0.23633070831409886,-0.6030903509600809,-0.6505716605037162,-0.6975105041527374,-0.010773283222711821,-0.1022435762354268,-0.21894167708637416,-0.6579040402820883,-0.6535822557257314,-0.6440524346652923,-0.6267906609138034,-0.6372151643833986,-0.6538196499895081,-0.637024020822604,-0.6474720694835175,-0.6429452458939733,-0.6547936245248922
,0.012508374297084469,0.014616862843698633,0.012694865928790378,0.011795409667987335,0.010206845059587664,0.010936497621058016,0.011185380262150654,0.010209914331946585,0.006982002873725449,,-0.08390105452578414,-0.0945260922132564,-0.08882638823935844,-0.0910268827480243,-0.09317403126429233,-0.08772935751636288,-0.08833373659602024,-0.08978826420133561,-0.08915221063392169,,-0.4310481756659295,-0.43194240722875477,-0.43538744316589495,-0.4370724909342782,-0.43552352570133795,-0.43598221669253373,-0.43671277541622106,-0.4387629797925887,-0.4397092331795743,-0.2724930340303691,0.03673649671813123,0.05076531050825227,0.031504324552797565,0.06549097847412354,0.007246305894163395,-0.0003520315944102188,-0.013618360465924444,-0.07032160203628024,-0.14247654919295694,-0.21263163662200035,0.9019526734466317,0.7728563265640331,0.6208644652758128,0.21449406405520605,0.16612606392381077,0.11277379405803906,0.10769229380651085,0.008064460043905597,-0.10789734460342067,0.36854263440618523,0.37343401532661236,0.37502708984736793,0.3807488990752488,0.3865516441738748,0.39245035976599313,0.3761273101754973,0.3622492799818197,0.33537243831237296,0.3185244576890069
,0.4366464949489979,0.4501004493333718,0.45074234971224836,0.4531253880521616,0.4535748602797938,0.4547692554696821,0.44146686481037417,0.44615515780977627,0.44763064591884,,-0.5387583473033635,-0.536641785271316,-0.5324385565399389,-0.5278431558347049,-0.5244045794935915,-0.5291121243529412,-0.5335222747401469,-0.5291975088314608,-0.5324082222756297,,0.4170999921572957,0.4183561151231736,0.42010442260118513,0.4182592480642812,0.41684997803010404,0.415807008694466,0.41482358061652297,0.4154157185612737,0.4159377201030368,-0.4730699878737357,-0.5945815598133932,-0.31126636248504563,-0.30015296703184347,-0.24617022292143903,-0.29389627118754685,-0.314291842704508,-0.3056085387424739,-0.3496405176416344,-0.4166556223057218,0.12464720288905433,0.05372428775203094,1.0251393319900672,0.8402693998718398,0.4306687554412785,0.386885878885266,0.33038361895612217,0.5237815185477734,0.36870153143424894,0.25968051806443954,-0.09422458916986882,-0.0668455533360093,-0.03235218708242683,-0.010133511755772805,0.0026743254124293237,0.007888279734134623,0.006314338845873879,9.708449828510681e-05,-0.009535796851954386,-0.008383190327745545
,-0.6082476596755287,-0.6121158502973634,-0.6227324600024285,-0.6278373348419947,-0.6299609643736587,-0.6361643571358438,-0.6403514392357547,-0.6404246120018346,-0.6402858276410982,,0.8150256756126716,0.8204485363039268,0.8201296957213783,0.819536609376571,0.8143498372562991,0.8242005554900177,0.8202615661478019,0.8278760103539847,0.8289592884223399,,-1.5538758119013603,-1.5533026238003727,-1.5554036171891732,-1.552095297277459,-1.541781524938998,-1.533618243285228,-1.5268485138787946,-1.5264688558674788,-1.5270533058141187,0.8076301473048365,0.8396945094424335,0.7800394977619877,0.724136018347642,0.6973427678337681,0.583120293222312,0.5479931905549982,0.7583723094874301,0.7600688779819369,0.7710778248582617,-0.8348207838185029,-0.8313830039438299,-0.41122354546787176,-0.4104882957035543,-0.7735034102008431,-0.8177079891758081,-0.8638080338176064,-0.6416099503799796,-0.678519401434367,-0.8064604219658938,-0.2472707011654955,-0.2658277368703284,-0.27225029661508754,-0.283710352974374,-0.3039135864817892,-0.3339151404120575,-0.34937860219393696,-0.374134575240625,-0.40384567226559037,-0.4362861610862874
,0.9628375907723459,0.9595215925244186,0.9396263782060527,0.9273545730162978,0.9135613788835576,0.9059484864159472,0.8956882918076742,0.8855079500992281,0.8776237214624603,,-0.683563479433958,-0.7342629395932079,-0.7272144442683656,-0.7219634440936368,-0.7218390379503805,-0.7227964635786918,-0.7194383696329969,-0.7185343749025358,-0.7189935838211484,,-1.7787419479633675,-1.7786918645469225,-1.7805658219916662,-1.777394543232241,-1.7661368042763814,-1.7589330635292562,-1.7514874302916048,-1.750342137178228,-1.751881258343044,-0.395857813089298,-0.41907880195717545,-0.5234698391839787,-0.6782614050897914,-0.7896303946033918,-0.5081114836359762,-0.46428388575535756,-0.3963998339448907,-0.39131400094877683,-0.4066594067376959,0.11739677349549202,0.05693384471934428,-0.04738272398515891,-0.0935475830288919,-0.47343816069998584,0.3860478196219904,0.3255009240687119,0.5105357049585432,0.3713464258323896,0.2606707063466022,0.6324385187680123,0.645149132403664,0.67163573852652,0.7038996236757197,0.76183980034114,0.8106418952578799,0.8088670671408216,0.8201483603750312,0.7885070881364816,0.7720544909915764
,0.8363200804793803,0.8446260861686191,0.8291081724112824,0.8207075203158063,0.8069710855126468,0.8023571118457992,0.7818478207576051,0.7771750551238747,0.7733677937463237,,-0.6648407387544061,-0.6881242446409845,-0.6821160766204047,-0.6813542633105633,-0.6778068322269756,-0.676712880770152,-0.6794575621095946,-0.6757774157740428,-0.6794028211389551,,-1.0224763607015763,-1.0209569644346441,-1.019408644342993,-1.0161482949302312,-1.0080210602646078,-1.0022480579014497,-0.996664206242465,-0.9943398272731852,-0.9931306427563668,-0.7171564068261275,-0.7953376129286762,-0.9656468086788202,-0.6920333544064058,-0.5833260962739794,-0.6055577637695431,-0.6267138251621543,-0.5836899082107155,-0.6043533966162763,-0.6547933867022139,0.25980422836180944,0.1903225059465084,0.003826049854063588,0.9281171292197776,0.5247163321302735,0.4545420297233515,0.41355234450546313,0.6608803456659224,0.5220285407068231,0.40640616480171016,0.8126691804933107,0.833577005873784,0.8685149172069809,0.9073751011736003,0.9591323581997891,1.0049137759857896,1.0024536196706801,1.0069117390106903,0.9725633700816342,0.9652227047985316
