,0.6424292591089976,0.6237713369804483,0.6260880106408799,0.6276769580922872,0.6292663307499728,0.6308728833906775,0.6320295470563111,0.6330003616452622,0.6345038230248304,,0.4970149401046763,0.42764560381903866,0.428097917428804,0.43183424931169495,0.4344336409970382,0.437183984283189,0.4390571471431837,0.4408592156789392,0.4430025688408312,,0.6740046791966066,0.6730575136640959,0.6719914385131517,0.6711846993700509,0.6698312722235701,0.6689173816158579,0.6677375914076665,0.6664491028637133,0.6656362099072946,0.16627971857413837,0.0,0.1992540196787452,0.26592014384715307,0.24519076830741376,0.3031323942494308,0.28623842091616053,0.20686772324990071,0.24951035958344236,0.23143825975915572,0.5145797107155758,0.5142661828496915,0.901193110756118,0.9056947801189474,0.9038199641180656,0.905724790284305,0.9050123037463416,0.9050631767859372,0.6658640471903022,0.6047518422177531,0.6145435728902647,0.6265003486970788,0.6394166173083278,0.6485394645096468,0.658758988187733,0.6659917641527544,0.6734595757735478,0.6822993961696115,0.6893778788045893,0.6911432416969052
,0.6375210276175879,0.6182050948419124,0.620294671779416,0.621386496474374,0.6229208215739003,0.6244549044455143,0.6236109097935746,0.6256986710966993,0.6267732560520064,,0.4975996448667671,0.42695446084890043,0.4280051925201656,0.4315434013170626,0.4341653363294451,0.4362631633144585,0.43827396042859146,0.44013883581066837,0.44183902149207066,,0.6398702594764432,0.6388089169536957,0.6376246463672205,0.6365216614708572,0.6353902325089129,0.6341996956288642,0.6331111771878516,0.6321631035092965,0.6310149956848782,0.30483919551412164,0.20057616816019047,0.16413375501587005,0.12378350991859557,0.251959980007776,0.3364300725321543,0.33569702407503865,0.27757450383265186,0.3306152828925694,0.3310170963459145,0.5169317236382434,0.5186369086692089,0.4536728852269902,0.4543435890751498,0.9068678365863772,0.9060813617811189,0.9059156844907518,0.9026771160343798,0.6650544674078963,0.6058923680169919,0.6713978985751518,0.6817475716074733,0.6914863018991664,0.7038333346807365,0.7193155134079401,0.7288423343312599,0.7371383616116544,0.7455331697233747,0.7512485518399933,0.7519672281071368
,0.4020214212528454,0.37975124008031236,0.3785449283912758,0.3782796670474651,0.3784217532411366,0.3784183649101277,0.37806298232017005,0.3776114507834262,0.3776031001555281,,0.6301713531395232,0.5692870147945236,0.5702411395452505,0.5736412824825933,0.5755495152082608,0.5776536776500755,0.5793591523456108,0.580782274320433,0.582210452875811,,0.7656644154516306,0.7649891469174308,0.7641016952275702,0.7636033028824127,0.7627506216111585,0.7620839957759148,0.7612988852436359,0.7603190212158829,0.7596599589506858,0.6316129134509271,0.626758980608352,0.654019246197026,0.6803521533844519,0.6749359517731557,0.6940796182403579,0.6664686564245379,0.600797018360573,0.590741352321821,0.5454071584565485,0.6507988405931054,0.6578230551759976,0.7110697241077649,0.716801570494522,0.7162752583750228,0.7115098951835389,0.7167226706153099,0.7103007151430527,0.5242833264939116,0.47739998413730167,0.4082704813157714,0.40690634281925886,0.405728831715817,0.40359262365839405,0.40614134562141285,0.4057695982740045,0.4044269383874272,0.40607907304756785,0.4058393131320468,0.40310175501983286
,0.3477135399715756,0.3173447092226621,0.31435677331311995,0.3118247783523306,0.30974007429257217,0.30834137077833845,0.3064168910813184,0.3051157836190271,0.3034818813927524,,0.6234022916851071,0.5506053823098377,0.55190471948728,0.5553125046301746,0.5576054814547823,0.5599202283766976,0.5621269302242621,0.5644206651631264,0.5661603187795972,,1.0,1.0,1.0,1.0,1.0,1.0,1.0,1.0,1.0,0.7975218271667681,0.8873879677892422,0.9182471474610264,0.939424151118773,0.9547677322939324,0.9600369163600029,0.9388803237058402,0.9023939075694543,0.8824885156442251,0.8551177119924006,0.007272675686506975,0.23973940227341384,0.2880379180087382,0.2869035434680415,0.28429466826335736,0.28631592302923287,0.28890830998140343,0.28608171408813915,0.20711891978906957,0.18939989124252482,1.0,1.0,1.0,1.0,1.0,1.0,1.0,1.0,0.999706802691434,0.9903381573974489
,0.5998509911330115,0.5764132186736405,0.5772992416850322,0.5776143865248217,0.5783713955701901,0.5789231142164624,0.5792804781360493,0.5794518635002847,0.5801115814998099,,0.5163584817866336,0.4446365394925771,0.44512477940577233,0.44908106583626956,0.4517810656075122,0.45422583682775897,0.45639409821848553,0.45810834281283597,0.4600776829496008,,0.5252068348048723,0.5246091138403371,0.5237491419625943,0.5227143641910353,0.5214942683049623,0.5209440349107513,0.5198353306842945,0.5189035105738485,0.5179533173658244,0.44664591633755923,0.40633462150059035,0.4264485248811434,0.45186213777987405,0.4216075142662034,0.4480998677354697,0.40742551379236275,0.3053621503160963,0.30206202420946476,0.46112302987669745,0.7520744690016055,0.7543976586373253,0.8001143191535607,0.8031984681669161,0.7994663736433244,0.799915649905941,0.8005140765558781,0.7984862812482921,0.5847448096572521,0.800689411667581,0.3543005656442716,0.3567546956608401,0.35796723463181696,0.3610446996388047,0.36615547319631475,0.36873662183759043,0.37341955241278685,0.3777702998009731,0.38246124075414545,0.3839473813684803
,0.687619377433712,0.6704240018269805,0.6737905783350686,0.6757703634434367,0.6779539384709302,0.6799295201011369,0.6821902287081899,0.6841865667872725,0.685282055268779,,0.4668686716431705,0.39645997697128826,0.3973943036997449,0.40147875778325076,0.40415724578585227,0.40635019030588737,0.4086589271772306,0.4110523469604985,0.41198756062468317,,0.5169667273094151,0.5154846811272153,0.5141130226607339,0.513074883216909,0.5115675637109075,0.5101685769759832,0.5085459918708515,0.5072291574892946,0.5060040052396352,0.1590898337777744,0.11607291867211121,0.140447591940561,0.17919698114205965,0.13140664515034337,0.17841003386987211,0.1417910690650895,0.03041683258260095,0.05897336864419571,0.0,1.0,1.0,0.9973900214167581,0.9973930141421852,0.9965813014974441,1.0,1.0,0.9989884722270148,0.7343017408118041,0.6682074534619299,0.30725765521923193,0.316328451110734,0.3233311571444048,0.3320168133401014,0.34287689665201154,0.34973901472503227,0.360132579428678,0.3697104618466351,0.3788882865000647,0.38536490466466966
,0.6373469230555114,0.6149046099818742,0.6127321167353618,0.6119350493629301,0.6112243265420564,0.6109672159957705,0.6097484348213522,0.6090660646359903,0.6082675146930968,,0.5373928533925401,0.4653176872386783,0.4663288420801048,0.47017816533999174,0.47267335801197435,0.47480206372447514,0.47699323162200924,0.4789918230889887,0.48089144974221243,,0.23118545286300873,0.23139667539492392,0.2315147407122046,0.23190799891992667,0.23194423956458185,0.23224439053298812,0.23252177927184292,0.23289372066434208,0.23302613820451165,0.7282848802617641,0.7286063836149826,0.7465193907460423,0.7654518880489256,0.7611690443915101,0.7711504737854216,0.7394678163747286,0.6746952988458698,0.6551253831977615,0.6081297331923841,0.35504437510155135,0.35703145150624194,0.35718425391444975,0.35791309119200776,0.35821369934383723,0.3564514385140417,0.35572474816178257,0.3559078094051686,0.2588822944167503,0.2359425048144315,0.2986656312889415,0.30147447380568887,0.3036659367290707,0.30622051099242975,0.3103460629128261,0.3125897222535209,0.31563923162473373,0.3187398319795571,0.32376370081562017,0.32555839457491753
,0.4203533809684222,0.39555837520234416,0.3936742165907195,0.3932568540290137,0.3929560640181953,0.39296221696218564,0.39240535457826003,0.3921950042161703,0.3919756000225888,,0.5926675258224811,0.5244743238558031,0.5253715862648372,0.5287114760405043,0.5308604501452837,0.533067657341602,0.5352171279351844,0.5370394331668826,0.5386317467567804,,0.6035298542154478,0.602903284276935,0.602195071067697,0.6015959615707864,0.6005557514951929,0.5997220207865211,0.5990854252503692,0.5984630367329853,0.5979535006764958,0.6855273669247195,0.6839247291928509,0.7108879538649582,0.736702724436678,0.7364845205346224,0.7531499118188094,0.7273363964831965,0.6693354214992189,0.6586425289240975,0.6150359020986874,0.6166620334400787,0.6192435498746964,0.6870354274591799,0.6937901533283553,0.686341963333673,0.6874580181158404,0.6863746668634886,0.6872132493966485,0.5047432312602426,0.4587107225794626,0.27593216712948365,0.27230794927773516,0.2697306271595117,0.2679334681418926,0.26787538631400076,0.2654213056829148,0.2640612721383245,0.2631311325854418,0.26207774704013226,0.25848179616643185
,0.5189825315879072,0.4938769776001765,0.49226626143664504,0.4916711190297424,0.4915942251768188,0.4913043299546692,0.4907846435195466,0.4903969299041546,0.48990111317083623,,0.5618720276873675,0.4907811738504003,0.49168580723639144,0.49513834712017907,0.4977022876795163,0.4997642658176354,0.5020598276642471,0.5040251721103368,0.5055125262696857,,0.6441540594730667,0.643754755729103,0.6430086479298686,0.6423763596575287,0.6416193317403163,0.6409410938180723,0.6402937743017826,0.639587480533022,0.6390846732626128,0.663187859848421,0.6465510740758538,0.6663567282314969,0.6873158502556914,0.6751963865393169,0.6872280048545953,0.6501594243874906,0.56780860144598,0.5487224518910435,0.6888534340297362,0.6481835111414981,0.649797455562059,0.7102745264034965,0.7138515018296945,0.7126037019710351,0.7130638407623485,0.7144005236581867,0.7109468683517929,0.5232162397553854,0.713644331668546,0.4894314329766322,0.48730387916723794,0.4861138973635791,0.4853443343138033,0.4879585454528732,0.4887014684844328,0.4900418956356832,0.4920294052512396,0.4921722276923834,0.48932082734485755
,0.3966918104885021,0.3678638393639289,0.3661455691013319,0.36410717825386457,0.36302973160854446,0.36225584517094195,0.3610057255948787,0.3598286998327582,0.3588058860305165,,0.6049263700650611,0.533736267744257,0.5346783967963586,0.5380053407276809,0.5406664865429327,0.5428130125692088,0.5449930851476017,0.5470760970756663,0.5486668419963735,,0.8716515068629956,0.8714738172984658,0.8711379865111076,0.8708863660630926,0.8705011009089094,0.8704289001159977,0.8702620187398729,0.8699242727827559,0.869756486008781,0.7992596720433198,0.8985125747129705,0.9279747874021042,0.9493605574858757,0.966557699923294,0.9721894899407565,0.9514685857276941,0.9155784432911085,0.8942672584579565,0.8648416060859272,0.03272057533847455,0.28709409264212105,0.3141163675071064,0.31510674949516243,0.313789265433868,0.3136456680883061,0.31697840399131594,0.31392846429871973,0.22947801272684876,0.20725180217904227,0.7182478957269369,0.7195597549341028,0.7195135598181456,0.7193644243196922,0.721619643654456,0.7211782710907786,0.7214978370102663,0.722891936867862,0.7230254323817105,0.7157970733656551
,0.7012547235623161,0.6817833815900517,0.681759041387955,0.682301354809776,0.6819982683541153,0.6820598781889461,0.6803882630002603,0.6810332024740597,0.6811930392106518,,0.4976467276728563,0.4256972895335547,0.42622799159434,0.4304479792419706,0.4329842421037835,0.4349597965383065,0.4369476213013482,0.4392786966310562,0.44114264975802026,,0.3608462804856144,0.36090390535352135,0.36097424359833563,0.36111463574729896,0.36095988013107166,0.3611226557070033,0.36114070953478594,0.36128769073446154,0.36133043323003594,0.39954236561495937,0.3724166786000446,0.39941226838648375,0.4322439298877453,0.4067239149478206,0.44037788187014826,0.41006184681805474,0.32413696629342553,0.3359990284851583,0.2895160395569871,0.7934196688934864,0.795001927319621,0.8300504794517062,0.8347862806767475,0.8314265673598367,0.8323857099571214,0.8318400775479733,0.8318964120046399,0.6093877633903778,0.5553774279896324,0.6300779952144092,0.634638951159753,0.6372582801947809,0.6434059593754224,0.6499166783091052,0.6539031124247728,0.6602371188245744,0.6657522464457327,0.6714421038497241,0.6702315937787455
,0.5783668182251848,0.5541005670338485,0.5528379806750745,0.5513994804217695,0.5507248628514559,0.5500694153173316,0.5481491543209871,0.5475213997664099,0.546866009815232,,0.5573618897262732,0.4863178893964062,0.4872794201846664,0.4910435686956386,0.4939131393492228,0.49591090228040535,0.49782312936871975,0.49931760732308583,0.5014828342020597,,0.4966181517451803,0.49700416812544435,0.4971352275693397,0.4974672750970394,0.49728186283696957,0.4975306907770719,0.4976265860328147,0.49783572807555976,0.4982172360836866,0.6868361254606051,0.6851138889523769,0.7122919986846942,0.7388039519729669,0.7382154491882778,0.7545340016722423,0.7295534019941489,0.6727167111165612,0.6635432763724127,0.626558513588408,0.618060502432849,0.6204820351977761,0.6876382271834912,0.6887398151680445,0.6852482753832295,0.6894448865357092,0.6894989847997622,0.6866773698994503,0.5037983705959159,0.4584128503791991,0.5420330512388094,0.5407664450145456,0.5385720459786137,0.5374322765104206,0.5399582263032275,0.5389184790510575,0.5401188901309815,0.5401192163473074,0.5415261738162486,0.5360732101729678
,0.6346236331011152,0.619407364379031,0.6222327838330409,0.6243556614495821,0.6266120948289163,0.6290251763831866,0.6281426381838525,0.6311165453856894,0.6332957051616364,,0.4904196698814894,0.42404110663088007,0.42481257780449405,0.4280541395051792,0.43006889581433233,0.4322343723785173,0.4344959940429136,0.4361889274083708,0.4379998650508781,,0.4928610872859524,0.4918030499201547,0.4903052894824138,0.48895652702381265,0.4873320410340803,0.4859036204217366,0.48458119717620207,0.4831486711826747,0.48169950569309505,0.35958607727952996,0.2880288910380537,0.2742079045432487,0.2790920806445448,0.20745236640864137,0.21243952662665488,0.12535256779758472,0.21154020381279043,0.30404860848211923,0.32772452563467147,0.5910642857378119,0.5903832525156393,0.5035826160784062,0.5040797067687864,0.4985322829163417,0.501537302929359,0.5029468162376443,0.9981731950135543,0.7326820417863191,0.6673959010197977,0.3861787073104097,0.39634451582622926,0.40621512570246393,0.419480491750534,0.43597881556362705,0.448128341973281,0.46487212371845493,0.4797571440250359,0.48919969516552486,0.49192820639469875
,0.36059005996433613,0.33068706730073466,0.32784434751937097,0.3251288598596365,0.3233834353883431,0.32199682968439025,0.32024679345759133,0.3188234913120878,0.31742791628091876,,0.6176952823556133,0.5457660162397154,0.546609014166333,0.5500894343236581,0.5523716987531406,0.5547819086127612,0.5568802243390063,0.5591914697122632,0.5610148782308657,,0.8300659822688201,0.8300436588300333,0.8298212292988827,0.8297464014405365,0.8295720220273867,0.8293962613285335,0.8291223436200672,0.82872357382419,0.8286652714369493,0.9184763572383042,0.8967922148868768,0.8824042072544485,0.863416952907906,0.9738797398009327,0.9934524088390708,0.9844164249332116,0.964135317300777,0.9542624893390275,0.9447965242709515,0.010252662641944955,0.017182286289371636,0.0015661098098992943,0.004778904984276521,0.29862767268937435,0.2921978324693491,0.2928239491610234,0.2937930315142174,0.21344934614373268,0.19007184072838557,0.6042467863267169,0.6042883114105381,0.605916972697231,0.6058145858299566,0.6082712448758186,0.6084020642796701,0.6082234128511453,0.6064773778257416,0.6037114002056225,0.5978106807857667
,0.5446524911401714,0.5205737470386885,0.520178489182108,0.5205548493987877,0.520353054428717,0.5204248696123893,0.5206286712722412,0.520542870280631,0.5204573455876403,,0.5513880163196293,0.48062245634597794,0.4818293856960565,0.4855389905779253,0.4881561227999931,0.4904187557507417,0.49258350708229853,0.49468272353613874,0.49627120335819835,,0.487509492111768,0.4867717416374245,0.485976270367006,0.48510800019034966,0.48391016016250865,0.4830638760444134,0.48217039016876173,0.4814240911421849,0.48065574085159546,0.6410931757032919,0.5941445584442918,0.587518966279154,0.5807850300902697,0.5205889141718004,0.679416675720954,0.6877213161115221,0.6591077619939566,0.6833670871767703,0.6848070336464003,0.37976518039598606,0.38142087661644974,0.37265680356628933,0.37454973171426137,0.3728214501052808,0.7423394540258307,0.7402499603395223,0.7408844479511301,0.5436864999146691,0.49217595627515065,0.12949246457420777,0.13180059813993775,0.1337144971558052,0.13676036540891615,0.14449019427508175,0.1456432912768822,0.1483552075214548,0.15095228671387512,0.15056152199141432,0.14783621709599418
,0.5819077280422912,0.5602193701016358,0.5611411069377643,0.5615888028891938,0.5623946071549524,0.5630630752749819,0.563695759911615,0.5641363129264442,0.5643508837351144,,0.5317228793982118,0.4616956212609088,0.46273760474801556,0.466019122628489,0.46869659415527637,0.47081254073709583,0.47227727257567464,0.47451300957371434,0.4762516744569655,,0.6664299111096061,0.6655496065116807,0.6647852582649295,0.6640466994244688,0.66299160904382,0.6622671450010212,0.6612775663201977,0.6603484618036382,0.6596612468822687,0.5007896091913515,0.4412070316436739,0.4346150538213667,0.43469491425326806,0.3696592352313337,0.3562792176612287,0.48287768385556884,0.4570895264754613,0.5068889221059798,0.5169392392732518,0.4556634095815754,0.45461290728027454,0.41757944296542465,0.4191687040500527,0.4163473120293818,0.4156087858149703,0.8335242375329106,0.8307540591105761,0.6105246111488996,0.5576104844327653,0.4836755088104492,0.48923298005548294,0.4952680396882457,0.5032330665995315,0.5143873970716207,0.5242478070769756,0.5355218811077394,0.5412199588886236,0.5451246311025163,0.5441032683598155
,0.6940300029539862,0.678636034421276,0.6824000252345352,0.6848084837700225,0.6870028221303464,0.6890395395881904,0.6907093427092004,0.689526516816115,0.6920499718813926,,0.46445358189484265,0.39539223986761496,0.39657246288085407,0.4004032355549243,0.4029415479389423,0.40468442418640194,0.4068563260897198,0.4083505428931533,0.4105402552159684,,0.6586957777107445,0.65737479553711,0.6561672084569035,0.6547469216864381,0.6533595827883084,0.6520473925659535,0.6508413704141424,0.6493852118146735,0.648402811399488,0.387502113751475,0.2968531592827626,0.26515036761966815,0.2352020843531071,0.3454561271125897,0.41861822079045,0.41487967322217756,0.3588097140660987,0.4020988869548956,0.40076872075796194,0.5128265172774078,0.5149775818677228,0.45602123387432897,0.45489542887529866,0.9042116120369921,0.905738513398804,0.9068154139420299,0.9036053432788856,0.6658984587039295,0.6046998599467404,0.1535319029326385,0.16355238908636283,0.16976037185943393,0.1846435901606717,0.19640550881245228,0.20488452961984976,0.208993607462536,0.21257456961130403,0.2170089003940429,0.22247175766574556
,0.6298505999914805,0.6129945394570826,0.6159151341614065,0.6176208085594262,0.6174350199302319,0.6205506972245274,0.6222750647078984,0.6241130399059512,0.6256401985339268,,0.5003210126772326,0.4329887697156154,0.43411626773861767,0.43770265373433054,0.4400561597490632,0.4421796512788509,0.44417147583619837,0.44604226450123025,0.4479635457786831,,0.6154636111452746,0.6142342914763038,0.6130309703984784,0.6119336329803752,0.6106191727564593,0.6095766228531966,0.6080859896598295,0.6066052168970314,0.6053057748195438,0.2852136880935524,0.16907937072483642,0.11363420495898252,0.2920545163411905,0.2886974037711529,0.351003883306495,0.3403106743008719,0.27340869364914816,0.3190420464275481,0.3138866551408653,0.5512602634982816,0.5513683605565807,0.4764814894651792,0.9512886634436123,0.9475041885774508,0.9480041260952291,0.9515211005421215,0.9477444148648678,0.6970882381215984,0.6339239021835835,0.43990761480700974,0.4509401045082263,0.4609040392226586,0.4751917971086241,0.48618879449687097,0.49499030580017633,0.5022095684246868,0.5086991800043801,0.5158479690063641,0.5173639472852173
,0.36746734929967423,0.33770293522848954,0.3352624404202009,0.3328672482188059,0.33157927308411195,0.3299865114168971,0.32821654352218643,0.32674930847545103,0.3254492023230034,,0.6147498441493962,0.5422903255502263,0.5435127887913704,0.5468048692477483,0.5496366079656798,0.5515419385847752,0.553759140005319,0.5556904799710665,0.5574098720936254,,0.7601355775072094,0.7597786871387979,0.7595048918135865,0.7593378422315696,0.758904495044393,0.7586867270755366,0.7583658443507061,0.7579213712918323,0.7578909003225496,0.792315103198074,0.8813074122693435,0.9110273529023754,0.9326403858730885,0.9485357638637001,0.954925048584108,0.9347343809491337,0.8988023795631438,0.8803580993658314,0.8545479498276364,0.013513297207588721,0.2526002243939366,0.2954046796280181,0.29390423399000826,0.2917807339803307,0.2931294784019824,0.29469007625518295,0.2939885259610365,0.21208491241325977,0.19424396247453718,0.545743911356382,0.5451234488094946,0.5423843288324515,0.5409074985538658,0.5411478662103043,0.5407724802701701,0.539797991088625,0.5393409624154017,0.5378538905546922,0.5315526426677959
,0.397829728646948,0.368555180087681,0.3665557297383273,0.3643933841500627,0.3630318634417466,0.36215059688289125,0.36049664977039386,0.3592068313699129,0.3578807275743618,,0.6035947544755286,0.5315050883753509,0.5325942393786478,0.5359127850991233,0.538391656823019,0.5407430866888213,0.54275900509594,0.5448382949159234,0.5463064747194539,,0.6287164610378054,0.6282321056663135,0.6277413181879903,0.6273440717830656,0.6267903922322188,0.6263166641405704,0.6258593801410749,0.6254621257438253,0.625135744362693,0.8679062261555841,0.863986222056561,0.8777050826687095,0.8894679467470382,0.8906127375491505,0.8880779776218571,0.8505835442471985,0.7840402776606323,0.8873776102405715,0.9011884729467948,0.2711709605247892,0.27011110303868446,0.3061196135320556,0.3036079014293516,0.30406593103053015,0.3064569791715704,0.303500683229766,0.3059092862699709,0.4445452001710381,0.4033841564715168,0.27427157014748554,0.27250837180793397,0.2689211220536381,0.2656844902266951,0.26626254782221354,0.26451606955887236,0.2647565677609328,0.26366708095987806,0.2624679334827875,0.25555011863735577
,0.6636626780001003,0.6488062910056929,0.6527477815564094,0.6550791470610653,0.6577138319418598,0.6600859977743765,0.6618214239769379,0.6638068013114926,0.6653900349566007,,0.4797478276842836,0.41352154755996023,0.4138929572951829,0.4167212807640957,0.4195937699391477,0.4214735081554851,0.42344801332665216,0.42566410085983414,0.4274293203099725,,0.7963293768861159,0.7951768908489939,0.7940974575848568,0.7929100486609525,0.7914712061427416,0.7903183577213949,0.7891456320214418,0.787642369933314,0.786484610596656,0.0,0.10651427752045158,0.15837013856047602,0.2062388280496207,0.17109607183419887,0.22416086456553033,0.19643266846065927,0.09818973648062511,0.13345366295132297,0.09086741669030822,0.5886612287556355,0.998735027712252,0.9970455260816279,1.0,0.9987329701955261,0.9953264691583176,0.9988757111826282,1.0,0.7343583999597977,0.6674474652795976,0.7015797324725321,0.7180144129451712,0.727635899145084,0.737517215601151,0.7495158623869895,0.7587792032499083,0.7699706434339921,0.7786803563655282,0.7868959128008434,0.7886702927698215
,0.41776696698656746,0.38836175867923767,0.3853905422138909,0.3822673929858955,0.38043252777072617,0.378690736574112,0.37668658177835446,0.37485583977850717,0.3731722631682862,,0.6286029574337908,0.55679780540344,0.558192878884689,0.5611766031296563,0.5636545535172064,0.5659401123461232,0.568143754894028,0.5702456561913067,0.5719145655428659,,0.4828526498046029,0.48312089851453544,0.48330666702296365,0.48372249797603645,0.483686257793363,0.48403181998538386,0.4842037647420755,0.48442732107647213,0.4846045152920304,0.8961399667264813,0.8799696655686579,0.8799053884741307,0.876506880509779,0.8570646937681544,0.839436760461998,0.9204299190352361,0.9085253594496553,0.9096559824568212,0.9073227444592198,0.009773882972572935,0.01003707715922647,0.008072026896052917,0.0023683582854809385,0.003972090492260687,0.0029924369459505,0.2870164202067817,0.28873553782964956,0.21041593761390265,0.18888048587516817,0.37411574555618177,0.3727102342856964,0.37184221330407163,0.3722058418631698,0.3748775841087522,0.37397291704438823,0.37475707012984,0.37476995113060985,0.371603127285744,0.36449015711176985
,0.4084784900083207,0.3805487650864772,0.37847527637553463,0.3768744124587831,0.3757950270149357,0.3749142048954495,0.3735081286224262,0.3722868736353737,0.37136128186789935,,0.5987007242833402,0.527121805538464,0.5283731909538432,0.5319356517450106,0.5344691460813501,0.5365392283684597,0.538673322811202,0.5401979674820802,0.5421266000020636,,0.8014835379181715,0.8011110807465908,0.8006975387419997,0.8004258176191599,0.8001375134912999,0.7998427591087434,0.7994992577747031,0.7989801461910403,0.7987249368095227,0.8781987274535459,0.8720238453765766,0.8805851700717646,0.8871952883393848,0.88175819412725,0.8714635269652221,0.8209729058719316,0.8942866159805559,0.9098950239127239,0.916222553329187,0.2867433568972064,0.28840810559653884,0.3181903870484938,0.3156787541046711,0.31393784424053334,0.3157184561950433,0.31705796815919773,0.6285987684964977,0.4592070397926537,0.41784572799412156,0.5396981918740492,0.5384342015903317,0.5350595871890976,0.535657499691355,0.537069716350397,0.5376877248485641,0.5379389036723897,0.537673673220324,0.5360415003879303,0.5272437665328162
,0.5291196048217386,0.5045581958237132,0.5040570383248694,0.5033079017346693,0.5031887568430489,0.5031972958877384,0.5028515577726209,0.5025757366586867,0.5013903807658775,,0.5563896656128077,0.48564089514693315,0.48660399972560253,0.4902272874462363,0.4926934559491331,0.494822666219412,0.4971000779331195,0.4991643203267956,0.5011370567923716,,0.7375632302392476,0.7369462726494312,0.7364704727717357,0.7358483032113077,0.7352418501663673,0.7348312173946846,0.734242167263046,0.7335569297614044,0.7330423485608378,0.4939685360070113,0.5953333696743528,0.638713031438092,0.6724466542725329,0.6717750049454293,0.697441009690564,0.6761477349357832,0.6210024627424854,0.6239053002399738,0.5946259843710833,0.3575416596821392,0.6471465491885704,0.7128936464413625,0.7148962308417373,0.7120362570648276,0.7100432538477934,0.7113761954074288,0.7106960159458293,0.523147992827546,0.47650980733877185,0.656827323004692,0.6622465422220344,0.6627200764492668,0.663842676862226,0.667839987246225,0.6689626143095871,0.6709860928285575,0.6702476806635904,0.672829479224151,0.6681109628888582
,0.7107024786266021,0.6914339796726217,0.6914189313564764,0.6913198286366867,0.6908293353622108,0.6911077860843056,0.6913129903084281,0.6913288806032055,0.6897261135384851,,0.5034809815604905,0.43124737180205375,0.43222131839532324,0.43587027415698204,0.4383725535445434,0.44046324858137004,0.4432363529840418,0.4453895919590417,0.4470058195508458,,0.25627342340045667,0.25674433072113356,0.25696791985473116,0.25725559175166907,0.2572243393737556,0.2576374145365822,0.2579767219671725,0.2582074598931605,0.25838907271058453,0.46754218523585733,0.4213825723892021,0.4359287294486675,0.4551594482850888,0.41646355182314193,0.4337016593854822,0.379700484078186,0.2559178394329129,0.4600580604688515,0.4961204293902689,0.7540562939780595,0.7553876759635568,0.798662785555983,0.799785028925721,0.7954219144403214,0.7959158098708402,0.7986897761681409,0.7972863921384732,0.8773482748281528,0.8005736914812471,0.6097717270216688,0.6109900780813444,0.611874420518013,0.6147547776858289,0.6219404923803338,0.6244178155081124,0.629771994178389,0.6348459303126487,0.6390297894231856,0.6337670019918035
,0.6415665092547271,0.62609766690087,0.6297212679536313,0.6321330285552326,0.6342962620814689,0.6363314613803527,0.635659757737388,0.6388779415775161,0.6410762693341748,,0.49013373018180667,0.42375057575311115,0.4242714137247245,0.4279131509685763,0.43037827872450624,0.4325328202592874,0.43414795203877893,0.4362564877416812,0.438166658551989,,0.5759299412439387,0.5747095003969513,0.5732168054231604,0.5719719952803667,0.5705655740777354,0.5691499025695081,0.5680462035119984,0.5665631611114839,0.5652831055253824,0.2833094165069666,0.1863243380099223,0.15575363911613174,0.1344433651716629,0.0,0.23475905938906524,0.25565078183010403,0.20261106665134404,0.26932593397700505,0.2774395825707747,0.5923171322839296,0.5939209589573702,0.498300732223696,0.5034034300034619,0.49939873238504134,0.9958025444073809,0.9985813602599454,0.9951993791185939,0.7338556588633892,0.6671632945817992,0.372094932073171,0.3838619572911045,0.39383466927179084,0.40825020848081667,0.42695981162472296,0.4408354720338184,0.4533285104587841,0.46156632748136545,0.4689270973574289,0.4717136577621762
,0.344291266919079,0.3141113664058194,0.3112222063297032,0.3087272671632008,0.3065880956283608,0.3052934431474161,0.30357400614634855,0.30196141438299545,0.30067004995856056,,0.6226259953651081,0.550549511731055,0.5516773992977281,0.5549302823620376,0.5571643453895025,0.5594625618969263,0.5616383567110803,0.5634998766634536,0.5656997140483355,,0.9424930727936822,0.9424365087127691,0.9423051944883832,0.9422686235804076,0.9421096380203721,0.9420730840980344,0.941981114643206,0.9418313125781544,0.9418057576459156,1.0,1.0,1.0,1.0,1.0,0.9808657337085118,0.932826290092229,1.0,1.0,1.0,0.014022957358962848,0.015896561538764044,0.004856586942399831,0.0013412679287144423,0.004153935595577266,0.002558512243588723,0.0041310986520423235,0.29464627507357777,0.21502087617672033,0.1938971211289943,0.7494607676002353,0.749349655267247,0.749895919239701,0.7504909355969379,0.7532238321309627,0.7548044861167199,0.757276339727751,0.7579710106139657,0.7583712874929507,0.7507392420351041
,0.6562649685486357,0.6362116143327651,0.6378927460555793,0.6388052572791079,0.6396417025159972,0.640781303062969,0.6418247680347622,0.6425338805847254,0.643489332763812,,0.495505303801155,0.4242117599677495,0.4250681520810712,0.42877230852299825,0.43121754362815956,0.4334253904525319,0.435605859997725,0.43755809545831825,0.43970803661989755,,0.564542033100819,0.5633963941146372,0.5624595228553009,0.5612654060046234,0.5601031709824184,0.5592314107387318,0.5583322073259479,0.5571382391764998,0.5560042615312691,0.3650526138349205,0.3178730803198138,0.33530174073715147,0.3620434361812178,0.3247189095322997,0.35773809705642523,0.3214470948596372,0.2211716654395578,0.23376028206872726,0.3755051925989822,0.8363323288128379,0.8403396138158756,0.8670490042309297,0.8708349895239859,0.8722577525314766,0.8693007793637089,0.867538363158221,0.8659639821197389,0.6380367587721514,0.8713368351121991,0.5827409878830435,0.5862641340666159,0.5894067717771536,0.5953768959779082,0.6052041852735299,0.6097218329162687,0.6168863221197854,0.6250003191787605,0.630609287886961,0.6332303872038284
,0.644048623537489,0.6274540491711392,0.6306728068586437,0.6328046268885499,0.6345519643117128,0.637187237380567,0.6387469446350535,0.6404582791171003,0.641728946976713,,0.49034948494788216,0.422347217890974,0.42302939093190256,0.4266607073484977,0.4293290399929085,0.43165536121477194,0.4336798560002361,0.43573871621346183,0.437131877832522,,0.5352611164376442,0.534064212399991,0.5326283055627333,0.5312587527439215,0.5297849033368714,0.5285088008879824,0.5270185058155278,0.5256301217702483,0.5245489087363405,0.22292075700889047,0.06006413088927684,0.24301861057486907,0.3077423316914666,0.28849524203727156,0.342762705762608,0.32496273127166075,0.249006734464503,0.28796807115696327,0.2700852256615308,0.5481486080154523,0.5499185012068605,0.9472012518397877,0.947970830715808,0.9463909448444886,0.9477197714893714,0.9475479169061594,0.9496812039717208,0.6974536364269112,0.6331031547691489,0.889176102944246,0.9032506320559537,0.916874859095641,0.9264010818167147,0.9382262787192587,0.947924023937244,0.9576168520644062,0.9650296238951787,0.9728192182714384,0.9732647324865185
,0.6801909520780418,0.6630556723606201,0.6659833672009986,0.668191781131693,0.6700664114395208,0.671863599151981,0.6731803532885718,0.6745964473449638,0.6756938492217031,,0.48271664258913183,0.41278927471645355,0.41379249849192346,0.41809202285501446,0.4202682847025842,0.4225159782970286,0.42448105228419725,0.4261428758956116,0.4278739066507721,,0.6522797705250346,0.6511924182447304,0.6499398007806544,0.6490981396289934,0.6474952288559608,0.6464654086302479,0.6450009990283763,0.6438285136897524,0.6428087447321456,0.021113149236896854,0.10338619291329419,0.15333367624031696,0.20226314021570346,0.16692827453412964,0.22047498618920924,0.19420464642314156,0.09919658332428993,0.1405507564018259,0.10930728940730618,0.5506880079173888,0.9390516105767307,0.9466117991694555,0.9485430475668614,0.9472010602792044,0.9489648937233682,0.9488171407538399,0.9473328719308548,0.6979649194592024,0.6331222803701754,0.7460597750423091,0.7613678993153118,0.7697415922392944,0.7810705760267821,0.7919058749199247,0.8010302970932616,0.8116456255783152,0.8209047490418403,0.829960013739612,0.8329122417583199
,0.4324303543445425,0.4104643595945509,0.4098151383506013,0.4095602872870708,0.40820054467827754,0.40829090441604937,0.40843956467471904,0.407926268453507,0.40846582892632205,,0.6252923489926319,0.5648088469981463,0.5657548867448017,0.5685234525180677,0.5711116263386422,0.5724308647429764,0.5736609602864473,0.5766122001950424,0.5780988656460505,,0.6973368564402181,0.6964947671421035,0.6958487975934461,0.6948667985208006,0.6939826938494953,0.6932696754830825,0.6925519649149864,0.6920131111640621,0.6913100837721999,0.6457288428065782,0.6202877952144566,0.6357249479538596,0.6519709943687755,0.6326563507070626,0.641486073041581,0.5954761587277857,0.4964743711113139,0.6565832000144801,0.6845308968870484,0.6486383619538854,0.6498804401799934,0.7122691682894154,0.7169503657512009,0.7124054986251508,0.7123581872411285,0.7149037257766698,0.7141432413064412,0.7852170434604926,0.7135787005418821,0.3858256456277687,0.3837175500135653,0.3824361863827456,0.3817034618849746,0.3843895949022523,0.3833310452409128,0.3835188035621253,0.38650155067238584,0.38701396390851706,0.3800235679301886
,0.4453018212456713,0.4204359729774649,0.41992851436353523,0.41921074677436804,0.4189126917819708,0.4188911586856942,0.4184549588447983,0.41808745809729686,0.41773238848227023,,0.5814046830347976,0.5124183642716538,0.513353313115697,0.5167266360153118,0.5196125812817388,0.521504768714784,0.5235089122468095,0.525401318382501,0.5270575454221814,,0.5712702159690854,0.5706920518544023,0.5699049787134075,0.5692793561882505,0.568336161780539,0.5677908966525517,0.5671502743789162,0.5664552198687178,0.5655230628709355,0.7946558688352106,0.7984876964099414,0.815326755690851,0.8343261367076378,0.8379450202266313,0.8449909279187026,0.8166876927811096,0.7620282252762185,0.7416995205389555,0.6965940358164375,0.3560145484064467,0.35951698773247953,0.35770529842342774,0.35927605952004743,0.3578703503036718,0.354980358673276,0.35887778927633174,0.35833421150174505,0.2622969486003806,0.23927586941889092,0.5239779475704471,0.5254973997570177,0.5270698505124752,0.529153420132399,0.5330087899053491,0.5359128182841367,0.5388179263530704,0.5424895801295572,0.5438523782230765,0.5426913311991626
,0.6095937172703049,0.5926302934940455,0.5958365682443334,0.5972599745959537,0.5993935460185962,0.6014754669243216,0.6008418306858984,0.6031714590361212,0.6051253467282026,,0.5088945485673717,0.44266602131258087,0.4437984390043852,0.4471765893965951,0.4498729012860802,0.4516536544795627,0.453359941452015,0.4549093866559544,0.45676744673371167,,0.6740571813550021,0.6730585239819022,0.6717554979752022,0.670571405836802,0.6695136739080444,0.6683957208698622,0.6673001023878333,0.6659608990721514,0.664862646302572,0.3864437146364324,0.31175651854636327,0.2958213279134645,0.29443901260213734,0.21230561701217107,0.20053540143132895,0.3312795765488849,0.29963787708004874,0.3644778674667121,0.37791667986325955,0.5526048161000068,0.5530335548766673,0.4770570729095705,0.4734575437692241,0.4766709807777444,0.47766167795793124,0.9495438503242537,0.9494718745198696,0.6986912275919661,0.6353181821069135,0.4133098590451729,0.42185048358832217,0.43111887905602675,0.44289769175010363,0.4570712132127166,0.4709323189947086,0.4844557043076979,0.49511372087985683,0.5024657543409314,0.5031190896353882
,1.0,1.0,1.0,1.0,1.0,1.0,1.0,1.0,1.0,,0.14217201679475266,0.06305127174577928,0.06328245708330041,0.06817632853815579,0.07110690779124243,0.07382699969859534,0.0761206960149625,0.0785157974638805,0.0813489747466415,,0.0,0.0,0.0,0.0,0.0,0.0,0.0,0.0,0.0,0.7784350034138703,0.7003472140508022,0.8318081492967381,0.8662717387250933,0.8805947061838076,0.8934023595394371,0.8733502622222806,0.8346167265019585,0.823367648355913,0.8004982932674461,0.05669435537261896,0.059517488844193236,0.3499444991905491,0.34760487231911485,0.3491744123885339,0.3486695426612253,0.34717374285662117,0.34877451299994533,0.25342375339475076,0.2302300104675606,0.2889215637201502,0.2913907423100931,0.29328707877388505,0.29484884412559764,0.29663917858499106,0.2958456418624781,0.29782058890787577,0.2985967399628653,0.29765404877196494,0.2947581886742277
,0.7437002799390688,0.7266581763533558,0.7278506037509551,0.7285125008109161,0.7294058322003284,0.7300581520211828,0.7304770600075019,0.7309780689190926,0.7317929496819539,,0.47850699112538514,0.4069502274096059,0.40790655972283046,0.41242527900379,0.4150847196685526,0.4174126838807264,0.4195730245808065,0.421486106843934,0.42392894430798905,,0.42673012947451866,0.4269227141146204,0.4271156009956842,0.42711699932688607,0.42701985061391406,0.4271747729112391,0.4273133367895362,0.42722337940777977,0.427272271123208,0.3071227109391421,0.24546540780663664,0.25431893968583336,0.2754767817459437,0.22194797365820745,0.24950176101468485,0.19690034337446918,0.06234091971519002,0.2793407623949355,0.3224906682617557,0.8834089428830411,0.8865433303977635,0.9007352111749259,0.905024406404079,0.9060689037123645,0.901450079365525,0.9091123322705548,0.9050437210634014,1.0,0.9077816973186167,0.6770444694613551,0.6818416868708506,0.687810510600303,0.6945470161160098,0.7032308892083894,0.7112583772824165,0.7218207663600953,0.7303664895136351,0.7386237518051605,0.7377738967832818
,0.5208086281166425,0.4975489006156715,0.4972908192676224,0.4970210567728944,0.4976352195648171,0.4980391052138454,0.4972297806884183,0.4976203555090691,0.4976394847354488,,0.5540981480100011,0.48474204396322845,0.4854356369754673,0.4886205357440381,0.491635480588035,0.4937939802265045,0.4958536450693792,0.4978937838098779,0.4999093787038232,,0.6526853144379262,0.6519144312454369,0.6511483686102556,0.6503872917230721,0.6494803871728352,0.6489201710545669,0.6481327832570665,0.647333833264146,0.646633892136686,0.6073546084349205,0.5537654144802958,0.5418980556670496,0.5287466305232551,0.4525974653173134,0.6296055029746708,0.6408048861389455,0.6086961319132912,0.6367353910344027,0.6381278377890472,0.40153602322788723,0.4049351970389676,0.3895320007944756,0.38563030474707677,0.3835155588933982,0.7677777429412054,0.7706263960349677,0.7681238834730112,0.564798260433541,0.5120483737883904,0.4217084463997229,0.4228347418094885,0.4272234302475842,0.43274642235025845,0.4414112302199678,0.4478743006295372,0.45216745672478686,0.45400752194130667,0.4538480246127045,0.4511688113868213
,0.6582064503652016,0.6434906559959827,0.6478281053255076,0.650448694974865,0.6499482106677377,0.6536286755800431,0.6557273577618258,0.6578892935407319,0.6597365906526047,,0.4814932981027433,0.4156007265061249,0.4162029706033998,0.41984522016453785,0.42196745893047843,0.42417355086993663,0.4259207913974959,0.4279267603451231,0.4291997921768656,,0.6965570347370112,0.6950399989273004,0.6939259601502412,0.6928268232534198,0.6912419866708783,0.6903127985649651,0.6889611749651082,0.6876638797354685,0.686456809156074,0.21391957903451403,0.17585629355761834,0.19825324347558182,0.23501719875224508,0.19205616355583374,0.23558195924004338,0.2002195130427142,0.09337890162907553,0.1180740795465945,0.058749738932906616,0.9967552130627724,0.9993942421728924,1.0,0.9974795199320667,0.9969870987196968,0.9963650794681946,0.9981328699385451,0.9923657978594976,0.7316138178746469,0.6677433615711185,0.8075384661225427,0.8169405183226323,0.8255754065335963,0.834313469247109,0.8455243327487804,0.8564758960347989,0.8677915628529501,0.8773780053391964,0.8856556229482895,0.889154736866225
,0.6340092166806874,0.61295952945464,0.6143953036109246,0.6149130212967098,0.6154300603908777,0.6167135432850785,0.6176329356318481,0.6179185899946683,0.6186467936887535,,0.5071664705160487,0.4361044106014069,0.4371729834057802,0.44038641213849666,0.4431953907045125,0.44543605254417523,0.44762375374090146,0.4494489168857769,0.451134073226652,,0.6384947682496355,0.637725898019055,0.6367951352417507,0.6358905168922848,0.63480646253983,0.6340737024023775,0.6332003322672921,0.6322397775047893,0.6313909719046747,0.3894070857823981,0.3163711669744641,0.30744011300501506,0.306407969620871,0.22385818005346103,0.21150801630912344,0.3569650626486672,0.32729989804629883,0.3904635592135251,0.40417634807688674,0.4847897873620378,0.4857499428214205,0.43640565659934777,0.4397550662459123,0.43393159647357277,0.4343475382405933,0.8707724035655502,0.8694598654929923,0.6388444526491324,0.5819211641897445,0.39854136087899783,0.40506997585023685,0.41349466543226143,0.4224184170855253,0.4355173850459096,0.4473412539036404,0.45986318492469874,0.4667858535901126,0.47143595425181106,0.4733535330362618
,0.6462288786401803,0.6300308943372105,0.6309571046912018,0.6338648073210139,0.6362066186843391,0.6382572165298546,0.6399213225052346,0.6417721431269958,0.6435099909346049,,0.4966984821378124,0.4302256280933172,0.4311363839668233,0.4343529423676634,0.4366570815820302,0.43873324413408027,0.44062241271821107,0.4423692434056379,0.444265112794517,,0.7559267471403537,0.7545740372760348,0.7536428995589415,0.7527186563780656,0.7513011091758804,0.7503328365617051,0.7489790700504096,0.7479049401543257,0.7469019895117299,0.08406971798027818,0.1792466721035311,0.22755391662718663,0.2725475673310421,0.2418384371249663,0.2904045944275782,0.263824944059287,0.17279762961211906,0.2055134743332881,0.16889531481618258,0.5545780525096814,0.9405360313257768,0.9474552218558904,0.9504420674561991,0.9493930421581765,0.9460116411554119,0.9524014899886347,0.9487984138180667,0.6983051358531136,0.6377245574016421,0.6024192473478915,0.6155393515252128,0.6224800240566565,0.6334380276229858,0.6421703356401847,0.6508153895195992,0.6615629113170105,0.6685529044843712,0.675107268968153,0.6778430777914001
,0.6465206324915569,0.626853799616352,0.6290420675941967,0.6296153219154135,0.6313522528726829,0.6329594805299402,0.6321868749929194,0.6340896780403608,0.6350088491483644,,0.49189829505765953,0.42142178610642894,0.4217982009824849,0.4256249597911761,0.42868448518448193,0.43043647484318154,0.43312977835389377,0.43478705689116043,0.4364716973868943,,0.48608413920381405,0.4850279189082983,0.4837198225240123,0.48232944112968634,0.4808937812019083,0.47955342970414805,0.4784150983145704,0.47720465296018977,0.47624659975471045,0.38317853432823556,0.3162689171363923,0.31121977266115614,0.3183694862217774,0.2503931344692141,0.2540579546387662,0.16823082270908496,0.26276262837833664,0.3497125797240209,0.37213511864261684,0.5151984525424094,0.5162051343101144,0.4542367254071537,0.453494214472214,0.45634748222425214,0.45556630609304954,0.45462451885039523,0.9065779938117741,0.6642710643165561,0.6050885752960868,0.5576232588626956,0.5668003852361745,0.5771868181897147,0.5885030980910128,0.6022712411592466,0.6134167675510712,0.6271757831881797,0.6401657763970644,0.6491023856742886,0.6509656403540885
,0.5045721388389569,0.48045526803727856,0.4801838705376121,0.47915562103316794,0.4793005983475501,0.47925475301695913,0.47798870385763276,0.47796010371687975,0.4778032438074416,,0.5700456046271466,0.5011097584481907,0.5020873154524508,0.5053634835612235,0.5082507140639527,0.5102955427291931,0.5121656279653173,0.514056690068028,0.5156904516068543,,0.6144197296573516,0.6137153051937484,0.6129935657652372,0.6123103256761967,0.6113828544854202,0.6105342625128634,0.6098373403817757,0.6092136926282181,0.6085926802656167,0.5223098873303228,0.6173550890003909,0.6588097107884306,0.6917507049926737,0.6925809751753043,0.7167668832815475,0.6959192434566849,0.6425139486168462,0.6444970826616409,0.6168165074780577,0.35856670158120885,0.6484048240345391,0.7147547107843717,0.7163746086183943,0.7122350829861804,0.7149763153519547,0.7138730982291245,0.7119109712811041,0.5246782047559818,0.47790962959175454,0.38018737140469644,0.38163019335395904,0.3821054219549755,0.3813242901859626,0.38390094843902056,0.383377116977648,0.3839242229818183,0.3846761974617486,0.38333949167099424,0.3802316682442989
,0.4542398928251141,0.429957015663848,0.43011419618959534,0.4300054402376592,0.430081406504445,0.4303393736969674,0.4301732069823193,0.4301577971116746,0.43028280732733454,,0.5834691612273865,0.5164894688939569,0.5173867028460232,0.5208037364360599,0.5226986588267096,0.5247793462565888,0.5269705033544729,0.5288361733057672,0.5304606444619743,,0.698043014788223,0.6973942713599353,0.6967071586175506,0.6960421307633331,0.6953610256972238,0.6947022892673815,0.6938978528114801,0.6931896909818177,0.6925508490207526,0.5477809502155145,0.4469697071200875,0.6047827150527748,0.6527786553916237,0.6572346343384045,0.6885208922889596,0.672371931438458,0.6235671499119617,0.6337448413394803,0.6168769957569442,0.37995337085963715,0.38044422320495597,0.73855405824779,0.7417098281988463,0.7382023032712224,0.7389919647631532,0.7407810116976365,0.7385782740495795,0.5443343424465945,0.4942992212832879,0.45018888174070615,0.45353987787265093,0.45646396100538894,0.45873609355460604,0.46126401248460797,0.462442393842977,0.46442068767435474,0.46655320029786007,0.46493087788127346,0.4619490657293811
,0.6469298130053682,0.627184152787977,0.6296442600624662,0.6288405229298414,0.6310696933001353,0.6326600926978106,0.6342206377029979,0.6352060692422674,0.6358308466746481,,0.49512911720469677,0.424766378994743,0.4256973866587108,0.4291742846000865,0.4321703730125537,0.4346700347021654,0.436852225059874,0.43824935468114545,0.4401103678598733,,0.5339255030938567,0.5327611468458976,0.5317114820154961,0.5307170115829783,0.529244595053148,0.5282599660272734,0.5270095443560515,0.5258659188231636,0.524827194772616,0.35929123098173466,0.32771404078316224,0.352742614662082,0.38581964477507597,0.3564116664416975,0.39283151495001667,0.36241694211413233,0.2739813656801943,0.2929385552414468,0.2501249631954652,0.8348062700256716,0.8402456088672761,0.8651903865914689,0.8655402843467945,0.866986147227172,0.8649333922088327,0.867954059335857,0.8652417801982822,0.6367119348492418,0.5768726089953062,0.5868994400205051,0.5918712809493767,0.5955675140592493,0.6019551477633716,0.6097151062510661,0.6152217581440661,0.6230699053173688,0.6287399155012176,0.6342263698491966,0.6360361513718357
,0.3852650969603605,0.36020912056050564,0.35930665836231074,0.35850513980255744,0.3585381575900498,0.358502863217675,0.3578264961504645,0.3575458475694668,0.3574261005739396,,0.602261311649451,0.5343006596701643,0.5350559261792696,0.5384060513577499,0.5407006099039084,0.5428709907399089,0.5447530056446785,0.546962760987553,0.5484432563629911,,0.6267585411932801,0.6262445153204182,0.6253535518420098,0.6248708563937402,0.6239356103114656,0.6234149869244426,0.6227664765689251,0.6222162890452225,0.621560614921408,0.7249008919307134,0.678892205830056,0.6598190311825316,0.6295084420322502,0.750790372033085,0.7950767557912106,0.7907876267776225,0.7613593509985622,0.7715829976382061,0.7666920276142452,0.34116365539600785,0.3405083063534746,0.34823431768565344,0.34912823760913975,0.691023219587001,0.6904691049647279,0.6898122435535589,0.6917484778250687,0.505585229767723,0.4606883663088049,0.28797053065669215,0.28705655458346524,0.2874612747174687,0.2890759587583445,0.29191003235111185,0.2907643883583687,0.2895496060203856,0.288152630605313,0.2864294672982655,0.27943834995713507
,0.621982181433309,0.6021106894978192,0.6041837478603636,0.6049736810876104,0.606419911506274,0.6076594461100725,0.6088779884469256,0.6081082527563998,0.6098983906173918,,0.5086521409120407,0.4381526044943988,0.4389966927787865,0.4423188945213207,0.44557091030826695,0.44766920882074107,0.4494742832434348,0.45118750909362076,0.4529225989423891,,0.6399499571948096,0.6388651142275728,0.6378031574403348,0.6368778563642457,0.6356027135707866,0.6344975966088541,0.6334707548465538,0.6323955032553817,0.6315696450954265,0.3203979325849304,0.25934339432720943,0.27190909076410263,0.29240686922199105,0.2376104451192447,0.25971917232936526,0.19840703364959203,0.05164273314757649,0.29332462184632946,0.3379529833244319,0.840641359421592,0.8419696544208213,0.8678957546013428,0.8707724660168522,0.8661676730987278,0.8663537363011214,0.8700718176528015,0.8694252791514673,0.9568486844820995,0.8701744388466724,0.4422738571883713,0.4453315428465043,0.44952927149426763,0.4544006189255215,0.46346672832346175,0.4681074902173003,0.47626616496038804,0.4832588156705692,0.49148972998270185,0.4904807317641749
,0.7303670059726145,0.7155402368549769,0.7150866094956952,0.7167566000260227,0.718009284292525,0.7190835140196821,0.7199027171231729,0.7205396777920775,0.7212195130174626,,0.4788291868575384,0.41012467744719305,0.41085833105885716,0.4147648343182784,0.41763974239669027,0.41929167977966636,0.42183406575112303,0.42331760250922756,0.42561579661195853,,0.33352282537018507,0.3336339258156134,0.3335700544096782,0.3336653983647839,0.3337195167950965,0.33350770109745986,0.3334257895792559,0.33351452286678,0.3335565291662875,0.2637617328059916,0.13405820247758668,0.06531773047580734,0.266878811134061,0.26691486754532334,0.3310250142179353,0.32114703480583173,0.2527350315872038,0.2996527573819896,0.2916997324240619,0.5464628559207615,0.5469766836426281,0.47009175504141315,0.9455263191495322,0.9436053583164231,0.9499228637240693,0.9468986497369706,0.9441451532833014,0.6968530600294195,0.6315475661390952,0.6578875393848777,0.6699100190336781,0.6824832710785361,0.6973707795980398,0.7094718821308427,0.7198001307589973,0.7264191586296457,0.734963159721718,0.74180400630353,0.744212795361298
,0.9292091144396175,0.9852716846022287,0.987530825446201,0.9874651119499351,0.9884653564095388,0.9889135535439612,0.9885335138419418,0.9882271507180992,0.9873602031152157,,0.0,0.0,0.0,0.0,0.0,0.0,0.0,0.0,0.0,,0.0010969558055602836,0.0016219247932739264,0.0021979474521392622,0.002432754602672238,0.0021980778593720207,0.0026958684829292132,0.0022953352430050917,0.0019762530965608343,0.0020578308284192807,0.6979525159192281,0.6616949942529443,0.6573667400366424,0.6550881152661692,0.6074884841445848,0.5824377833178158,0.6990859358607397,0.6856032600767344,0.7130683643988888,0.7183888612469994,0.37876291119403543,0.38053900230935117,0.37275407808601607,0.3738129206454799,0.3702070698223871,0.371086968078465,0.7394991969718563,0.7406589196082112,0.5426129801150876,0.49356738863327393,0.46179769548939203,0.46478978694753176,0.4668957376920151,0.47015484511720684,0.47606994950567527,0.481100314872731,0.48644706984125835,0.48941354957823113,0.48808028701657535,0.483659304389446
,0.6011856900087064,0.5783131587680151,0.5801333036448905,0.5806928766209003,0.581772272508787,0.582503935659045,0.5829863299463911,0.5834609327741068,0.5841065206070932,,0.518044324541205,0.44756687527111,0.4483319855813059,0.4521624267339044,0.4546558861102168,0.4565803819060127,0.45859270509741595,0.4606823864153026,0.46241137024992807,,0.6472013095293982,0.6463190176431521,0.64546869698209,0.6444417729968229,0.6434555856147686,0.6425523273509939,0.6416350646239961,0.6407141624035371,0.6399637219557449,0.4042605261114189,0.3058944027258376,0.2643490421616099,0.4356565693073921,0.4404326158019424,0.49236930313157096,0.48282754735937833,0.42677240493720797,0.46066262659197915,0.45422073675251273,0.4514870762472485,0.45589825887534985,0.417360073650234,0.8330158515995146,0.830774261655021,0.8321282200747636,0.8328544377996738,0.8289178817982533,0.6105064982596637,0.5556527521254337,0.4223774572856384,0.4294659577414812,0.43483378235037234,0.4456138651839267,0.45431004764835153,0.4593240637644423,0.46280719002751436,0.4675571152527755,0.47050014300350296,0.4698339596155207
,0.48347311071009735,0.4580722479446953,0.4571504375008565,0.45575500292464416,0.4554576124375093,0.4553470667307872,0.4534641745201431,0.45339351404235617,0.4529606714503318,,0.5735796796102031,0.5032063061958387,0.504427397673843,0.5075626611351617,0.5101833737429273,0.5125092487505711,0.5147644051769372,0.5163374206875452,0.5180945708146488,,0.7981466896781735,0.7978164655941128,0.7973402099691697,0.7968153463967306,0.7962209041117662,0.795862594985439,0.7953956811063772,0.7949375250607962,0.794639809348455,0.73528964139073,0.6930302677917103,0.6787016174154664,0.6566005865764674,0.7751450305233224,0.8174197385610885,0.814183571009921,0.787550125050807,0.7960827190518341,0.7910636256616854,0.3364056706581392,0.3373034817023436,0.3454608361712725,0.3472890055438965,0.6887026309431937,0.6893030090291984,0.6890705113157705,0.6860654796691692,0.5046694481282925,0.460132537737886,0.7298654903892939,0.7323410054075149,0.7337961040040227,0.7389387703315636,0.7439744917238711,0.744063318725133,0.7456904575578255,0.7469661513110128,0.744459801867279,0.7382817188005317
,0.6415186623426856,0.6238710064737644,0.6284743274437787,0.6310619727170124,0.6337924504172701,0.6362515893775061,0.6386659524956042,0.6411264962237595,0.64254297053403,,0.4945822378176427,0.4289531965661552,0.42948533396120187,0.4332475731708082,0.4353744227967331,0.43768053880850505,0.43963370976638066,0.44138210990055954,0.44326605173352307,,0.5871218880607995,0.5858445105507973,0.5844844334866585,0.5832191054922762,0.5816847301576267,0.5800615772490633,0.5784675703681532,0.5773007846804213,0.5756305762844174,0.3003775299510518,0.20704193063384785,0.17813976070927615,0.16078700184408035,0.03777444967023375,0.2578084896415495,0.2766325157430385,0.2242832064028256,0.28892546179798057,0.2964990023782082,0.5877232314887143,0.5891714584225787,0.5006049417867836,0.49492454395814395,0.4979129743162939,0.9983190758063004,0.9974470063703709,0.9973963105218633,0.7329576339093821,0.6659961764993555,0.36014971358302805,0.3698360816392547,0.38182110868047836,0.39485881777132487,0.41359958350498216,0.4272110862876468,0.43991487101283966,0.4479060115294098,0.45549915128009505,0.4580567392840849
,0.4772483659451222,0.4545933560628147,0.45473141286672414,0.4541082575435449,0.4540465467636672,0.45458727773858726,0.45420293252240157,0.4545061174157713,0.4544210650793498,,0.5731447607810081,0.5056575382104782,0.5063664012055047,0.5097237079024789,0.5121170329246135,0.5143965785990122,0.5166079815694652,0.518321093594091,0.5201914495217194,,0.7052623124330897,0.7045966400951086,0.7040126863212373,0.7033360967617609,0.7025351273720135,0.701960644996695,0.701303940691294,0.7005061636587104,0.6998073306292093,0.6203692487697307,0.5982653150383035,0.6178335886112639,0.6397830484221337,0.6251681066524082,0.6424985347731448,0.609821478191343,0.5338001576601614,0.5228117808773975,0.6431507515230048,0.6818671491938533,0.6822336822519465,0.7421733313800148,0.7433373274956514,0.7396102540932148,0.7408371918925107,0.7417653808853816,0.7398800681541973,0.5430171400990588,0.7411614582395923,0.41640365766007276,0.41472241825738826,0.4138339882318259,0.4130352634418822,0.4154414427030196,0.41727141170635956,0.416188314479989,0.4190385298982645,0.4210721401693283,0.4188037433674136
,0.5520402124078644,0.5290161228196911,0.5293816420529328,0.5293000268155564,0.5283981864603865,0.529292448374462,0.5291605512461007,0.5295737926406888,0.5296373033004711,,0.5442382193673515,0.4741990090943192,0.4751985929504893,0.4786355528696926,0.48055090766957953,0.48324587133162206,0.4849711772407796,0.48683143577454047,0.4889202627575925,,0.6150973999691377,0.6144494911103926,0.6137918544494539,0.6131350444923935,0.6120933055096024,0.6114896716864168,0.6107318028145168,0.6099144526699976,0.6091091421343455,0.5464522790140333,0.5311004467495113,0.5571661463573128,0.585464393370521,0.5716840018874204,0.5968769093870022,0.5696321561543664,0.4989678686317359,0.5028423838136306,0.4626295327889939,0.7173807561912655,0.7166559550604807,0.7682833786226123,0.7705261524938467,0.7708177306043316,0.766818913062574,0.7703386121731699,0.7709935809236389,0.566441712472542,0.5142732983339107,0.4593936687729114,0.4623766561775847,0.4641188850365129,0.46661146519573615,0.4686474550446728,0.47009847729908527,0.4736640619874321,0.4741141512394851,0.47583215590527655,0.47674884538386053
,0.6231799137690063,0.6064712090942462,0.6093702886480089,0.6112627656057134,0.6136700161945329,0.6156308479042479,0.6175208833291805,0.6187572258129298,0.6199694054673195,,0.5039557727143638,0.4372502233257452,0.4377351942324755,0.44187391634053397,0.44417513123890695,0.4465073198062329,0.4482111870358106,0.4498319955907122,0.45130747260492804,,0.6657573097839032,0.6645258475148299,0.6632234537424516,0.6622784673415609,0.6606949350320883,0.6595281972331756,0.6585036638351656,0.6570030869981589,0.6560041380029633,0.3541177377159815,0.2657350132781619,0.2341143123701413,0.21339752155533054,0.08887518616265169,0.3094638370958868,0.32930831990412246,0.28013765102579274,0.3399418156290558,0.34556942708392174,0.5906017658467637,0.5922836688121339,0.503228248529645,0.4992323168958934,0.4991293573584835,0.9964798916070059,0.9968043460919181,0.9950468010843735,0.7321025923948506,0.6685418748837122,0.3440145932131531,0.35354329902592124,0.36571518688930776,0.37857185149429773,0.396050857405823,0.4104190637672272,0.42051852318517174,0.4287099820983896,0.4360818732776176,0.4385141101978556
,0.5395915474105859,0.5147160088275881,0.5142722547443704,0.513507074459979,0.5122245772551873,0.5123261820006523,0.5121527532303632,0.5115886967263866,0.5112504562669925,,0.553449041247318,0.48190196650208406,0.48342547522923435,0.4870684014118872,0.48911185244957506,0.4912248887418847,0.49356701009379705,0.49539442221702995,0.4975175988487883,,0.6369410346283246,0.6365894081949091,0.6359604517095611,0.6355519810179727,0.6346743472118277,0.6341880526674625,0.6336367490971426,0.6328805801726368,0.6324347024617407,0.6159858398621294,0.542887065462589,0.5111657014522474,0.673261600048218,0.694817183188094,0.7305317803229281,0.7207231455399865,0.6819227599873748,0.6932545652754284,0.6832967928800494,0.35339974093306264,0.35733215050999645,0.3583242339778421,0.7126599313145496,0.7102132333393394,0.7113513192649132,0.712180187595005,0.7072168392576497,0.5195913197870614,0.47539858312187694,0.5808833337309192,0.5842778682394988,0.5880372787271784,0.5930785768721687,0.5987942936485066,0.5999131794133925,0.6014425268102398,0.6020720209435813,0.6022328809334623,0.5983969928648725
,0.5366566698932156,0.5116362187443649,0.5101311131905182,0.5084973600892821,0.5074132157940787,0.506778712369929,0.5056520877273156,0.5044852656021792,0.5033840453902642,,0.571213890040537,0.5000791216008229,0.5013832267697295,0.5045569148632822,0.507214968524317,0.5098201854511869,0.512025607243883,0.5136527366896151,0.5154719870867959,,0.48867858879984544,0.489082262824092,0.4892741643530211,0.4895202578001331,0.4893133002369309,0.48987522867935,0.4900565863100376,0.4901347322514642,0.490131907746868,0.7021994813933192,0.6350193916306398,0.7650428329692175,0.8056874744972229,0.8221076455511074,0.8450530637561108,0.8321061486916757,0.7965288903227782,0.794818679570254,0.7800030175651458,0.31819264963068516,0.3194468054415047,0.6643842856798635,0.6688395358462669,0.661707881489826,0.666245040617395,0.6667534028084754,0.6641077306931742,0.48595900509491763,0.4426440848833651,0.48681853393688734,0.48783691156038494,0.4876797949466425,0.4874866186689858,0.4890969642847957,0.4873623266547219,0.4862779663550553,0.4841664413718303,0.48128466720810587,0.4757889402521331
,0.7897305387553112,0.7756149322898485,0.7748394374635302,0.7765631619351205,0.7778313148374435,0.7787748091118729,0.7798323671649701,0.7806172386338626,0.7809715387627524,,0.4560423469544778,0.3844418349041169,0.3853429815886052,0.38897842289758844,0.3921585202228526,0.3939899642602827,0.3963763725391639,0.3982024306206838,0.40016807164285095,,0.07909795187176166,0.07936538506530683,0.07976305753188936,0.07990837241107739,0.07989588372195797,0.08041133626012627,0.08009668796803705,0.08008047110685736,0.0802947528129958,0.3776056546980632,0.34838654279244763,0.3693941525717341,0.400063112262237,0.3693820381106211,0.403647496499099,0.3721281026141549,0.2822335628220168,0.29878294088312285,0.25118993695712905,0.8886445771695897,0.8884920758538226,0.9059401393618736,0.9100115154807876,0.9054288897045564,0.906170330477811,0.909389721960885,0.9073290087116256,0.6644764827991397,0.6070139101925869,0.6608095830945311,0.6666112631587805,0.6713855404298291,0.6775776722990208,0.6846616724016927,0.6907077605513874,0.6985503559793773,0.7043359541077236,0.7126678379504756,0.7132147248604097
,0.677659493997618,0.660301890338057,0.6640511579167565,0.6662266239504843,0.6686205047375563,0.6708606742461718,0.6724297560161278,0.6740068359671775,0.6753698715778751,,0.47007731199473285,0.3999314347047601,0.400959110165315,0.4046163002182879,0.4075495645204444,0.4095191778842667,0.4116338816264244,0.4134616529722899,0.4153558875999687,,0.5847434701371094,0.58357037325332,0.5823594029611842,0.5811803067124706,0.5792401483006722,0.5779814412204768,0.5765141150593713,0.575051584324834,0.5736865958313023,0.24729379607451088,0.1550450965626061,0.13441088903931384,0.12836663791350789,0.020690808083216296,0.0,0.16548365757194125,0.13054407934820997,0.21564037431950425,0.23360672847529454,0.5929051893857209,0.591597307005446,0.503419836716646,0.5008277973980304,0.5040346436905724,0.4986198702656196,0.9999039748832198,0.9955581495941501,0.7353631680771653,0.6684639526784336,0.31962134720610136,0.3320778458276294,0.3432248181426623,0.35804197714429115,0.3750112865288382,0.39160224073392014,0.4075414878902639,0.4188767521482014,0.4271059619435875,0.43147253399559865
,0.434950667075487,0.40630820946208235,0.4030671030457298,0.4003540580285198,0.398839793781758,0.39675818178933897,0.3948664312855448,0.392970982137658,0.3914884070947387,,0.6350511507014177,0.5633129400670845,0.564171117425562,0.5677458120677605,0.5701649937500413,0.5725029593683711,0.5746115427669947,0.5764614882736819,0.5784475104907573,,0.6588873820750786,0.6594636161449277,0.6600334795078467,0.6606882088366084,0.6610441520689564,0.6616962323611522,0.6622787109172898,0.6626935886561397,0.6633620200255985,0.7916440144733852,0.750425209251366,0.7463718689289238,0.8566112651333275,0.8777491846825576,0.8957265874329822,0.8813396384368942,0.8498512510512666,0.8450150991679536,0.8336179670928506,0.0022310416959446773,0.003599309718114104,0.007700359765798545,0.2815072828825388,0.27835453794772097,0.2773134976628741,0.2781536106863474,0.279079595828469,0.20115946174027943,0.18524782684887028,0.9400623308075753,0.9419544118319907,0.9433621417420853,0.9443827120080858,0.9458763893434085,0.9460675091213715,0.9458139485739008,0.945026339820775,0.9433643655401356,0.9338670645226195
,0.45794960688287645,0.43348929673498904,0.43279380069875056,0.4317391002410071,0.43109961677028397,0.4310487891987895,0.43087053738525344,0.43045040168008586,0.4302026862891729,,0.5771182490349189,0.5087362217920207,0.5093861003771438,0.5131083499318059,0.5157217074214824,0.5175461194379992,0.5198611683988672,0.52151614516376,0.5229305947636501,,0.751809794466182,0.7512111705751876,0.7504826790657774,0.7501282897118966,0.7492940090681476,0.7489032172737249,0.7484657275922588,0.7476131199533621,0.7473297050852505,0.6401346613397768,0.5608860390324363,0.6936118185497339,0.7356178656390381,0.7464068493402568,0.7739968830816917,0.7602074977833286,0.719219018510605,0.7231875796086149,0.7073427534290624,0.3574823873824056,0.3600383928610512,0.7156085671955352,0.716307936167773,0.7150492214197319,0.7217642213557732,0.7064748018891914,0.7201644733155258,0.5232534179100191,0.4785928414203918,0.4580511378709351,0.4607798141041786,0.4613984964453705,0.4619571442490747,0.46333762092754327,0.4612672370067528,0.4629168790340299,0.46135154229011266,0.46097660253059103,0.45504312690238197
,0.39055999280331777,0.36511340272435233,0.3634013963064255,0.36160394488644065,0.36074368997005096,0.35994664002414234,0.35867597412631486,0.3577808746042054,0.3568347173367923,,0.6344613045095412,0.5693889998418425,0.5702264013935755,0.5733575609254102,0.5757275999594368,0.5776274589601668,0.5797044736783056,0.58137904912358,0.5829941669548013,,0.5130214600254426,0.5121699651659518,0.5115768843369766,0.5107960750989077,0.5099614768700589,0.5092264428366803,0.5085643874076583,0.5078749430747699,0.5069347813535907,0.7697552155782198,0.7392478587495683,0.7357794508491428,0.7248670259824234,0.6764206335350283,0.822692759878982,0.8299361833420593,0.8093672083065836,0.8205941194945765,0.8207645847407482,0.3023304088195913,0.30234721186961283,0.3253032146800995,0.32397594879595737,0.32876353240644457,0.6427041743161813,0.6473149570154842,0.6458720800301126,0.47147868526980596,0.4309736793507174,0.10866186874668783,0.10701500054649905,0.1044200812023789,0.10487420661703516,0.1077140223499113,0.10675599036976584,0.10423500863019537,0.10215135179208483,0.09896098437082541,0.0939778602352267
,0.408827503628221,0.37944489549381516,0.37613476808665525,0.3732762916952006,0.37144780832941066,0.36966381865996534,0.36758149123786654,0.3657087609042192,0.3637288680937873,,0.6328661344097255,0.5609533693173336,0.5621981706246568,0.5656708077823595,0.5681395214340151,0.5704881597818233,0.5725770216290347,0.5746316994027202,0.5762771929708282,,0.6332550207121038,0.6336924087161088,0.6339829885369738,0.634409480023597,0.6347305396414862,0.6351057281413073,0.6353638432739007,0.6356817960279391,0.636079169795205,0.9616406856990949,0.9609368453455273,0.9678962738842936,0.9754468911455345,0.9828596160698526,0.9772163008660633,0.9469134936437272,0.9002803337691501,0.8710308633396296,0.8406259011125984,0.010299920280621343,0.010668612817031888,0.007271981992061589,0.0032972673423927435,0.003939408173272837,0.0029176241522309086,0.008355679989236657,0.004674029674687134,0.0,0.0,0.5901697857186873,0.5888487089107923,0.5876935796048504,0.5888868943968396,0.590738345625098,0.5908695432651083,0.5916952986356085,0.5931388666539339,0.5954189333977844,0.5897839971728736
,0.4729830778931867,0.4460822322002836,0.44478844501371523,0.4432111921059972,0.44250328415005835,0.4419867673570856,0.44094255528139814,0.4397594228271837,0.4389566600860361,,0.5772420989279328,0.5048287552865085,0.5059672449413298,0.5098994771185059,0.512294265982099,0.5146788689437283,0.516730024214672,0.5186514670868964,0.5204600149516397,,0.4523409561054128,0.45162785373962017,0.45083139008982664,0.45020967317103205,0.4494113630562017,0.448839292203756,0.44810059080455733,0.4473181361073089,0.4466875375218209,0.7094171804431297,0.799313543824017,0.829405624453264,0.8542427083352118,0.8655373226704346,0.8776380052248354,0.8568735139496098,0.8148607910581922,0.8029791312479744,0.7768333665005566,0.049838905909933534,0.322509060884455,0.33774158097444007,0.3398421307940769,0.3379675439756032,0.3349549118985457,0.335735839773708,0.3340441591645089,0.2464605034769521,0.22224419133184947,0.0,0.0,0.0,0.0,0.0,0.0,0.0,0.0,0.0,0.0
,0.6796543092572539,0.6592690748760761,0.6627160204435609,0.6644993087530925,0.6664796193072275,0.6682006393311838,0.6699044222393639,0.671009198695263,0.6722496526669443,,0.47745445400049513,0.40667025391704725,0.4073013933254295,0.41083795698818165,0.4139923335508098,0.4163843663967958,0.41826722511101433,0.4204799431231671,0.4221823574290707,,0.62237771948176,0.6213306614494691,0.6201793837784402,0.6189695962662048,0.6175709137117184,0.6166673452347738,0.6154870029831299,0.6141472678226662,0.6130180545952397,0.15748287681732456,0.003043744056173065,0.17448166235607862,0.23919469508880692,0.21654413366728179,0.27609943504831325,0.25833937008785945,0.17857472267023253,0.2251156883339816,0.21242223992434686,0.5509776172721397,0.5503948965661598,0.9481724577904814,0.9499260409028899,0.9481884232893565,0.947126652641976,0.9479218260510648,0.9479804144213544,0.6970331847590654,0.6322982120727866,0.7292505059916544,0.7421803644575049,0.7561092767784169,0.7661898160454208,0.7799368868026295,0.7884592401828047,0.797460594195886,0.806827627649387,0.8142216313998228,0.8151322223781974
,0.666958597795221,0.6488738631058821,0.6516177941776322,0.6508239711871291,0.6534773204614895,0.6552769239506179,0.6567708734905456,0.6581009514111248,0.6591012702166354,,0.4866904329716573,0.4168135782425957,0.41786084953332336,0.42108422520828026,0.423618906042803,0.4256796259268372,0.4276032498809704,0.4294111005917051,0.43120702183293663,,0.6389664936115174,0.6378981940998001,0.6367958416494074,0.6356883746670677,0.6344961376807681,0.6333852600356304,0.6322445858954376,0.6307511552210268,0.6296519032680035,0.23946537206067617,0.12824469036972966,0.0908504210575685,0.05332399522130449,0.17356051819823248,0.2645127501094871,0.26569211141035093,0.20316984719302403,0.26306841707354855,0.26419786860118866,0.549321131622025,0.5505520317016218,0.4752779092969173,0.47659232640406035,0.9485074268987927,0.948741957074229,0.9471462516825757,0.9472166037847348,0.6974685449596918,0.633662254199347,0.6507399346944567,0.6620544291398512,0.6741025153906757,0.689459489636127,0.7072592251471664,0.7192833172573014,0.7308318240555562,0.7383108705912028,0.7459699482751905,0.7479721061075457
,0.6525207558646681,0.6362795427078292,0.6393002763987892,0.6415315462203951,0.6440237737774495,0.6462846692347283,0.6476499445334847,0.6496740300407636,0.6512235441096931,,0.4908826124878801,0.42369887749944063,0.42455028369533554,0.4281813802348295,0.4311323791066976,0.43337921277448815,0.4353310729511873,0.43698371438554096,0.4388809402065772,,0.813179906228325,0.8119560356140514,0.8108151925795943,0.8096924887639934,0.808596115078826,0.8073722816699643,0.8062005388899116,0.8049371245524551,0.8038330659484314,0.318698023393548,0.25211028436236593,0.24691072503566483,0.2602619368890812,0.19776441887298934,0.21779661679223614,0.15510226998534254,0.0026173454922332954,0.2347682816544669,0.279018056448043,0.592315577116638,0.5948085015713985,0.5013527263375628,0.5015466874598759,0.4992128386492178,0.5000612848650785,0.5038025380496876,0.49798573198793283,0.733908254160316,0.666504481776465,0.41210658834050906,0.42357055162975316,0.43369683349550087,0.44723047963672574,0.4641395333513491,0.47797892489169597,0.4929948694899659,0.5106257101874061,0.5235232383614368,0.5286169501961329
,0.7643770390573217,0.746508064536534,0.7481152002048624,0.7485345280538668,0.7495336197999335,0.7499329937322088,0.7505743717572942,0.751134613559243,0.7513765754096702,,0.4889906555163004,0.41869607648223695,0.4196432826439111,0.4235794771767126,0.4261705558682784,0.42790706475242424,0.43031927780198703,0.43254187284586226,0.43426999359721985,,0.27956745748276723,0.2800413479454674,0.2804624918358474,0.2806959962016512,0.280760754371969,0.2812033034578006,0.281618853886717,0.28173603481135095,0.2820812754389524,0.346757983148333,0.3131939359962629,0.33931502730186464,0.37308844061714425,0.3422994265071293,0.38027691459436386,0.35046173009990966,0.2614150989956515,0.2826598294174359,0.2398203600157639,0.8382248555467684,0.837646077172305,0.8643591799283875,0.8681569572485033,0.8668214194115564,0.8687521082791555,0.8677246961007901,0.8657612063771918,0.6380787978745326,0.5793187758199275,0.4758943258956202,0.4805248726203516,0.4838075642411583,0.4893422965019543,0.4965123378689089,0.5008080270123253,0.5072787632040952,0.5137989642192529,0.5193678795009512,0.5204046002991249
,0.686300365861556,0.6700222708768557,0.6737790159237634,0.6760668237601916,0.6782825294779573,0.6804327096596445,0.6820913668225878,0.6840220544085203,0.685477257437856,,0.47110410675073344,0.4022759563803375,0.403481187123299,0.40732842100480005,0.40982751431597747,0.41175301236804435,0.41402994713040736,0.41621782241126437,0.4175370484026146,,0.4844151513836683,0.48300834170903073,0.48137168509546807,0.4800025840164828,0.4783862032441258,0.47691274612576157,0.4755744014123685,0.4738669761373246,0.4723284818224837,0.3063947896874162,0.18900388875123017,0.12970081258572833,0.3097575709297808,0.31009580773116857,0.3693334086179458,0.3571531534900881,0.2904265404009809,0.3332799192017112,0.32565919280548716,0.5483256618424585,0.5515577169240938,0.4776243994686081,0.9496822256922134,0.9488619996843171,0.9491650417051885,0.9479787422809582,0.9498009999834918,0.6985608804083038,0.6322907248851793,0.17848653412628118,0.18836354160625737,0.19978914100581913,0.2114537810326054,0.2214391670582731,0.22846905755335037,0.23530982758047628,0.2431378113030484,0.2477867870574471,0.25153230262724174
,0.5843955424922337,0.5631942436744447,0.5623315444623826,0.5632718220323837,0.5642367830867338,0.5650594688871083,0.5653929789266142,0.5663563704185771,0.5666249857906738,,0.5220483683762331,0.4513700603666058,0.45212719904619925,0.45569266875888753,0.45849564922681435,0.46050024169079806,0.4626710806384822,0.4646451659923048,0.46657929216595584,,0.6719999980506495,0.6713381239342993,0.6705323560387729,0.6697569052142176,0.6686243631697502,0.6678562266985512,0.6670851635672261,0.6660322458275854,0.6652209645926161,0.4445839831755842,0.36392966485332284,0.3405695835266338,0.3138557024356861,0.4294280239457996,0.4968907704992345,0.4942527363538562,0.44597577503290453,0.48340909262625564,0.48298384545468626,0.45571604836310997,0.45573490368558023,0.4193019875401297,0.42035029252642114,0.8312373201716416,0.8312209555292085,0.8333679132422128,0.8317822788014211,0.6105126108905432,0.5576969033281755,0.41533398970538293,0.421512863729381,0.4280711668029644,0.43720375256421073,0.45026332577784406,0.453306698773646,0.45953375482489955,0.4634701137201131,0.4660810949833435,0.46553619947655395
,0.6550761794013488,0.6354537883987693,0.6373880960480615,0.6366921307320352,0.6383590072545572,0.639779046956066,0.6404759928422868,0.6417311257573949,0.6425020224571337,,0.49771400996294046,0.4268203158551718,0.4277498870990011,0.4315430938846179,0.43418293424480303,0.43615883588619414,0.43834286666387334,0.4403669193965989,0.44194351976370044,,0.6467764734682633,0.6459046193732262,0.6447459981013448,0.6436863346565851,0.6425694316227172,0.641656149164446,0.6406375473762156,0.6396056220269924,0.6385288985842603,0.3283271358502702,0.21288298549116108,0.15956346052586706,0.348660975677247,0.3504690468740051,0.4083794557707233,0.3988844949410032,0.3369240263011096,0.3773546535274771,0.3699033506072421,0.48501958557978764,0.4864956902296229,0.43804559821825767,0.8685973437115944,0.8674621758191776,0.8684116639266644,0.8696421255384414,0.8661048133850646,0.637499469141203,0.5785075669293532,0.5514551839141805,0.560600473866149,0.5694408776084255,0.5807447441642871,0.5906046572589391,0.5967775888413627,0.6025841060696393,0.6077386722622136,0.6139764823862803,0.612954546164386
,0.7290268287928546,0.7097436511625671,0.7106249678396134,0.7107371548981153,0.7114287365072709,0.7116949292421694,0.7117552688159174,0.7120842784165737,0.7119449145951839,,0.48329211935760696,0.4101093794022862,0.41133791722088225,0.4152714552501267,0.4180449962253667,0.42038922275090856,0.42285943594068287,0.4247926604715641,0.4263675527683265,,0.314640801582017,0.3148795097169491,0.3148279097329414,0.31509291446969157,0.31481818728185657,0.31492917468444726,0.31481547101893836,0.3145865593567864,0.31471603056790787,0.30112889113968416,0.17464862088084113,0.3333195183339438,0.38948671165600784,0.3765234008053744,0.42530506183036215,0.4089942921176129,0.3419934463184576,0.3766729906247063,0.36403577305574114,0.4837728421150104,0.4809645811345523,0.8633506890692723,0.8699604984011349,0.8675508955051711,0.8652949969465188,0.8670879646367401,0.8644387842495055,0.6372049034445123,0.5791446441802951,0.5334598215159777,0.5425492403618095,0.5525933047920281,0.5599309169226159,0.5675218940721597,0.5738264828401344,0.5791719336519451,0.5860416353330339,0.5914505896105354,0.591670886831867
,0.677463770556503,0.6619325353496808,0.6656789022920289,0.6681010102237815,0.6702972220169882,0.6727684894802324,0.675038453494592,0.676718807649862,0.6755940050099737,,0.47873821128065336,0.4113160226848106,0.41156956330656114,0.4152552472918973,0.41812010175064723,0.42038588033616925,0.42229100465653113,0.4241051661123567,0.42614792946937213,,0.4648349020847965,0.4633873018021009,0.4617584012858319,0.4601277428457572,0.4582559733382545,0.4568265212287251,0.45519576601300427,0.45347090961282094,0.4520888850078164,0.3081019668643052,0.2740764177609506,0.2945641524417358,0.3268194249727352,0.28998900611461526,0.3278475813539283,0.29462859742538333,0.19793284779399595,0.21836792949871672,0.1663182205443173,0.9395037697527914,0.938933191160774,0.951851482629545,0.9486086132813347,0.9485304375925897,0.9503180342037373,0.9525874823164874,0.9473735701375287,0.6968494979842084,0.633402515581378,0.4311866126295096,0.4383477622486716,0.44270916951474276,0.45094668973431806,0.45934751490700537,0.46452452163939845,0.47400733728950384,0.48160104468147114,0.4883425825080038,0.49220400767530276
,0.6583107638455874,0.644078198242393,0.6480001160634893,0.6472497465545327,0.6511250767637056,0.6536025894245192,0.6559028703298577,0.6579562933142998,0.659913654495003,,0.4820070585134779,0.4165566511489445,0.4172568568345224,0.4206452475406946,0.4233948846900942,0.4251975472711238,0.4272133396852376,0.42877349198826487,0.43039702517718353,,0.7861657181859807,0.7849796681136324,0.7836748193288074,0.782553414237267,0.7811653651827821,0.7800849057303811,0.7788077414752729,0.777545183234573,0.7765843792407258,0.21921289148577702,0.159798528811826,0.17223935005263694,0.20051939415942238,0.14513762207252678,0.18124358416439498,0.13275806576783217,0.0,0.0,0.18616151390086652,0.994666798012167,0.9979409149619365,0.9952504802237742,0.9956745473556224,0.9978934919355732,0.9935088856308648,0.9968037804464851,0.995616492770766,0.7344074183956352,1.0,0.5982294096657444,0.605872585553566,0.6120883051110861,0.6198609260397926,0.6315183264251142,0.6413451602482627,0.6504556164770898,0.65958798175958,0.6725609732012477,0.677232303017668
,0.44805280835286704,0.42042056162132396,0.41876825167888804,0.4170091652613942,0.4162045030040743,0.41597834532113986,0.4146261088365485,0.41387655301824905,0.4126339508669539,,0.5855109046421925,0.5130701045681587,0.5142227552526508,0.5178688736710367,0.5206114091143329,0.5230998999176938,0.5249315717428381,0.5267835818655172,0.5284309411136643,,0.45297400596827114,0.4524948298734394,0.4517670394587185,0.450817910236182,0.4499813197984438,0.4493881322149735,0.44868447023466257,0.4479352598986218,0.44730652153165024,0.8344513139159565,0.8317866482465011,0.8467978244361513,0.8632511299459238,0.8653686714519688,0.8682443487682701,0.8362313761910384,0.7761057008622385,0.7451285505527127,0.8502309307332676,0.30134090131443797,0.30248816360161174,0.32883400290100995,0.3232030656484964,0.324634293455811,0.3214170370438974,0.32403944064622364,0.3250637718295626,0.2347000483623833,0.42995601086890956,0.026259968789875802,0.022094614263497327,0.020459388625005768,0.020162436199476608,0.02092961051195963,0.017706099492950912,0.018868131970369056,0.019355287200932752,0.018896466429127984,0.01613600823747925
,0.49724291866713516,0.4737689689965684,0.47256393600640545,0.472621202314771,0.47296716658252563,0.47350065996053625,0.47323109481570863,0.47331586424476274,0.4731143957735641,,0.5597820177749506,0.4905564456308029,0.4915127827732692,0.4949410858947206,0.49761161678421173,0.4995408717731334,0.5016824951523873,0.5033104924828995,0.5050621876416924,,0.6748292399017938,0.6739620858108255,0.6732428542745613,0.6726294053491894,0.6716828372434686,0.671267174102909,0.6703133289885822,0.669514960163328,0.6688277795254607,0.669264315017582,0.6355187674106009,0.6356953942374275,0.642342398109262,0.6110398763183583,0.608420520573192,0.5465147794082167,0.6260611010570615,0.6712448317527594,0.6835461450747489,0.40249391250723254,0.4028764133324121,0.3888993928529145,0.38594428358125643,0.38639819379163665,0.3829590847377097,0.3857619454374536,0.7667775275172773,0.5633168017756323,0.5124904726269893,0.3149208116278105,0.31752972734505835,0.3185745083769435,0.322716944063213,0.32972238695419664,0.33392114264662853,0.3421318457292738,0.34689654934240527,0.3489395248517589,0.3468797753638839
,0.6057594280881367,0.5838451615498617,0.585021094192984,0.5852954561842804,0.5858111966000368,0.5868624948115305,0.5874959017465747,0.5876308753131838,0.5869891900382389,,0.5218172698860651,0.45093464343298323,0.45199325326623274,0.455509157479912,0.45811140320443267,0.46055124237275896,0.4626685023268246,0.46407685403952315,0.46612084401759324,,0.539558293509119,0.5387308685448946,0.5375759779153308,0.5365199284653822,0.53542393802807,0.5344875874510088,0.5334072778013442,0.532322029244526,0.5316315901249583,0.3954052471184995,0.4715867512748881,0.5103779432539769,0.5463248137401217,0.5358023643639503,0.5679842785900094,0.5461972140723559,0.482591171331775,0.4995284158618568,0.4770145069166336,0.428369405048247,0.7542273930146532,0.7965233875145784,0.7997448225523495,0.794619571384344,0.7960394064138995,0.7980142309706789,0.798210734613877,0.5869437269372483,0.5337462482253936,0.5721379781686246,0.5789807380110898,0.5818462286723259,0.5866508330935971,0.5911511098785043,0.5948185733401503,0.5992754451484248,0.6022675986871847,0.6055885613839745,0.6042048555787751
,0.6833033449589261,0.6662532828297278,0.6693498442114155,0.6713991353437657,0.6735331982326769,0.6753035751247157,0.674233464680825,0.676655452620282,0.6779548052173838,,0.4817653504612525,0.4128151540029629,0.4136950816450376,0.41778277207116604,0.42067606627286735,0.422395396131931,0.4240518796502707,0.4261070337416416,0.42792127843886324,,0.6957149693517137,0.694559414761252,0.6936078138702647,0.6921613392003237,0.6908713962209001,0.6899863357001931,0.6889421467183973,0.68767242919955,0.6865669748699879,0.30823212093404,0.16961580834828927,0.33476441324579,0.3913973776181521,0.37596082109877976,0.42281222414484865,0.40459571702164315,0.33375688291578887,0.36669455820471203,0.3498589081977017,0.5159922896908697,0.5155011534578934,0.901974461607276,0.9056598848228562,0.9025559858971511,0.9076982645812536,0.9087286405511342,0.9086142720796965,0.664188734496507,0.6041069085950576,0.4561731872530698,0.4668972769725451,0.47660278057019145,0.4842557322547527,0.4931243362377004,0.49892434174890515,0.5054147990138457,0.5106748179342402,0.5151063308406689,0.5177772649627349
,0.49226844024335875,0.4652462819665712,0.46269464761573803,0.4605028173183875,0.45915162780733626,0.45791685559441525,0.4561569575563161,0.4547645014856308,0.45336999633877423,,0.6009711969220801,0.5298243237319298,0.5304657537682262,0.534151532683295,0.5368939985725169,0.5393840835198309,0.5414820362915923,0.5433732002690638,0.5452432010655891,,0.3328290475228593,0.33322665121439327,0.33329796321395766,0.3336235378975836,0.33367553391394916,0.3341081707111158,0.33429174035851145,0.33449978993171425,0.3347418897671786,0.864839609227831,0.8556562163001101,0.8641326667249558,0.8698746201796004,0.859859913631753,0.8455963341555366,0.7935264842353281,0.8760930442525318,0.8944317491485825,0.9006921861646257,0.2667286452848285,0.2663956779581643,0.3015931241524021,0.3018718275665437,0.3013106450010315,0.2984226322086666,0.301153942006739,0.5993937178052653,0.4398840379111291,0.40002938324242027,0.4178213778036813,0.4162417085497835,0.4146268636048525,0.41258986173324397,0.41483415765349035,0.4136923908309591,0.41513789728302986,0.4160269908914936,0.4116642166340297,0.4046486091956741
,0.7795053051363323,0.7626528732000789,0.7634651640182466,0.7639214646442049,0.7645432322242149,0.7652085627447804,0.765796920290888,0.7663758870267441,0.7667207307613626,,0.46901470629992,0.39577613543473383,0.3968795817355773,0.40101724097324354,0.4035366833961677,0.40565212833350717,0.4079251129641722,0.40974623371674856,0.4118414519566668,,0.2914278517776244,0.2919210664167205,0.29223097753140864,0.29262670488051734,0.2927598346900009,0.29297572683215256,0.2932609796981977,0.29378371511283535,0.2940314014134603,0.34178944906415276,0.2535619789476633,0.23182921612617347,0.2147711662524641,0.09723664190733454,0.31954531720027834,0.3369423099351276,0.2874784159633178,0.3468761741267801,0.3544948374137622,0.5141086745216449,0.5164044543593628,0.4536739405329186,0.4548710998062645,0.45113376695553825,0.9072743797341393,0.9062444481123308,0.9050996781178529,0.6647552455514858,0.6042964474887156,0.6382676206636385,0.6481521756751125,0.6584728974591336,0.6713030203364638,0.6869845580576729,0.69909863119358,0.7091072691941068,0.7180759538496683,0.7244625970619304,0.7241087742792176
,0.7563744833045722,0.7409107843682077,0.7421892464659844,0.7431145762414543,0.7434539484506378,0.7445662534152008,0.7428485821058564,0.74425317705818,0.745198584374542,,0.47066331502405395,0.39975424234693346,0.4007730390107327,0.4045245224088224,0.4073591409281401,0.40963587720633104,0.41139313522025134,0.4134409080424089,0.4152533626711747,,0.43066757974171654,0.43078609416637775,0.4310572558763317,0.4311477425087094,0.43101749392822925,0.4311126833551608,0.4311309959063088,0.4312786695491915,0.43142138229336874,0.20214926449647647,0.07359052595654886,0.017338981447869422,0.20833786039077085,0.20304383664171557,0.2725693072912241,0.26367883148513627,0.19201224276782722,0.2455624313817531,0.23941813069543755,0.5511052201931437,0.553945491692363,0.4750785539558361,0.9480673071597372,0.949514111089055,0.9419182993819618,0.9510427977775681,0.9449915551147731,0.6970299117627209,0.6321926951619401,0.6834316036312252,0.6961208976369705,0.7093351891790406,0.7246052193080988,0.7373651144620578,0.7475421821558733,0.7582406428507671,0.7653107280837868,0.772747390633097,0.7751784369323339
