0.7302438565225629,0.6797392558593423,0.6561794112435066,0.7904277889502112,0.8167363657967641,0.8445020576958093,0.8360367357334688,0.8062643392691022,0.8095869888845613,0.8005999333910303,0.3006013057114423,0.30259525952193655,0.32728354426486383,0.645273718473236,0.6440399446089504,0.6448771196050043,0.6450240367461841,0.6440180451120199,0.4745721447588247,0.4309909841172175,0.11258793219815999,0.10960291438359526,0.10952307903501968,0.10880880033305829,0.10822442526085574,0.1034163142920832,0.10125199919314909,0.09998423469123274,0.09610297648035981,0.09099772538142226
0.7607265226529876,0.7292500779447657,0.7270834399474033,0.7221189895843452,0.6812450281286715,0.662201825968399,0.7609897926875853,0.7458892974048084,0.7642672052709152,0.7659604344926194,0.3154344223365664,0.32261649299606,0.3396778522673447,0.33458183465563707,0.33212318140414965,0.33775134602611523,0.6636426871342724,0.6624603169047063,0.48994253349720207,0.4413103162045431,0.2861416437206561,0.28373019471518646,0.28097733988498774,0.28076965058603776,0.2846355944779013,0.2855964804293407,0.2873791744908534,0.28713267848685575,0.2837132850256747,0.2764468919928831
0.5280303012824241,0.46106032237669226,0.4433944462754198,0.42359104525863245,0.532425573676818,0.5911801029403705,0.5874120969191239,0.5447787496782261,0.5734585258591629,0.5713327236942085,0.4283154266021132,0.42866143036876103,0.40397010811700085,0.4037433063159419,0.7991080162224282,0.7994245864194056,0.7972216466257347,0.7979042005203816,0.5856879839703035,0.5338934267497484,0.2915404312473857,0.2957708342005372,0.3002388103833731,0.3085674652869894,0.3159233465293507,0.3196867076914973,0.32354225690992067,0.3260049632229052,0.3272774016124185,0.32451479610496214
0.32922475298803633,0.2431361899101745,0.22624229077121072,0.219146370078672,0.11926528590739238,0.31908735221766094,0.3327476441989283,0.28329969529143995,0.3429851377963651,0.35058485808696105,0.5162703468016439,0.5172048341627065,0.45415768007029556,0.4578929210705347,0.45347420789278914,0.9053145815449426,0.9087448828916855,0.9054560266738712,0.6683713794839754,0.6053735218866452,0.21782810606789127,0.2246408499728485,0.2338047765115565,0.2454163938779974,0.2586947507324968,0.26962469256595156,0.2797149354076982,0.28587302294953254,0.2919071036914733,0.294205178448804
0.7525914928475785,0.7454721046996262,0.7668955704325704,0.7872302619232094,0.7865078160910706,0.7972311148687545,0.7675606496397691,0.7074679553544776,0.6877013374271463,0.7920493704948228,0.5891873644263743,0.5895421645663417,0.6651994929163862,0.6671555702532341,0.6641426871178187,0.6644803480366122,0.6658166939459154,0.6607162311803272,0.487208789005277,0.6659222480117171,0.5339135217173734,0.5314600343427571,0.5283170936126851,0.5273616744021723,0.5271968427157212,0.5261393605295233,0.5261406344759845,0.5253605609850762,0.5264260017980149,0.5209912600713746
0.35400211556788364,0.2995308596710764,0.29986803353643054,0.3185973368159374,0.2664421979592113,0.29058017563445304,0.2368904986495437,0.10441292126573387,0.0909494000304889,0.2735236625057915,0.5901379802172935,0.591377552710334,0.5039797357162197,0.501003016432378,0.499738161562318,0.4970861000591089,0.49978857890493167,0.5005146940845613,0.3669901547635268,0.6686946133609375,0.40247240986154686,0.4133566286127408,0.4223812602467518,0.43626861649239324,0.451447933289046,0.4641738345367141,0.4792686108914097,0.4940522784511536,0.5098571410884194,0.5195826123494225
0.4288565344317874,0.3598788713282488,0.3505903850934402,0.34787484139184244,0.26905958254230455,0.2540097549615652,0.39096380080588133,0.36157231518606636,0.420718681899622,0.4323022559690024,0.48177789495592727,0.48416222161225964,0.4348394250142089,0.4382806403962274,0.4353956118626279,0.43343663753881856,0.8689250290856325,0.866035206194546,0.6379907178797586,0.579176581949941,0.46204604013902895,0.4694634511494602,0.47788589560603434,0.48633397170206827,0.5001807559416438,0.5112489619734557,0.5230620223762887,0.5306282438092236,0.5364803608667295,0.5365916246426661
0.8664231862399987,0.8262014862688432,0.8062718137344831,0.9273701063871123,0.9567022289094638,0.9703929280087173,0.9562855722318986,0.9295552786789045,0.9172965601666583,0.9033121697978181,0.014229637846172594,0.014307486855365426,0.0,0.29419427620313954,0.29286997109497825,0.29280758889886727,0.29359045238978787,0.2932684717495704,0.21392275221923907,0.191726647916167,0.5393591911656106,0.5401056231824022,0.5427262190171565,0.5438964922683294,0.5457944036922129,0.5443639321506755,0.5431320198561629,0.5415953910620637,0.5410963824202195,0.5348096302745731
0.6435498515807296,0.5660100128941181,0.7080031563696743,0.751550954272755,0.764251134718613,0.7900539462120051,0.7767180016382156,0.7361817852064476,0.7385648634583788,0.7237981708185863,0.33852493883741275,0.34134823193751185,0.6875095052930789,0.6894576325746282,0.6895815193597574,0.6890233795730598,0.688442624514737,0.6867916336869726,0.5051303626779537,0.45845217620274514,0.6225941848344032,0.6244662167983996,0.6266262483774856,0.6291868963750105,0.6307278228232782,0.630418215005113,0.6294656866917236,0.6300820334308987,0.6294583906177813,0.6228967710356983
0.3941938394474356,0.2737578560503593,0.44546762107937354,0.49859289946433094,0.4922488362315782,0.5331897979646847,0.5169211480517788,0.45740401517353035,0.4813706882934312,0.4657928598502714,0.4274172214270715,0.42739754193710855,0.7970248874067831,0.8009508157085303,0.7981843828811073,0.7984748762383411,0.8011945420643336,0.7977688077314173,0.5841054102375889,0.5337044144109324,0.32219076390286183,0.3282254157056492,0.3342767999349068,0.3393130007992635,0.3441242214192819,0.3464237316951877,0.3495483274165725,0.35262403127267383,0.3559585080952381,0.3548570550859633
0.7735913786876729,0.7337481377873303,0.7167007975938056,0.6925280073922693,0.8193779140480224,0.8592024334988686,0.8554050449078616,0.8309069238533624,0.8348191954136794,0.8289829745274204,0.2988403938894999,0.29813711132314324,0.32256543823510064,0.3209906186924858,0.6397286439409431,0.640716369513175,0.6389504498778749,0.639257499260534,0.4693367350346991,0.42673347651666216,0.48848003354298264,0.48808942819175094,0.4873580163163247,0.4885764730114328,0.491758506692511,0.4915791740868727,0.49068181079663375,0.4898630652520879,0.48669438648587615,0.4799152994929514
0.2889960060463075,0.19590575331654492,0.1744359924550487,0.16313411516230047,0.050864744338028345,0.26300938975394317,0.28016203515873883,0.22885752902111633,0.29371578549859123,0.30173950556249096,0.5479093244006119,0.5538405915958267,0.47832772800135714,0.4756129642703417,0.4729472224932909,0.9480560423710198,0.950287216169917,0.9476885344310038,0.6978422728920481,0.6341018847846822,0.5914863807056197,0.6019181663315969,0.6126390562240047,0.6261767619338041,0.6423368269879344,0.6582263310000229,0.6688211811514684,0.6768311793494632,0.6867957141846812,0.6864468114294393
0.7694036412269796,0.7370802808328101,0.7305657010417619,0.717416503379944,0.6659470582457168,0.8180391095973398,0.8270273939737187,0.8069467763515874,0.8181518745016767,0.8177332633995853,0.3177348627741132,0.31785494283958116,0.33538409291544014,0.3359723239120793,0.3332752985861447,0.6641439798163038,0.6676579146038719,0.6675552895722916,0.4904935847666261,0.4455047745361673,0.551810344462254,0.5508332778513445,0.5522607705440166,0.5544359651583619,0.5594560080282687,0.5612120939300436,0.5620003028872258,0.5604484750985694,0.5594672074677902,0.5518784658447409
0.16627971857413826,0.0,0.19925401967874734,0.26592014384715057,0.24519076830741326,0.30313239424943106,0.28623842091616325,0.20686772324989988,0.24951035958344292,0.23143825975915533,0.5145797107155756,0.5142661828496911,0.9011931107561182,0.9056947801189477,0.9038199641180658,0.9057247902843049,0.9050123037463411,0.9050631767859372,0.6658640471903023,0.6047518422177536,0.6145435728902662,0.6265003486970784,0.6394166173083278,0.6485394645096463,0.6587589881877332,0.6659917641527553,0.6734595757735473,0.6822993961696113,0.6893778788045903,0.6911432416969046
0.30483919551411987,0.20057616816018964,0.16413375501587169,0.12378350991859577,0.25195998000777564,0.33643007253215274,0.3356970240750421,0.27757450383265336,0.3306152828925697,0.3310170963459136,0.5169317236382431,0.5186369086692082,0.45367288522698956,0.45434358907514927,0.9068678365863772,0.9060813617811192,0.9059156844907506,0.9026771160343809,0.6650544674078969,0.6058923680169919,0.6713978985751528,0.6817475716074739,0.6914863018991664,0.703833334680736,0.7193155134079401,0.7288423343312598,0.7371383616116542,0.7455331697233749,0.7512485518399927,0.7519672281071372
0.6316129134509261,0.6267589806083507,0.6540192461970271,0.680352153384451,0.6749359517731577,0.6940796182403588,0.6664686564245379,0.6007970183605735,0.590741352321821,0.5454071584565483,0.6507988405931053,0.6578230551759976,0.7110697241077641,0.716801570494523,0.7162752583750223,0.7115098951835392,0.7167226706153098,0.7103007151430525,0.5242833264939115,0.47739998413730245,0.4082704813157729,0.4069063428192585,0.4057288317158161,0.403592623658394,0.406141345621414,0.4057695982740057,0.40442693838742727,0.4060790730475681,0.4058393131320468,0.4031017550198328
0.797521827166765,0.8873879677892411,0.9182471474610274,0.9394241511187715,0.9547677322939343,0.9600369163600035,0.9388803237058418,0.9023939075694543,0.8824885156442264,0.8551177119923992,0.007272675686507135,0.23973940227341384,0.28803791800873846,0.2869035434680409,0.2842946682633567,0.2863159230292336,0.2889083099814034,0.2860817140881391,0.20711891978907015,0.189399891242525,1.0,1.0,1.0,1.0,1.0,1.0,1.0,0.9999999999999982,0.9997068026914349,0.9903381573974475
0.4466459163375589,0.40633462150059074,0.4264485248811454,0.45186213777987305,0.4216075142662028,0.4480998677354684,0.407425513792365,0.30536215031609615,0.3020620242094658,0.46112302987669906,0.752074469001605,0.7543976586373251,0.8001143191535611,0.8031984681669169,0.799466373643325,0.799915649905941,0.8005140765558778,0.7984862812482927,0.5847448096572521,0.8006894116675811,0.35430056564427304,0.3567546956608396,0.35796723463181657,0.3610446996388035,0.36615547319631503,0.36873662183759137,0.3734195524127859,0.3777702998009733,0.3824612407541448,0.38394738136848083
0.15908983377777375,0.11607291867210989,0.14044759194056056,0.1791969811420593,0.13140664515034217,0.17841003386986998,0.14179106906509276,0.030416832582602638,0.058973368644196,0.0,1.0,1.0,0.9973900214167575,0.997393014142185,0.9965813014974447,1.0,1.0,0.9989884722270155,0.7343017408118042,0.66820745346193,0.3072576552192334,0.31632845111073316,0.32333115714440375,0.33201681334010047,0.3428768966520117,0.3497390147250332,0.3601325794286776,0.36971046184663514,0.37888828650006445,0.38536490466466944
0.7282848802617607,0.7286063836149808,0.7465193907460446,0.7654518880489256,0.7611690443915116,0.771150473785422,0.7394678163747308,0.6746952988458723,0.6551253831977597,0.608129733192385,0.35504437510155107,0.3570314515062414,0.3571842539144505,0.35791309119200854,0.3582136993438372,0.35645143851404093,0.3557247481617818,0.35590780940516886,0.25888229441675037,0.23594250481443169,0.29866563128894263,0.3014744738056887,0.30366593672906994,0.30622051099242853,0.31034606291282607,0.3125897222535219,0.31563923162473273,0.31873983197955624,0.3237637008156202,0.32555839457491764
0.6855273669247168,0.6839247291928494,0.7108879538649582,0.7367027244366753,0.7364845205346242,0.7531499118188094,0.7273363964831994,0.6693354214992198,0.6586425289240978,0.6150359020986862,0.616662033440079,0.619243549874696,0.687035427459179,0.6937901533283561,0.6863419633336729,0.6874580181158407,0.6863746668634878,0.687213249396649,0.5047432312602425,0.4587107225794629,0.27593216712948454,0.27230794927773516,0.269730627159511,0.26793346814189256,0.2678753863140013,0.26542130568291533,0.2640612721383242,0.26313113258544085,0.26207774704013254,0.2584817961664321
0.6631878598484207,0.6465510740758518,0.6663567282314986,0.6873158502556898,0.6751963865393158,0.687228004854596,0.6501594243874926,0.5678086014459822,0.5487224518910416,0.6888534340297348,0.6481835111414975,0.6497974555620587,0.7102745264034969,0.7138515018296943,0.7126037019710356,0.7130638407623486,0.7144005236581865,0.7109468683517939,0.5232162397553859,0.7136443316685464,0.48943143297663383,0.4873038791672375,0.4861138973635786,0.48534433431380286,0.48795854545287476,0.4887014684844324,0.4900418956356827,0.4920294052512393,0.4921722276923841,0.4893208273448568
0.7992596720433163,0.8985125747129707,0.9279747874021069,0.9493605574858748,0.9665576999232961,0.9721894899407566,0.9514685857276959,0.9155784432911105,0.8942672584579547,0.8648416060859283,0.032720575338474056,0.2870940926421204,0.3141163675071059,0.31510674949516293,0.31378926543386854,0.31364566808830574,0.3169784039913157,0.313928464298721,0.2294780127268492,0.2072518021790426,0.7182478957269378,0.7195597549341031,0.7195135598181448,0.719364424319691,0.7216196436544564,0.7211782710907784,0.7214978370102667,0.7228919368678621,0.7230254323817107,0.7157970733656551
0.39954236561495904,0.3724166786000431,0.39941226838648447,0.4322439298877434,0.4067239149478219,0.44037788187014826,0.41006184681805635,0.3241369662934268,0.3359990284851584,0.289516039556986,0.7934196688934865,0.7950019273196203,0.8300504794517067,0.834786280676747,0.831426567359836,0.832385709957121,0.8318400775479731,0.8318964120046406,0.6093877633903784,0.5553774279896331,0.6300779952144104,0.6346389511597526,0.6372582801947804,0.6434059593754213,0.6499166783091059,0.6539031124247732,0.6602371188245737,0.6657522464457326,0.6714421038497242,0.6702315937787464
0.686836125460605,0.685113888952376,0.7122919986846945,0.7388039519729652,0.738215449188278,0.7545340016722406,0.7295534019941492,0.6727167111165606,0.6635432763724118,0.6265585135884066,0.6180605024328489,0.6204820351977753,0.6876382271834913,0.688739815168045,0.6852482753832305,0.6894448865357088,0.6894989847997621,0.686677369899451,0.5037983705959164,0.4584128503791991,0.5420330512388105,0.5407664450145457,0.5385720459786132,0.5374322765104207,0.539958226303229,0.5389184790510573,0.5401188901309819,0.540119216347307,0.5415261738162496,0.536073210172967
0.35958607727952696,0.28802889103805285,0.2742079045432497,0.27909208064454205,0.20745236640864206,0.21243952662665322,0.12535256779758797,0.21154020381279182,0.3040486084821197,0.3277245256346717,0.5910642857378114,0.5903832525156387,0.5035826160784058,0.5040797067687866,0.4985322829163419,0.5015373029293588,0.5029468162376443,0.9981731950135551,0.7326820417863198,0.6673959010197983,0.3861787073104104,0.39634451582622887,0.4062151257024631,0.4194804917505337,0.4359788155636277,0.4481283419732822,0.4648721237184539,0.4797571440250348,0.4891996951655244,0.49192820639469836
0.9184763572383012,0.8967922148868759,0.8824042072544493,0.8634169529079045,0.9738797398009318,0.9934524088390688,0.9844164249332117,0.9641353173007765,0.9542624893390261,0.9447965242709522,0.010252662641945243,0.017182286289370907,0.0015661098098984638,0.004778904984277688,0.2986276726893742,0.2921978324693484,0.29282394916102206,0.2937930315142179,0.213449346143733,0.19007184072838612,0.6042467863267174,0.6042883114105386,0.60591697269723,0.6058145858299557,0.6082712448758194,0.6084020642796713,0.6082234128511441,0.6064773778257404,0.6037114002056221,0.5978106807857664
0.6410931757032898,0.5941445584442917,0.5875189662791556,0.5807850300902686,0.5205889141717996,0.6794166757209545,0.6877213161115243,0.6591077619939583,0.6833670871767694,0.6848070336464005,0.37976518039598606,0.3814208766164491,0.37265680356629005,0.37454973171426253,0.3728214501052811,0.7423394540258315,0.7402499603395221,0.7408844479511298,0.5436864999146698,0.4921759562751511,0.12949246457420927,0.13180059813993772,0.13371449715580397,0.13676036540891623,0.14449019427508247,0.14564329127688325,0.1483552075214547,0.15095228671387417,0.15056152199141515,0.14783621709599437
0.5007896091913508,0.44120703164367114,0.4346150538213678,0.43469491425326723,0.36965923523133526,0.3562792176612284,0.48287768385556973,0.4570895264754604,0.5068889221059791,0.5169392392732526,0.45566340958157525,0.45461290728027404,0.41757944296542426,0.4191687040500529,0.4163473120293819,0.41560878581497107,0.8335242375329095,0.8307540591105766,0.6105246111489002,0.5576104844327654,0.48367550881044963,0.4892329800554833,0.49526803968824495,0.503233066599531,0.5143873970716211,0.5242478070769767,0.5355218811077389,0.5412199588886235,0.5451246311025173,0.5441032683598159
0.3875021137514736,0.2968531592827617,0.26515036761966826,0.23520208435310508,0.3454561271125911,0.4186182207904494,0.41487967322217756,0.3588097140661013,0.4020988869548958,0.4007687207579629,0.512826517277408,0.514977581867722,0.45602123387432947,0.45489542887529844,0.9042116120369919,0.9057385133988038,0.906815413942029,0.9036053432788869,0.6658984587039294,0.6046998599467406,0.15353190293263985,0.16355238908636238,0.16976037185943404,0.18464359016067178,0.1964055088124539,0.20488452961985004,0.20899360746253492,0.21257456961130394,0.21700890039404364,0.22247175766574578
0.28521368809354897,0.16907937072483392,0.11363420495898424,0.29205451634118873,0.2886974037711525,0.35100388330649324,0.3403106743008735,0.27340869364914866,0.31904204642754763,0.3138866551408661,0.5512602634982811,0.5513683605565802,0.4764814894651792,0.9512886634436128,0.9475041885774509,0.9480041260952294,0.95152110054212,0.9477444148648679,0.6970882381215988,0.6339239021835841,0.43990761480701046,0.4509401045082253,0.4609040392226582,0.47519179710862325,0.48618879449687213,0.4949903058001759,0.5022095684246857,0.5086991800043794,0.515847969006364,0.517363947285217
0.7923151031980709,0.8813074122693436,0.9110273529023765,0.9326403858730856,0.9485357638636991,0.9549250485841085,0.9347343809491342,0.8988023795631435,0.8803580993658322,0.8545479498276372,0.01351329720758887,0.2526002243939365,0.2954046796280174,0.2939042339900091,0.29178073398033,0.29312947840198333,0.29469007625518273,0.2939885259610371,0.21208491241326044,0.19424396247453757,0.5457439113563822,0.5451234488094947,0.5423843288324512,0.5409074985538656,0.5411478662103058,0.5407724802701708,0.5397979910886246,0.5393409624154017,0.5378538905546932,0.5315526426677959
0.8679062261555828,0.8639862220565604,0.8777050826687116,0.8894679467470361,0.8906127375491515,0.8880779776218581,0.8505835442472005,0.7840402776606332,0.8873776102405699,0.9011884729467958,0.2711709605247892,0.27011110303868424,0.3061196135320561,0.303607901429352,0.3040659310305305,0.3064569791715712,0.30350068322976576,0.30590928626997105,0.4445452001710386,0.4033841564715175,0.2742715701474854,0.27250837180793397,0.26892112205363716,0.26568449022669505,0.2662625478222136,0.26451606955887286,0.2647565677609318,0.2636670809598769,0.2624679334827871,0.25555011863735544
0.0,0.10651427752044995,0.15837013856047832,0.2062388280496208,0.1710960718341994,0.22416086456552975,0.19643266846066254,0.09818973648062723,0.13345366295132166,0.09086741669030829,0.588661228755635,0.998735027712252,0.997045526081628,1.0,0.9987329701955261,0.9953264691583179,0.9988757111826274,1.0,0.734358399959798,0.6674474652795981,0.701579732472533,0.7180144129451715,0.7276358991450831,0.7375172156011498,0.7495158623869909,0.7587792032499081,0.7699706434339912,0.7786803563655287,0.7868959128008441,0.7886702927698206
0.89613996672648,0.8799696655686553,0.8799053884741319,0.8765068805097762,0.8570646937681552,0.8394367604619966,0.9204299190352394,0.908525359449655,0.9096559824568224,0.9073227444592185,0.009773882972572423,0.010037077159226193,0.008072026896053686,0.002368358285481875,0.003972090492259994,0.0029924369459504163,0.28701642020678086,0.2887355378296501,0.2104159376139032,0.1888804858751687,0.3741157455561819,0.3727102342856963,0.3718422133040704,0.37220584186316863,0.37487758410875216,0.37397291704438906,0.3747570701298404,0.3747699511306095,0.37160312728574496,0.3644901571117707
0.8781987274535439,0.8720238453765745,0.8805851700717646,0.8871952883393845,0.8817581941272508,0.871463526965222,0.8209729058719333,0.8942866159805583,0.9098950239127248,0.9162225533291881,0.2867433568972064,0.2884081055965382,0.3181903870484941,0.31567875410467217,0.3139378442405327,0.315718456195043,0.3170579681591974,0.6285987684964986,0.45920703979265376,0.4178457279941217,0.5396981918740504,0.5384342015903307,0.5350595871890977,0.5356574996913537,0.5370697163503984,0.5376877248485652,0.537938903672389,0.5376736732203238,0.5360415003879311,0.5272437665328162
0.4939685360070101,0.5953333696743499,0.638713031438094,0.6724466542725303,0.671775004945431,0.6974410096905643,0.6761477349357854,0.621002462742485,0.6239053002399721,0.5946259843710848,0.35754165968213947,0.6471465491885704,0.712893646441362,0.7148962308417381,0.7120362570648275,0.7100432538477932,0.7113761954074285,0.71069601594583,0.5231479928275462,0.4765098073387719,0.656827323004693,0.662246542222034,0.6627200764492667,0.6638426768622256,0.6678399872462251,0.6689626143095868,0.6709860928285565,0.6702476806635893,0.672829479224152,0.6681109628888589
0.4675421852358568,0.4213825723892022,0.4359287294486691,0.45515944828508736,0.4164635518231421,0.43370165938548055,0.3797004840781888,0.25591783943291446,0.4600580604688531,0.49612042939027035,0.7540562939780591,0.755387675963556,0.7986627855559831,0.7997850289257205,0.7954219144403218,0.7959158098708397,0.7986897761681409,0.7972863921384743,0.8773482748281527,0.8005736914812474,0.6097717270216698,0.6109900780813433,0.6118744205180118,0.6147547776858282,0.6219404923803342,0.6244178155081119,0.6297719941783892,0.6348459303126486,0.6390297894231853,0.6337670019918029
0.2833094165069632,0.18632433800992132,0.15575363911613138,0.13444336517166278,0.0,0.23475905938906294,0.2556507818301057,0.2026110666513432,0.26932593397700444,0.27743958257077495,0.5923171322839291,0.5939209589573702,0.4983007322236954,0.5034034300034627,0.49939873238504084,0.9958025444073808,0.9985813602599443,0.9951993791185938,0.7338556588633898,0.6671632945817993,0.37209493207317124,0.3838619572911046,0.39383466927179,0.4082502084808155,0.4269598116247231,0.4408354720338181,0.45332851045878364,0.46156632748136595,0.46892709735742955,0.47171365776217655
1.0,1.0,1.0,1.0,1.0,0.9808657337085123,0.9328262900922297,1.0,1.0,1.0,0.014022957358962529,0.01589656153876362,0.004856586942398877,0.0013412679287139184,0.004153935595576641,0.0025585122435884955,0.004131098652042198,0.2946462750735783,0.2150208761767205,0.1938971211289946,0.7494607676002367,0.7493496552672472,0.7498959192396999,0.7504909355969378,0.7532238321309634,0.7548044861167202,0.7572763397277509,0.7579710106139661,0.7583712874929507,0.7507392420351042
0.36505261383491927,0.31787308031981354,0.335301740737151,0.36204343618121726,0.32471890953230087,0.3577380970564228,0.3214470948596393,0.22117166543955946,0.2337602820687259,0.3755051925989825,0.8363323288128379,0.8403396138158756,0.86704900423093,0.8708349895239866,0.8722577525314765,0.8693007793637086,0.8675383631582196,0.8659639821197391,0.6380367587721514,0.8713368351121993,0.5827409878830441,0.5862641340666155,0.5894067717771527,0.5953768959779069,0.6052041852735304,0.6097218329162697,0.6168863221197842,0.6250003191787599,0.630609287886962,0.6332303872038292
0.22292075700888958,0.06006413088927687,0.24301861057487173,0.3077423316914647,0.2884952420372713,0.34276270576260615,0.3249627312716612,0.24900673446450483,0.2879680711569641,0.27008522566153204,0.5481486080154525,0.5499185012068599,0.9472012518397879,0.9479708307158088,0.946390944844488,0.9477197714893713,0.9475479169061582,0.9496812039717213,0.6974536364269115,0.6331031547691497,0.889176102944246,0.9032506320559541,0.9168748590956408,0.9264010818167137,0.9382262787192595,0.9479240239372437,0.9576168520644064,0.9650296238951785,0.9728192182714395,0.973264732486518
0.021113149236896334,0.10338619291329465,0.1533336762403188,0.20226314021570246,0.16692827453412917,0.2204749861892097,0.19420464642314172,0.09919658332428938,0.1405507564018258,0.10930728940730461,0.5506880079173886,0.9390516105767306,0.9466117991694549,0.9485430475668615,0.9472010602792054,0.9489648937233675,0.9488171407538388,0.9473328719308558,0.6979649194592028,0.6331222803701761,0.7460597750423101,0.7613678993153119,0.7697415922392938,0.7810705760267815,0.7919058749199248,0.8010302970932628,0.8116456255783149,0.8209047490418406,0.8299600137396119,0.8329122417583203
0.6457288428065766,0.6202877952144554,0.6357249479538609,0.6519709943687744,0.6326563507070624,0.6414860730415803,0.5954761587277879,0.4964743711113151,0.6565832000144809,0.6845308968870469,0.6486383619538856,0.6498804401799934,0.7122691682894153,0.7169503657512006,0.7124054986251505,0.7123581872411293,0.7149037257766686,0.7141432413064415,0.7852170434604933,0.7135787005418823,0.38582564562776867,0.38371755001356433,0.3824361863827459,0.3817034618849746,0.38438959490225244,0.3833310452409133,0.38351880356212575,0.386501550672385,0.38701396390851706,0.38002356793018777
0.794655868835207,0.7984876964099392,0.815326755690851,0.834326136707638,0.8379450202266305,0.8449909279187011,0.8166876927811124,0.762028225276218,0.7416995205389547,0.6965940358164389,0.35601454840644653,0.3595169877324791,0.35770529842342746,0.35927605952004704,0.3578703503036724,0.3549803586732754,0.35887778927633107,0.35833421150174516,0.26229694860038055,0.23927586941889167,0.5239779475704474,0.5254973997570183,0.5270698505124756,0.5291534201323991,0.5330087899053506,0.5359128182841371,0.5388179263530706,0.5424895801295566,0.5438523782230771,0.5426913311991619
0.3864437146364317,0.31175651854636044,0.2958213279134654,0.2944390126021368,0.21230561701217,0.20053540143132764,0.3312795765488872,0.2996378770800483,0.36447786746671085,0.37791667986325805,0.5526048161000068,0.5530335548766674,0.4770570729095702,0.473457543769225,0.47667098077774384,0.477661677957931,0.9495438503242521,0.9494718745198707,0.6986912275919668,0.6353181821069143,0.4133098590451745,0.42185048358832233,0.43111887905602586,0.44289769175010285,0.4570712132127177,0.4709323189947092,0.48445570430769713,0.49511372087985706,0.5024657543409319,0.5031190896353888
0.7784350034138683,0.7003472140508009,0.8318081492967409,0.8662717387250929,0.8805947061838069,0.8934023595394365,0.8733502622222815,0.8346167265019595,0.8233676483559123,0.8004982932674451,0.05669435537261869,0.05951748884419317,0.34994449919054915,0.3476048723191152,0.34917441238853364,0.3486695426612254,0.3471737428566204,0.34877451299994533,0.25342375339475076,0.23023001046756075,0.28892156372015165,0.2913907423100923,0.2932870787738846,0.29484884412559786,0.2966391785849911,0.29584564186247775,0.2978205889078751,0.2985967399628642,0.29765404877196566,0.2947581886742281
0.3071227109391401,0.24546540780663406,0.2543189396858345,0.2754767817459438,0.22194797365820662,0.24950176101468458,0.1969003433744696,0.06234091971519007,0.2793407623949342,0.3224906682617572,0.8834089428830412,0.886543330397763,0.9007352111749256,0.9050244064040793,0.9060689037123648,0.9014500793655245,0.9091123322705545,0.9050437210634019,1.0,0.907781697318617,0.6770444694613555,0.6818416868708503,0.6878105106003023,0.6945470161160099,0.70323088920839,0.7112583772824177,0.7218207663600946,0.730366489513635,0.7386237518051608,0.7377738967832812
0.6073546084349175,0.5537654144802957,0.5418980556670512,0.5287466305232549,0.4525974653173144,0.6296055029746697,0.6408048861389481,0.6086961319132911,0.6367353910344029,0.638127837789046,0.4015360232278873,0.4049351970389674,0.3895320007944747,0.3856303047470764,0.3835155588933983,0.767777742941206,0.7706263960349666,0.7681238834730113,0.5647982604335411,0.5120483737883905,0.42170844639972316,0.42283474180948843,0.427223430247583,0.43274642235025773,0.441411230219968,0.4478743006295378,0.4521674567247871,0.4540075219413069,0.45384802461270546,0.45116881138682174
0.21391957903451342,0.17585629355761867,0.19825324347558393,0.23501719875224225,0.19205616355583288,0.23558195924004366,0.20021951304271468,0.0933789016290767,0.1180740795465951,0.05874973893290658,0.9967552130627721,0.9993942421728921,1.0,0.9974795199320674,0.9969870987196963,0.9963650794681946,0.9981328699385443,0.9923657978594989,0.7316138178746474,0.6677433615711186,0.8075384661225442,0.8169405183226317,0.8255754065335967,0.8343134692471086,0.8455243327487807,0.8564758960347998,0.8677915628529504,0.877378005339196,0.8856556229482901,0.8891547368662245
0.3894070857823948,0.3163711669744629,0.30744011300501484,0.3064079696208708,0.2238581800534618,0.21150801630912142,0.3569650626486691,0.32729989804629867,0.3904635592135257,0.40417634807688785,0.4847897873620379,0.48574994282142026,0.43640565659934794,0.43975506624591176,0.43393159647357216,0.43434753824059413,0.8707724035655495,0.8694598654929937,0.638844452649133,0.5819211641897448,0.3985413608789994,0.4050699758502372,0.41349466543226043,0.42241841708552386,0.43551738504591064,0.447341253903641,0.45986318492469813,0.46678585359011215,0.4714359542518114,0.4733535330362617
0.0840697179802774,0.17924667210353107,0.22755391662718694,0.272547567331042,0.2418384371249651,0.29040459442757793,0.26382494405928725,0.17279762961211986,0.20551347433328715,0.16889531481618292,0.5545780525096813,0.9405360313257765,0.9474552218558898,0.9504420674561995,0.9493930421581762,0.9460116411554118,0.9524014899886346,0.9487984138180678,0.698305135853114,0.6377245574016426,0.6024192473478927,0.6155393515252126,0.6224800240566566,0.6334380276229847,0.642170335640186,0.6508153895196003,0.6615629113170094,0.6685529044843701,0.6751072689681532,0.6778430777913993
0.3831785343282341,0.3162689171363908,0.31121977266115763,0.3183694862217763,0.2503931344692134,0.254057954638764,0.16823082270908785,0.2627626283783364,0.34971257972402015,0.3721351186426176,0.5151984525424096,0.5162051343101144,0.4542367254071529,0.45349421447221516,0.4563474822242526,0.4555663060930488,0.45462451885039457,0.9065779938117746,0.6642710643165568,0.6050885752960875,0.5576232588626961,0.5668003852361743,0.5771868181897144,0.588503098091012,0.6022712411592472,0.6134167675510724,0.6271757831881786,0.6401657763970636,0.6491023856742881,0.6509656403540891
0.5223098873303194,0.6173550890003909,0.6588097107884323,0.6917507049926712,0.6925809751753036,0.7167668832815473,0.6959192434566859,0.6425139486168483,0.6444970826616405,0.616816507478056,0.35856670158120885,0.6484048240345386,0.714754710784371,0.7163746086183949,0.7122350829861812,0.7149763153519544,0.7138730982291239,0.7119109712811049,0.5246782047559826,0.4779096295917551,0.3801873714046966,0.3816301933539581,0.3821054219549751,0.3813242901859617,0.3839009484390221,0.3833771169776483,0.3839242229818183,0.38467619746174897,0.3833394916709949,0.3802316682442992
0.5477809502155111,0.4469697071200862,0.6047827150527745,0.6527786553916215,0.6572346343384048,0.6885208922889596,0.6723719314384589,0.6235671499119633,0.6337448413394817,0.6168769957569431,0.37995337085963676,0.38044422320495563,0.7385540582477894,0.7417098281988466,0.7382023032712226,0.7389919647631533,0.7407810116976368,0.7385782740495799,0.5443343424465947,0.4942992212832884,0.45018888174070604,0.45353987787265027,0.45646396100538844,0.4587360935546059,0.4612640124846088,0.46244239384297714,0.4644206876743535,0.4665532002978594,0.4649308778812742,0.46194906572938166
0.3592912309817322,0.32771404078316024,0.352742614662084,0.3858196447750757,0.35641166644169786,0.39283151495001434,0.3624169421141339,0.2739813656801964,0.2929385552414452,0.2501249631954643,0.8348062700256715,0.8402456088672761,0.8651903865914683,0.8655402843467943,0.8669861472271716,0.8649333922088331,0.8679540593358563,0.8652417801982821,0.6367119348492425,0.5768726089953065,0.5868994400205061,0.5918712809493769,0.5955675140592493,0.6019551477633716,0.6097151062510662,0.6152217581440667,0.6230699053173687,0.6287399155012174,0.6342263698491966,0.6360361513718349
0.7249008919307123,0.6788922058300564,0.6598190311825327,0.6295084420322503,0.7507903720330837,0.7950767557912108,0.7907876267776253,0.7613593509985641,0.7715829976382054,0.7666920276142442,0.34116365539600757,0.34050830635347396,0.3482343176856535,0.3491282376091398,0.6910232195870005,0.6904691049647287,0.6898122435535576,0.6917484778250689,0.505585229767723,0.4606883663088057,0.2879705306566933,0.28705655458346513,0.28746127471746874,0.28907595875834424,0.29191003235111346,0.2907643883583688,0.28954960602038504,0.28815263060531215,0.2864294672982659,0.27943834995713424
0.3203979325849282,0.25934339432720677,0.27190909076410463,0.29240686922198833,0.23761044511924467,0.2597191723293655,0.19840703364959467,0.0516427331475775,0.293324621846331,0.33795298332443124,0.8406413594215918,0.8419696544208213,0.8678957546013422,0.8707724660168523,0.8661676730987278,0.8663537363011216,0.8700718176528017,0.8694252791514678,0.9568486844820994,0.8701744388466732,0.442273857188372,0.4453315428465032,0.44952927149426714,0.4544006189255203,0.46346672832346236,0.46810749021730125,0.47626616496038743,0.4832588156705686,0.49148972998270146,0.4904807317641744
0.2637617328059889,0.13405820247758626,0.06531773047580813,0.26687881113405965,0.26691486754532434,0.3310250142179356,0.32114703480583273,0.25273503158720345,0.29965275738198827,0.29169973242406044,0.5464628559207609,0.5469766836426277,0.47009175504141254,0.9455263191495327,0.9436053583164234,0.9499228637240691,0.9468986497369691,0.9441451532833014,0.6968530600294196,0.6315475661390959,0.6578875393848787,0.6699100190336775,0.6824832710785351,0.6973707795980388,0.7094718821308437,0.7198001307589976,0.7264191586296445,0.7349631597217172,0.7418040063035303,0.7442127953612978
0.6979525159192264,0.6616949942529438,0.6573667400366432,0.6550881152661674,0.6074884841445858,0.5824377833178147,0.6990859358607402,0.6856032600767357,0.7130683643988895,0.718388861247,0.37876291119403493,0.38053900230935067,0.37275407808601635,0.3738129206454808,0.3702070698223867,0.3710869680784654,0.7394991969718561,0.7406589196082116,0.5426129801150879,0.49356738863327454,0.461797695489393,0.4647897869475308,0.4668957376920151,0.4701548451172055,0.4760699495056766,0.48110031487273197,0.4864470698412582,0.4894135495782308,0.4880802870165759,0.4836593043894464
0.4042605261114183,0.305894402725837,0.26434904216161215,0.4356565693073904,0.44043261580194226,0.49236930313157146,0.48282754735938127,0.4267724049372106,0.4606626265919793,0.45422073675251085,0.4514870762472487,0.45589825887534907,0.41736007365023475,0.8330158515995141,0.8307742616550211,0.8321282200747628,0.8328544377996732,0.8289178817982545,0.6105064982596637,0.5556527521254342,0.4223774572856396,0.4294659577414812,0.4348337823503723,0.4456138651839261,0.45431004764835237,0.4593240637644431,0.46280719002751347,0.46755711525277555,0.4705001430035036,0.46983395961552077
0.7352896413907288,0.6930302677917091,0.6787016174154665,0.6566005865764666,0.7751450305233227,0.8174197385610888,0.8141835710099237,0.7875501250508066,0.7960827190518351,0.7910636256616854,0.33640567065813887,0.33730348170234326,0.3454608361712719,0.34728900554389597,0.6887026309431938,0.6893030090291976,0.6890705113157694,0.6860654796691694,0.5046694481282925,0.460132537737886,0.7298654903892956,0.7323410054075143,0.7337961040040231,0.7389387703315631,0.743974491723872,0.744063318725134,0.7456904575578243,0.7469661513110122,0.7444598018672792,0.7382817188005308
0.3003775299510494,0.2070419306338458,0.1781397607092785,0.1607870018440778,0.037774449670234134,0.25780848964154757,0.2766325157430387,0.22428320640282706,0.2889254617979802,0.2964990023782086,0.587723231488714,0.5891714584225785,0.5006049417867828,0.49492454395814356,0.49791297431629467,0.9983190758063003,0.9974470063703702,0.9973963105218644,0.7329576339093826,0.6659961764993563,0.36014971358302894,0.36983608163925474,0.38182110868047836,0.3948588177713237,0.4135995835049826,0.42721108628764703,0.43991487101283866,0.44790601152941,0.45549915128009566,0.4580567392840855
0.6203692487697303,0.5982653150383008,0.6178335886112656,0.6397830484221316,0.62516810665241,0.6424985347731429,0.6098214781913462,0.5338001576601634,0.5228117808773973,0.6431507515230059,0.6818671491938533,0.6822336822519457,0.7421733313800143,0.7433373274956523,0.7396102540932148,0.7408371918925116,0.741765380885381,0.7398800681541982,0.5430171400990593,0.7411614582395929,0.4164036576600729,0.4147224182573872,0.4138339882318256,0.41303526344188235,0.4154414427030204,0.4172714117063592,0.4161883144799887,0.4190385298982644,0.42107214016932915,0.4188037433674143
0.54645227901403,0.5311004467495088,0.5571661463573143,0.5854643933705184,0.5716840018874194,0.596876909387003,0.5696321561543662,0.4989678686317376,0.5028423838136291,0.4626295327889949,0.7173807561912655,0.7166559550604807,0.7682833786226126,0.7705261524938471,0.7708177306043318,0.7668189130625738,0.7703386121731697,0.7709935809236388,0.5664417124725425,0.5142732983339107,0.459393668772913,0.46237665617758417,0.46411888503651255,0.4666114651957347,0.46864745504467287,0.4700984772990857,0.4736640619874315,0.4741141512394851,0.4758321559052767,0.4767488453838613
0.3541177377159812,0.2657350132781602,0.23411431237014213,0.2133975215553292,0.08887518616265311,0.3094638370958869,0.32930831990412557,0.28013765102579313,0.33994181562905723,0.34556942708392313,0.5906017658467633,0.5922836688121338,0.5032282485296449,0.49923231689589365,0.49912935735848407,0.9964798916070059,0.9968043460919169,0.9950468010843743,0.7321025923948508,0.6685418748837124,0.34401459321315464,0.35354329902592063,0.3657151868893074,0.3785718514942964,0.39605085740582346,0.41041906376722714,0.42051852318517113,0.42870998209838973,0.43608187327761705,0.4385141101978558
0.6159858398621267,0.5428870654625868,0.5111657014522493,0.6732616000482174,0.6948171831880927,0.7305317803229272,0.7207231455399885,0.6819227599873763,0.6932545652754278,0.68329679288005,0.3533997409330629,0.357332150509996,0.3583242339778412,0.7126599313145494,0.7102132333393403,0.7113513192649137,0.7121801875950045,0.7072168392576508,0.5195913197870619,0.4753985831218772,0.5808833337309203,0.5842778682394982,0.5880372787271781,0.593078576872168,0.598794293648508,0.5999131794133934,0.6014425268102386,0.6020720209435808,0.6022328809334621,0.5983969928648722
0.7021994813933183,0.6350193916306388,0.7650428329692183,0.8056874744972227,0.8221076455511067,0.8450530637561116,0.832106148691679,0.7965288903227794,0.7948186795702554,0.7800030175651465,0.31819264963068505,0.3194468054415047,0.6643842856798639,0.6688395358462671,0.6617078814898267,0.6662450406173956,0.6667534028084745,0.6641077306931749,0.48595900509491763,0.4426440848833657,0.4868185339368889,0.4878369115603842,0.4876797949466418,0.487486618668985,0.489096964284796,0.487362326654722,0.48627796635505405,0.48416644137182985,0.48128466720810614,0.4757889402521336
0.37760565469806195,0.3483865427924471,0.36939415257173636,0.40006311226223445,0.3693820381106221,0.40364749649909726,0.3721281026141554,0.28223356282201806,0.29878294088312174,0.2511899369571289,0.8886445771695897,0.8884920758538222,0.9059401393618742,0.9100115154807877,0.9054288897045559,0.9061703304778117,0.9093897219608849,0.9073290087116259,0.6644764827991398,0.6070139101925873,0.6608095830945313,0.6666112631587797,0.6713855404298297,0.6775776722990194,0.6846616724016936,0.6907077605513869,0.6985503559793766,0.704335954107723,0.712667837950475,0.7132147248604106
0.24729379607450852,0.15504509656260623,0.13441088903931586,0.1283666379135049,0.02069080808321644,0.0,0.1654836575719436,0.130544079348212,0.21564037431950567,0.2336067284752943,0.5929051893857205,0.5915973070054452,0.5034198367166454,0.5008277973980313,0.5040346436905718,0.49861987026561927,0.9999039748832192,0.9955581495941512,0.735363168077166,0.668463952678434,0.3196213472061018,0.33207784582762834,0.34322481814266226,0.35804197714429087,0.37501128652883864,0.3916022407339206,0.40754148789026345,0.41887675214820064,0.4271059619435871,0.43147253399559915
0.7916440144733841,0.7504252092513646,0.7463718689289252,0.8566112651333277,0.8777491846825569,0.8957265874329821,0.881339638436895,0.8498512510512661,0.8450150991679521,0.8336179670928487,0.002231041695944569,0.00359930971811373,0.007700359765799192,0.28150728288253823,0.27835453794772036,0.27731349766287394,0.27815361068634736,0.2790795958284704,0.20115946174027943,0.18524782684887064,0.9400623308075762,0.9419544118319898,0.9433621417420852,0.9443827120080854,0.9458763893434092,0.9460675091213719,0.9458139485738997,0.9450263398207746,0.943364365540134,0.9338670645226195
0.6401346613397756,0.560886039032436,0.6936118185497335,0.7356178656390355,0.7464068493402571,0.7739968830816899,0.7602074977833304,0.7192190185106071,0.7231875796086165,0.7073427534290637,0.35748238738240534,0.36003839286105066,0.7156085671955346,0.7163079361677731,0.7150492214197328,0.7217642213557731,0.7064748018891915,0.7201644733155259,0.5232534179100199,0.47859284142039193,0.4580511378709353,0.46077981410417834,0.461398496445371,0.46195714424907486,0.46333762092754327,0.4612672370067532,0.46291687903402945,0.461351542290112,0.46097660253059125,0.4550431269023818
0.7697552155782184,0.7392478587495681,0.7357794508491438,0.724867025982423,0.6764206335350273,0.8226927598789828,0.8299361833420598,0.8093672083065862,0.8205941194945758,0.820764584740747,0.30233040881959106,0.30234721186961266,0.3253032146800994,0.32397594879595815,0.3287635324064446,0.6427041743161812,0.6473149570154835,0.645872080030113,0.4714786852698065,0.43097367935071773,0.10866186874668848,0.10701500054649848,0.10442008120237922,0.10487420661703517,0.10771402234991179,0.10675599036976635,0.10423500863019441,0.10215135179208445,0.09896098437082479,0.09397786023522592
0.9616406856990949,0.9609368453455254,0.9678962738842962,0.9754468911455341,0.9828596160698524,0.9772163008660613,0.9469134936437307,0.9002803337691496,0.8710308633396302,0.8406259011125989,0.010299920280621322,0.010668612817031686,0.007271981992062138,0.0032972673423934395,0.003939408173273762,0.0029176241522304025,0.008355679989236364,0.004674029674687219,0.0,0.0,0.5901697857186878,0.5888487089107919,0.5876935796048492,0.5888868943968397,0.5907383456250983,0.590869543265109,0.5916952986356083,0.5931388666539341,0.5954189333977844,0.5897839971728729
0.7094171804431291,0.7993135438240166,0.8294056244532655,0.8542427083352102,0.8655373226704342,0.8776380052248349,0.856873513949612,0.8148607910581944,0.802979131247973,0.7768333665005578,0.04983890590993312,0.32250906088445497,0.3377415809744395,0.3398421307940769,0.33796754397560314,0.33495491189854576,0.335735839773708,0.3340441591645096,0.24646050347695247,0.2222441913318498,0.0,0.0,0.0,0.0,0.0,0.0,0.0,0.0,0.0,0.0
0.15748287681732265,0.003043744056171249,0.17448166235607943,0.23919469508880553,0.21654413366728065,0.27609943504831236,0.25833937008786023,0.1785747226702341,0.22511568833398243,0.21242223992434717,0.5509776172721397,0.5503948965661598,0.9481724577904806,0.9499260409028896,0.9481884232893574,0.9471266526419768,0.9479218260510649,0.9479804144213553,0.6970331847590661,0.6322982120727874,0.7292505059916561,0.7421803644575053,0.7561092767784157,0.7661898160454204,0.7799368868026306,0.7884592401828048,0.7974605941958863,0.8068276276493869,0.814221631399823,0.8151322223781978
0.23946537206067475,0.12824469036972985,0.09085042105757068,0.0533239952213016,0.17356051819823293,0.2645127501094855,0.26569211141035254,0.2031698471930241,0.2630684170735478,0.26419786860118677,0.5493211316220252,0.5505520317016215,0.47527790929691704,0.47659232640406124,0.948507426898793,0.9487419570742297,0.9471462516825753,0.9472166037847352,0.6974685449596922,0.6336622541993471,0.6507399346944567,0.6620544291398502,0.6741025153906754,0.6894594896361266,0.7072592251471672,0.7192833172573021,0.7308318240555565,0.7383108705912029,0.7459699482751905,0.7479721061075466
0.3186980233935479,0.25211028436236305,0.24691072503566502,0.26026193688907995,0.197764418872989,0.21779661679223494,0.1551022699853455,0.0026173454922329142,0.23476828165446761,0.27901805644804156,0.5923155771166382,0.5948085015713982,0.5013527263375632,0.5015466874598768,0.4992128386492176,0.5000612848650778,0.5038025380496869,0.4979857319879333,0.7339082541603164,0.6665044817764656,0.41210658834051017,0.4235705516297532,0.43369683349550137,0.44723047963672435,0.46413953335135005,0.4779789248916959,0.49299486948996574,0.510625710187405,0.5235232383614363,0.5286169501961329
0.3467579831483327,0.3131939359962601,0.3393150273018648,0.37308844061714197,0.34229942650712886,0.3802769145943614,0.3504617300999122,0.2614150989956521,0.2826598294174367,0.2398203600157629,0.838224855546768,0.8376460771723044,0.8643591799283872,0.8681569572485035,0.866821419411556,0.8687521082791552,0.8677246961007903,0.8657612063771918,0.6380787978745328,0.5793187758199281,0.4758943258956201,0.48052487262035193,0.48380756424115745,0.48934229650195427,0.4965123378689089,0.5008080270123259,0.5072787632040949,0.5137989642192533,0.5193678795009511,0.5204046002991252
0.3063947896874133,0.18900388875123042,0.1297008125857282,0.3097575709297793,0.3100958077311695,0.36933340861794406,0.35715315349008847,0.2904265404009827,0.3332799192017113,0.3256591928054853,0.5483256618424583,0.5515577169240933,0.477624399468608,0.9496822256922144,0.9488619996843166,0.9491650417051893,0.9479787422809576,0.9498009999834931,0.6985608804083041,0.6322907248851797,0.17848653412628224,0.18836354160625746,0.19978914100581946,0.21145378103260448,0.22143916705827316,0.228469057553351,0.23530982758047614,0.24313781130304868,0.2477867870574464,0.2515323026272416
0.44458398317558334,0.36392966485332323,0.3405695835266336,0.31385570243568495,0.4294280239457997,0.4968907704992347,0.49425273635385736,0.4459757750329061,0.48340909262625686,0.48298384545468664,0.45571604836310975,0.45573490368558023,0.4193019875401305,0.42035029252642175,0.8312373201716419,0.8312209555292078,0.8333679132422116,0.8317822788014215,0.6105126108905434,0.5576969033281758,0.41533398970538293,0.42151286372938124,0.42807116680296353,0.4372037525642103,0.4502633257778452,0.4533066987736465,0.4595337548248999,0.4634701137201134,0.46608109498334294,0.46553619947655456
0.3283271358502695,0.21288298549115936,0.15956346052586667,0.3486609756772445,0.35046904687400726,0.4083794557707243,0.3988844949410044,0.3369240263011122,0.3773546535274761,0.3699033506072418,0.48501958557978764,0.48649569022962247,0.43804559821825784,0.8685973437115955,0.8674621758191776,0.8684116639266648,0.8696421255384408,0.866104813385066,0.6374994691412033,0.5785075669293533,0.5514551839141806,0.560600473866149,0.5694408776084252,0.5807447441642868,0.5906046572589396,0.5967775888413627,0.6025841060696386,0.6077386722622133,0.6139764823862812,0.6129545461643868
0.3011288911396832,0.17464862088084132,0.33331951833394413,0.389486711656005,0.3765234008053753,0.4253050618303611,0.4089942921176153,0.3419934463184582,0.37667299062470505,0.36403577305573975,0.4837728421150098,0.4809645811345522,0.8633506890692715,0.8699604984011344,0.8675508955051718,0.8652949969465187,0.86708796463674,0.864438784249506,0.6372049034445126,0.5791446441802952,0.5334598215159776,0.5425492403618097,0.552593304792028,0.5599309169226157,0.5675218940721596,0.5738264828401345,0.5791719336519439,0.586041635333034,0.5914505896105364,0.5916708868318672
0.308101966864303,0.2740764177609485,0.29456415244173684,0.326819424972733,0.28998900611461664,0.3278475813539288,0.29462859742538683,0.19793284779399656,0.21836792949871509,0.16631822054431566,0.9395037697527915,0.9389331911607739,0.9518514826295448,0.9486086132813352,0.9485304375925896,0.9503180342037378,0.9525874823164866,0.947373570137529,0.6968494979842088,0.6334025155813787,0.4311866126295101,0.43834776224867156,0.4427091695147425,0.45094668973431773,0.459347514907007,0.46452452163939917,0.4740073372895033,0.48160104468147047,0.4883425825080039,0.49220400767530315
0.21921289148577472,0.1597985288118231,0.17223935005263868,0.20051939415942144,0.14513762207252867,0.18124358416439534,0.13275806576783467,0.0,0.0,0.186161513900867,0.9946667980121671,0.9979409149619363,0.995250480223774,0.9956745473556232,0.9978934919355726,0.9935088856308649,0.9968037804464842,0.9956164927707665,0.7344074183956355,1.0,0.5982294096657448,0.6058725855535663,0.6120883051110866,0.6198609260397916,0.6315183264251143,0.6413451602482638,0.6504556164770889,0.6595879817595804,0.6725609732012483,0.6772323030176679
0.834451313915956,0.8317866482464993,0.8467978244361518,0.8632511299459225,0.8653686714519679,0.8682443487682683,0.8362313761910407,0.7761057008622387,0.7451285505527139,0.850230930733268,0.3013409013144379,0.3024881636016117,0.3288340029010097,0.3232030656484959,0.3246342934558104,0.3214170370438971,0.3240394406462226,0.3250637718295639,0.23470004836238356,0.42995601086891,0.026259968789876353,0.022094614263497903,0.02045938862500485,0.020162436199475664,0.02092961051195985,0.01770609949295121,0.018868131970368296,0.01935528720093238,0.01889646642912801,0.016136008237479516
0.6692643150175819,0.6355187674105984,0.6356953942374304,0.6423423981092604,0.6110398763183582,0.6084205205731905,0.5465147794082199,0.6260611010570614,0.6712448317527588,0.6835461450747502,0.4024939125072322,0.40287641333241186,0.38889939285291497,0.38594428358125654,0.38639819379163676,0.3829590847377098,0.38576194543745324,0.7667775275172772,0.5633168017756329,0.5124904726269897,0.31492081162781105,0.31752972734505747,0.318574508376944,0.32271694406321316,0.329722386954197,0.33392114264662887,0.34213184572927346,0.34689654934240544,0.34893952485175816,0.3468797753638846
0.39540524711849656,0.4715867512748879,0.5103779432539781,0.5463248137401209,0.5358023643639491,0.5679842785900071,0.5461972140723574,0.48259117133177654,0.4995284158618567,0.47701450691663183,0.4283694050482465,0.754227393014653,0.7965233875145774,0.7997448225523502,0.7946195713843434,0.7960394064139003,0.7980142309706775,0.7982107346138783,0.5869437269372488,0.5337462482253938,0.5721379781686249,0.5789807380110901,0.581846228672326,0.5866508330935964,0.5911511098785045,0.5948185733401505,0.5992754451484235,0.6022675986871846,0.6055885613839749,0.6042048555787751
0.30823212093403995,0.16961580834828638,0.334764413245793,0.3913973776181514,0.37596082109877926,0.42281222414484887,0.4045957170216461,0.33375688291578953,0.3666945582047134,0.34985890819770304,0.5159922896908693,0.515501153457893,0.901974461607276,0.9056598848228568,0.9025559858971519,0.9076982645812528,0.9087286405511339,0.9086142720796975,0.6641887344965074,0.6041069085950577,0.45617318725307143,0.4668972769725457,0.47660278057019134,0.48425573225475205,0.4931243362377007,0.4989243417489053,0.5054147990138453,0.5106748179342393,0.5151063308406698,0.517777264962735
0.864839609227829,0.8556562163001082,0.8641326667249558,0.8698746201795977,0.8598599136317517,0.8455963341555375,0.7935264842353291,0.8760930442525314,0.894431749148584,0.9006921861646262,0.26672864528482787,0.26639567795816355,0.3015931241524026,0.3018718275665435,0.3013106450010312,0.29842263220866627,0.3011539420067386,0.5993937178052651,0.4398840379111295,0.4000293832424209,0.41782137780368167,0.4162417085497836,0.4146268636048518,0.4125898617332435,0.4148341576534911,0.41369239083095977,0.41513789728302974,0.41602699089149375,0.41166421663402986,0.40464860919567336
0.34178944906415154,0.25356197894766197,0.2318292161261759,0.2147711662524614,0.09723664190733672,0.31954531720027646,0.33694230993512875,0.28747841596331725,0.3468761741267805,0.3544948374137604,0.514108674521645,0.5164044543593622,0.4536739405329193,0.4548710998062653,0.45113376695553775,0.9072743797341385,0.9062444481123304,0.9050996781178533,0.6647552455514862,0.604296447488716,0.6382676206636386,0.6481521756751114,0.6584728974591325,0.6713030203364632,0.6869845580576737,0.6990986311935803,0.7091072691941065,0.7180759538496684,0.7244625970619314,0.7241087742792178
0.20214926449647308,0.07359052595654703,0.01733898144787105,0.2083378603907704,0.2030438366417151,0.2725693072912243,0.26367883148513727,0.19201224276782725,0.24556243138175304,0.23941813069543727,0.5511052201931435,0.553945491692363,0.47507855395583576,0.9480673071597376,0.949514111089055,0.9419182993819621,0.9510427977775677,0.9449915551147736,0.697029911762721,0.6321926951619403,0.6834316036312256,0.6961208976369697,0.7093351891790398,0.7246052193080974,0.7373651144620581,0.7475421821558736,0.7582406428507671,0.7653107280837865,0.7727473906330964,0.7751784369323342
