,-0.7757040078164679,-0.7740819186236247,-0.7769018483361289,-0.7776017437583916,-0.7739061987021999,-0.7747386809590466,-0.7761404227900278,-0.7729256909701634,-0.7677993688332415,,0.5452984939633171,0.5309231202756648,0.5335608520373037,0.5328910705029206,0.52733994909744,0.5364994026851905,0.5309551386035409,0.5366442245835108,0.5376977158585826,,-0.8605921591616279,-0.8616702660734413,-0.8657273779746184,-0.8649956292370878,-0.8615748442311062,-0.859099721554797,-0.8570624299438283,-0.8584803576520053,-0.8609972790249167
,-3.3007839607366565,-3.0706977998083134,-3.0262096383532042,-2.988174319241187,-2.9506233081102278,-2.9341745144534244,-2.903222175333285,-2.867364939293003,-2.8364659259190574,,5.3466726906582975,6.273618242417407,6.258799382683212,6.213379383120036,6.149027477501103,6.152556435261789,6.106247958223036,6.112231732175425,6.105817334024189,,1.9240039353026166,1.931983929506095,1.9392188067489968,1.9398798099083026,1.9339415540313065,1.9282754045698445,1.9228419779557195,1.93054337634078,1.9359464073457824
,-0.1519355025095973,-0.14743803891849366,-0.15671802405984644,-0.154814345862604,-0.1534271476864113,-0.1539972934855675,-0.15470534021605026,-0.1519308886040928,-0.14887344746929818,,0.03269618889985967,0.028968516816576837,0.031839808811715616,0.028979200964675017,0.025345837679240507,0.030049605718395392,0.027798670418649148,0.03480872592988486,0.03219651900854723,,-0.037024781901954455,-0.03741176368443259,-0.03672383663110192,-0.0351812587623965,-0.03314732036227149,-0.03266780278171,-0.03274041967031487,-0.03142593772574026,-0.03140388476883345
,0.12977476453796866,0.14218090244480508,0.14348395013440604,0.13663285336331218,0.14151798021868867,0.14505274437365384,0.14771330660036336,0.1489125045046687,0.15220051997504241,,-0.2436546159032872,-0.23758764556482692,-0.23031310612450043,-0.2360041768324079,-0.2344821887964579,-0.22980299372377624,-0.23200208635047875,-0.2304636920001841,-0.2332850626029541,,-0.040893739451483,-0.041022086541310565,-0.04298898910598861,-0.04472470658669511,-0.04358453841408817,-0.04633906778915628,-0.04749898797301012,-0.048284439749943196,-0.049558167279049326
,-0.6881546931096366,-0.6841104448206557,-0.6863350249707545,-0.6868582559348794,-0.6821108775095887,-0.6849634611845646,-0.6839180226463394,-0.679554145921344,-0.6745367364480862,,0.5481641571743783,0.5554840067066841,0.5566482681963816,0.5557192970761934,0.5531075419377449,0.552671492545487,0.5536484933417688,0.5594095031091297,0.5595664788478023,,0.2142233669299361,0.21811398489162895,0.22082653976422173,0.2234460644790036,0.22598649123121461,0.2272891607225898,0.22857739064197996,0.23160425537934737,0.23387851399929552
,1.0995228499945902,1.1145744451162312,1.0957822789798848,1.08255990226899,1.070838852442202,1.064984018597293,1.053923144545217,1.0443140676520242,1.0371254016721576,,-0.9526060950280717,-0.9827520133811968,-0.9848392168662836,-0.9812345537616974,-0.9755750824735995,-0.9750185778964905,-0.9733587985515153,-0.9692083077258199,-0.9742763228459104,,-2.8828238615585344,-2.8880639022945664,-2.8970491168266146,-2.896809135339731,-2.8840601062660682,-2.8766791792556266,-2.8693429286780576,-2.8748243855688718,-2.8830208270247746
,0.2837975319564645,0.28478977972667313,0.28197123323890705,0.27938421555330584,0.2783711444823447,0.2781933134726167,0.2676450798288724,0.27034039490639744,0.27239263518583634,,-0.36973737578359894,-0.39003367004472816,-0.38787459351354553,-0.38352113483645395,-0.38690657123714345,-0.3873598903207649,-0.3874913121931919,-0.3821970916975017,-0.3864403125892776,,0.14870585597303876,0.15022148827986762,0.15086293663417708,0.15043956346426024,0.1514059475729095,0.150497287496235,0.15100306691402987,0.15191952764364822,0.15144856439379964
,-0.6187485277950014,-0.6252275023134336,-0.6360579813060411,-0.6422522775405332,-0.6445576700930707,-0.6520509741580198,-0.6578021995687147,-0.6574311990538474,-0.6589276392041133,,0.9317607014979165,0.9338309366066536,0.9399889501214942,0.9355317655452225,0.9311996998195261,0.9368334510562337,0.9334123082739759,0.94297700097669,0.9432122411034067,,-1.2931010021287053,-1.2920883238844452,-1.2916712454274804,-1.2868069507349635,-1.2775206566431838,-1.2696858440291499,-1.2621488478925456,-1.2602349344163006,-1.258294530274526
,-0.6102340738426825,-0.6058702862618246,-0.6080281126016317,-0.6117621495233784,-0.6078858681330322,-0.6099010733107005,-0.6094247003944953,-0.6052138949447343,-0.601501597566267,,0.4646213823219709,0.472286799519846,0.4772124361789198,0.4712139349890686,0.46422387698281053,0.47005301473017647,0.46375288409496995,0.4722927265859389,0.4708464305504442,,0.9125749012944594,0.9190666985074731,0.925614565123858,0.9305826848446597,0.9329610282944215,0.9345131374012063,0.9361420516148935,0.9433007483424448,0.950289414440854
,0.35243107178084987,0.3437693373134372,0.3303454177711775,0.3212649379169223,0.3110000101814268,0.30587938858975444,0.29584531026342736,0.2902600817598777,0.28560403594214057,,-0.21476515811206748,-0.24786154681393516,-0.24224429622518054,-0.23814596008384972,-0.24703567705459248,-0.2437543246561869,-0.2472352935058377,-0.23841186852971039,-0.23459145470478307,,-1.3269112927864155,-1.3263602128936962,-1.3283030635210569,-1.3247422679186829,-1.316289220595264,-1.3097957193053278,-1.3030530982604933,-1.302224735201621,-1.3033828398116034
,-0.9470455975194334,-0.9375631678151826,-0.9363767883393681,-0.934154389236941,-0.928139974688695,-0.9286582914281889,-0.9266863162102698,-0.9231899218635254,-0.9161755848398789,,0.7385743262630873,0.7489040448325269,0.7563708357343727,0.7495134496773339,0.7431842770961656,0.747716792640424,0.7410149084685753,0.749257437555069,0.7500970694016602,,-0.19401033086678196,-0.19295717640247334,-0.19276549308907587,-0.19105994470906648,-0.18746216200724009,-0.18611656925524928,-0.18414147057063057,-0.18143408550082743,-0.18063718429182948
,0.37007959777112914,0.381177543140565,0.3813922768172982,0.3710751483694495,0.3734886917679631,0.37701402365215786,0.37428432151994967,0.37642153046643806,0.3788153038241597,,-0.45579055656305395,-0.45878874482796234,-0.4549691733663924,-0.457870779128946,-0.46013587493680946,-0.460588340824346,-0.46274055350451754,-0.4536069197620035,-0.45554087176054575,,0.2617498107993448,0.26252083209256205,0.2622702843411005,0.26272465528641453,0.2617718115099516,0.26075920074916686,0.2590024401840877,0.2590792089010561,0.25933568454855055
,-0.8119077689009406,-0.8028325038933256,-0.804036560847088,-0.8022238355437336,-0.7972555213450205,-0.7981048663011923,-0.7973843534413134,-0.7915093350541735,-0.786389806060633,,0.648692931778236,0.6610693120947928,0.6686955993928582,0.6638962426263313,0.6602978626813362,0.6656365713872133,0.6634297956012465,0.6681041146175728,0.6666395006941969,,0.7847621032387453,0.7919997879068382,0.7978911279993042,0.8034930802877094,0.8049359037670982,0.8064072282726643,0.808482777107171,0.8146902447841985,0.8202757111226167
,0.2130795324412768,0.2256057047356169,0.22601783600500358,0.2290245397531791,0.22983950528853642,0.23179825177310762,0.23210469558511823,0.23238015499789105,0.23714873685441681,,-0.3655734622643813,-0.3646359505438071,-0.365608837489387,-0.36514763509851406,-0.3659263346882847,-0.3580393111696146,-0.3605352904669882,-0.3584765238265411,-0.3574095663299473,,0.29918288923096614,0.30102822383113564,0.30158608836380996,0.30298153540637485,0.3014795215489095,0.3003957383062864,0.2987309649457312,0.29872137294302814,0.3003453697843823
,0.18623322180210827,0.19619104205295046,0.1959242141925785,0.19678237174177626,0.19776778147244328,0.19959026330260154,0.19034212332989922,0.19662444168501025,0.19970091835909093,,-0.3589331506643833,-0.3726519328618763,-0.3666828808714939,-0.3685152287779388,-0.3690170286256777,-0.36869127009549224,-0.3695641936800836,-0.36681318624106657,-0.3709110119446866,,0.11378546456659801,0.11414634703401014,0.11315972682408061,0.11248983820773113,0.11262709491534181,0.11021960385469906,0.10915514318613383,0.11020322101811621,0.10914607391594472
,-1.1018673086913857,-1.0639121889284837,-1.0598499645225763,-1.0492774113401355,-1.0379890940244771,-1.0351196191053225,-1.0277544335342317,-1.0182360713857388,-1.0073100040305722,,1.1466428414436867,1.2781428881945527,1.2808526070932809,1.276770058739998,1.2596360560338062,1.2668991458005574,1.256924763404613,1.2607959673689422,1.257915910061973,,0.7970228755676456,0.8026650151041366,0.8066085082478012,0.8108705636847631,0.8109892447873291,0.8107427282393107,0.8109687915727541,0.8148557678068544,0.8196014102142788
,-1.3989124365717114,-1.3936978879128363,-1.393276699942501,-1.3898962429352721,-1.3851227561693453,-1.3867940384714659,-1.383171227106114,-1.3732407479488227,-1.3663623163174161,,1.0697686987804182,1.061470445385855,1.0684597247060488,1.0645496632533111,1.0529325468039228,1.0617604926977928,1.0582645170274507,1.071449737538443,1.0716750898322362,,2.0697913666875802,2.085031988067647,2.0999925131591137,2.1099952444771115,2.1119116674913823,2.113996234952133,2.1178312260599585,2.132717752953137,2.146904558001251
,-0.019808710617684112,-0.02465704715519296,-0.027416460997269188,-0.027574409831796754,-0.027395691987504068,-0.02890649358439423,-0.02956910427425516,-0.029841961274073042,-0.02633397991697879,,-0.14589482691951608,-0.16757246901943387,-0.16838471839390962,-0.16545476669220383,-0.16609537179842218,-0.16090097539095446,-0.16066768501282216,-0.1588594104198326,-0.15927519324182635,,-0.5089965780631927,-0.5089995796779526,-0.5111972650171129,-0.5129413566999786,-0.5119048414574213,-0.510170930474123,-0.511017697989467,-0.5125433679684457,-0.515248932724529
,0.4602536839639486,0.47214050605297514,0.47380983747404276,0.4755304004926496,0.4759183406924569,0.47798409985275014,0.4809382094282729,0.4830343376778535,0.48312474757517404,,-0.7079353329729235,-0.7263316404232466,-0.7212523599982656,-0.7166197555655679,-0.7146905659063504,-0.714721357005301,-0.7109786532171647,-0.7034192590201045,-0.7172981837696023,,-0.5537518345210282,-0.5587882213719779,-0.5640302117670549,-0.5659153948156076,-0.5663364807631309,-0.5691966079846454,-0.5728255903428213,-0.5767336354204423,-0.5812402653786066
,0.18528093070390275,0.17874971513417443,0.1566403613274788,0.1483383680695683,0.1386508929976593,0.13190364142446148,0.12157415119904795,0.11517608334940041,0.11005682809170704,,0.09298604224584321,0.07229065889022016,0.07722440135154368,0.0788187378672437,0.07457014495151093,0.07712262658623896,0.07680771939426526,0.08281658966132534,0.0822413558592117,,-2.1059420499699586,-2.1089509955063424,-2.11346100585542,-2.1110758952180526,-2.0996102653493987,-2.0916064675626167,-2.084027893787182,-2.08513970587355,-2.088789238949555
,-1.0015978967839736,-0.9803797920219772,-0.9812605555042692,-0.9725108704519181,-0.9645292048075808,-0.9621327453228129,-0.9566058213483877,-0.9468217390258288,-0.9376878445902834,,0.7207234446404619,0.7583984160514876,0.7611233620975004,0.756548723250237,0.74484731345639,0.7511328099741956,0.7480370887211523,0.7545779068549836,0.7522420058125688,,-0.08359353299310396,-0.08177735982500912,-0.08109366570203741,-0.07944532538535277,-0.07838270979628328,-0.07864180035443975,-0.07713211842830055,-0.0750932389959017,-0.07343950859281943
,-0.4621309176404294,-0.4608176793819822,-0.46912208367367736,-0.46808218785152644,-0.4659883037345099,-0.46861264055304075,-0.46857289694464954,-0.46593585673333704,-0.46332459861770336,,0.3709884728179416,0.36762008746725255,0.3709370726968597,0.36782107569152583,0.36288701202973594,0.36588272265831645,0.36578589705009196,0.3725173282409755,0.3679367562794135,,0.13705246291202738,0.1411339529934521,0.14267914838272308,0.14466449633805092,0.14678345358912392,0.14714755604894417,0.14847907495676407,0.15102541847657222,0.15371171684331422
,-1.1310184166649668,-1.1267308507012685,-1.1242586998151047,-1.121919419602574,-1.1157840594203605,-1.116229615548414,-1.112370849972425,-1.105316582491703,-1.098366024274074,,0.8599433568154462,0.8658198637816827,0.8689252290034929,0.8641580606208737,0.8578064263780918,0.8638660416529549,0.8607384022670937,0.8707281249009493,0.8686861649268673,,1.3726803484769279,1.383712326887514,1.3934674397891151,1.4004476470722655,1.4018233094642547,1.404233178687049,1.4075300018360168,1.4175093248189004,1.4276210572386347
,0.5348342612007301,0.532168854748373,0.5152021881157325,0.5090054192917304,0.4963593529793485,0.48867508985388125,0.471999147115666,0.4675925999591143,0.46331705019573005,,-0.3583984457608071,-0.3872327988621195,-0.3872684055281073,-0.3811986115911687,-0.38262246007601025,-0.38376847819172544,-0.38485478452451044,-0.37676722616606584,-0.37899149539466254,,-1.4017032283302935,-1.4022781236771147,-1.4036600156438905,-1.4010171978195898,-1.392171785079108,-1.3856386131726977,-1.3798533510912592,-1.3791782518783828,-1.3802152788285107
,-0.13731962686492596,-0.14256767791926636,-0.15448100106504398,-0.161940607150424,-0.16712789270218523,-0.1737059093218094,-0.1840031438523607,-0.18620253279137436,-0.1873796236057267,,0.3197682273840647,0.3158542288684531,0.3198973798958189,0.3204095404716993,0.3192385064805096,0.3213074235297163,0.3169434714309121,0.3180386008994942,0.32117744875905085,,-0.6642729312944688,-0.6596295195760548,-0.6571161227957694,-0.6516874430882275,-0.6446700414963834,-0.6384242732688009,-0.6326081402115801,-0.6283824712910027,-0.6242435167996229
,0.17038548654968902,0.20254440434079574,0.20599177843603336,0.21200101892525414,0.21642436096507267,0.22252571808257726,0.21282279667803322,0.22315527842123517,0.23129646513606877,,-0.44047391152966336,-0.4064414625350975,-0.40366330778523213,-0.4089157687177459,-0.41620533876030047,-0.4152958946945155,-0.4131181664468095,-0.412523865243374,-0.41545940265044673,,-0.6846790222943816,-0.6880100906069565,-0.6945633299076917,-0.6984584978819209,-0.6992284406508533,-0.7021149033414011,-0.7040302140355166,-0.7091377905115892,-0.7154644196754375
,-1.328482373058586,-1.3231905415757457,-1.3232152091448834,-1.3217053124041251,-1.316165940121115,-1.318265477258742,-1.3145648387743298,-1.306115352372271,-1.2988060057573438,,1.0049559544538191,1.005342734442046,1.0071189551428859,1.0040741610114952,0.9926428000369084,1.0023209567487632,0.9977783025106282,1.0109343912697304,1.01196898005804,,1.146813050122867,1.1576433338700038,1.1669357868183674,1.1743618173641548,1.1773946647226496,1.1794650696065179,1.1822947906977814,1.190971385953691,1.2006905041378675
,-0.3217252115442322,-0.31973929144873403,-0.3241314235723664,-0.3200367590863517,-0.3206342898251125,-0.3224741110308126,-0.3205247833947916,-0.31831393349795123,-0.31530644555493137,,0.2519247900615919,0.24979772160650418,0.2567689976660211,0.2566745901910776,0.25292144869022226,0.25777485722691545,0.2565389195969292,0.2644009811321845,0.26070328715536073,,-0.7137456351524282,-0.7154640719356576,-0.7182984902185096,-0.7196081850603185,-0.7179918261816413,-0.7176704218950362,-0.7172291181044735,-0.7186202220638678,-0.7212287207616119
,-0.11795208785180229,-0.11023302129076891,-0.11135023526912485,-0.10971457560108146,-0.10814620881818088,-0.10849852025409114,-0.10688065727417685,-0.10484081693701967,-0.1026807409406923,,0.028593896795213954,0.030281381378689284,0.035626682391811264,0.030663116352922987,0.02876043149181085,0.03097224943529527,0.022440175878866778,0.03098510749611478,0.028402830297615405,,0.2580413521176174,0.2600603619556197,0.26207601948667375,0.2637544564587051,0.26397522436294635,0.2639671499184584,0.263363035804408,0.265177605811899,0.26734800822780214
,0.4953175647955411,0.5155367800001597,0.5185317923263834,0.5218558709870921,0.521653566899848,0.5237018258085565,0.523199219484193,0.5091835864123101,0.515909369167822,,-0.7353627621826884,-0.7387154193419272,-0.7307718376190798,-0.7290727273069462,-0.7286946083960038,-0.7339907621203261,-0.7317597906492894,-0.7346861355830409,-0.7340922706492603,,0.21603423947545886,0.21545345352349737,0.2148249475216467,0.21264726700694425,0.2111594108212469,0.20798550949802538,0.20622600733894217,0.20489726789186125,0.20517211448072048
,0.14427866380170898,0.1686559968250336,0.17317461297965023,0.17748109469614384,0.17004122551866338,0.1799973880011361,0.18371535878698794,0.18885975022085208,0.1942122481967381,,-0.328027415990565,-0.3026650918357989,-0.2958975871212004,-0.2972001092200664,-0.30115860337875744,-0.3002499672556532,-0.3015751754537679,-0.29849521366977333,-0.2998439155691668,,-0.01877661741350479,-0.019948260392834392,-0.021682561044960563,-0.022634362144872747,-0.023201404551970183,-0.02466037635339724,-0.02785501501840742,-0.030324272476979997,-0.032835801566498
,-1.290866004275846,-1.2861153688856601,-1.2846817679522862,-1.2820417022004913,-1.2747422126113688,-1.2781700548021868,-1.2750290739538248,-1.2673033478948552,-1.2599499082862233,,0.9715055214217992,0.9650311400052968,0.9712550171533686,0.9660437093892469,0.9611363466052271,0.9648413284266988,0.9617971401087079,0.970418864844579,0.9701375974721924,,0.7669935876909039,0.7742334705757398,0.7814051392998819,0.7874296050164507,0.7898995697574441,0.7921332094662763,0.7949107142332451,0.8016725285501372,0.8098315979287628
,-1.1247944020851623,-1.123077478519133,-1.1221281116711612,-1.1204524527642743,-1.115773284624551,-1.116757793605251,-1.1148962368301698,-1.1083618156918686,-1.1028476057760892,,0.8448206093722863,0.8399423027815136,0.8447841916637681,0.8399293320801011,0.8316018788127794,0.8399213594549634,0.8349829953112156,0.8448309531753525,0.84129718891821,,0.05320480953564836,0.05643261468378019,0.05897138242441548,0.06205413661387667,0.06547112290141864,0.06703802612035638,0.06945234936956216,0.07335856231710515,0.07667729030212331
,0.32921891186537217,0.35790227207868563,0.3645025824910908,0.36947623221651676,0.3736199925856755,0.3784013583424815,0.3798941030256104,0.38323648307291475,0.3867653513272076,,-0.5616707310699365,-0.5284489243045676,-0.5301465399109716,-0.5401336700635311,-0.5368719239758833,-0.5397764263104654,-0.5404838976686438,-0.5343233904261051,-0.5381167531136933,,0.9635763111905008,0.9673883259569974,0.9710693732186699,0.9719266072709801,0.9684743883271655,0.9654045860460209,0.9634266773423136,0.965090478814235,0.9677433694672509
,-1.0157446772118903,-1.018410125991488,-1.02429027806577,-1.028838064039427,-1.027826157752538,-1.0337527490223488,-1.0345823826768,-1.031730047395595,-1.028773524088532,,1.128831055268179,1.1332911194996231,1.1412962050606497,1.1324473328499052,1.1226138927078286,1.1313978695152163,1.127628982207077,1.1388599830331478,1.1384455996965916,,-0.7390387726334345,-0.7353853674113988,-0.7329354002546924,-0.7272222513474267,-0.7192195622224952,-0.7123682298904034,-0.7060966152344408,-0.7021072614479342,-0.6994211987115735
,-1.0665493995969697,-1.0596976886510123,-1.0602117733983059,-1.056480134653486,-1.051265197758574,-1.0527048973238837,-1.0503498252499388,-1.0443100405236876,-1.0375461405439255,,0.7892406183017101,0.7891043152251109,0.7958912976961341,0.7938799544233295,0.7864171256834729,0.7912915739925004,0.787881545272494,0.7911303363026613,0.7927952081149501,,0.991570581767893,0.999768997045827,1.0072563199964355,1.0132297264253203,1.0159948228519993,1.0175772406258752,1.0201116432733979,1.0274301121132527,1.0353418580143334
,-0.40668467035487754,-0.4043730578104303,-0.40787464259800726,-0.4084371052051253,-0.4073867625408635,-0.40892897488114016,-0.4087122137171904,-0.4062973497448787,-0.40766917139537584,,0.30872697806131527,0.3080023455857148,0.31207390630226306,0.31095819947278674,0.30518855303015396,0.30871882464133377,0.30860783280414716,0.31626467300826117,0.3171651540323415,,0.644394314393814,0.6496454616811452,0.6551119504620271,0.6583421843640452,0.6601489018680039,0.661457777406188,0.6628362268570939,0.6677070739481217,0.672602858068058
,0.5865101790425243,0.5831671908285665,0.5653806918100357,0.555230190380972,0.5409936816401655,0.5340811149695542,0.5261937512228421,0.5180095976528732,0.5046523131536936,,-0.29214062424271087,-0.3228620922929417,-0.31784700536792915,-0.3184163802512142,-0.3205526435046559,-0.32010513091362075,-0.3123556618526862,-0.3060483268134217,-0.31095707619192,,-1.969679439800234,-1.9706382511967273,-1.9739062311450015,-1.9717774877195244,-1.9609905188476842,-1.9525088575188756,-1.9446648731556924,-1.9459546324447,-1.9487197662971891
,0.20836059230322906,0.23789913505983185,0.24489086831534496,0.2518644172158764,0.25526198345403195,0.25919158205028375,0.2501131845054338,0.2611621283824763,0.2689864762243526,,-0.44372124048575656,-0.4098110842771557,-0.4099316741502755,-0.41054820942044123,-0.4126414503889742,-0.41184348138570376,-0.4171305398832769,-0.41174201705989605,-0.4135239821567824,,-0.2334994879742529,-0.23562037097249602,-0.2399757963340121,-0.24224466319378968,-0.24282948107211497,-0.2461093921371017,-0.2470684546159137,-0.2504915272778304,-0.25386520101674415
,-1.4176310739506077,-1.4107844044401014,-1.4095592747409689,-1.405772736942123,-1.4010536115802852,-1.4020897598869542,-1.397274006903442,-1.388687406683041,-1.3799831740833768,,1.0609525409637919,1.0608224498321526,1.0658266485586274,1.0601240893519317,1.047850948430117,1.0564662555878408,1.0526320377210359,1.0607938277677058,1.0663303741782968,,1.7574486846728428,1.7709293876686663,1.7836632428526515,1.7927308457892581,1.7944782964571242,1.7966848521870182,1.800184189342078,1.8128830198508752,1.8255207356368146
,0.28875602695460173,0.29134602879803145,0.2873377849430386,0.286063357228973,0.28227912022502866,0.2815226695832673,0.2806961256588538,0.27906492858494203,0.2806756526648941,,-0.3827179360364176,-0.4044621989239929,-0.4007029612675025,-0.40060042362408865,-0.4029736687105658,-0.40151832442276947,-0.40032316865280526,-0.39667904180520047,-0.39563830506956527,,-0.29535168465306827,-0.29735179174636356,-0.298955860743559,-0.3010830249172033,-0.3001985451113842,-0.30044079074106794,-0.30025151878911077,-0.3023135216392365,-0.3051085926190771
,0.22193688983393162,0.2450669021018913,0.24983365737567884,0.2553067379252711,0.2565543637942044,0.2634862087207272,0.2654278799668717,0.26890089731922306,0.27214812710709496,,-0.4412709801683917,-0.4260874442994028,-0.4243181683582018,-0.425049671684756,-0.4247279929590985,-0.421993834189034,-0.4225269463182824,-0.4177339757871425,-0.42553125940419884,,-0.45438783015279355,-0.45740661722546966,-0.4625145574898613,-0.46598542970657963,-0.46644435138275636,-0.46873274383577207,-0.47169060163747517,-0.4755577664010423,-0.4788240858726206
,0.41962279379358325,0.43320275947396036,0.4332551133509163,0.4366858865244441,0.43605288915435053,0.43750607847653333,0.436242665306443,0.43607239658559976,0.43667829662158775,,-0.5279548160833398,-0.536941937210968,-0.5313101658923779,-0.5242624848166303,-0.5291019559438812,-0.5277172427055521,-0.5285745935534844,-0.528782722201492,-0.5329579099366146,,0.1811863874067731,0.18171851596569163,0.18068129613639203,0.1816042267414831,0.17900307988764153,0.177408583148123,0.17425061428180422,0.17434431680281004,0.17427829310964796
,-0.9355410737910607,-0.9016095028506934,-0.8974161944611316,-0.8889465684661821,-0.8874799468388865,-0.8852072532013233,-0.8770644612908965,-0.8697871714310551,-0.8578071448816829,,1.0912334965339714,1.2262044103049092,1.228887820052371,1.2175130854791258,1.2085144846232208,1.2064822021674608,1.1912336279023965,1.2125374002460494,1.2102063162650376,,0.42590909721225834,0.4289166145286124,0.4323912955637759,0.43312717565788417,0.4339103255691886,0.4337924489751042,0.43458693949846955,0.4392825259302182,0.44213203774031645
,-0.8651386489229076,-0.8489147697147162,-0.8448820478734802,-0.8394825139855665,-0.8333381886514606,-0.8320109323317363,-0.8273808118309269,-0.8200287515959835,-0.8129187891443661,,0.5928148137194822,0.6185715451588149,0.6219143088912067,0.6177818338007379,0.6152792354314826,0.6173745454473021,0.6130598932724056,0.6198947509642223,0.6179385328859259,,-0.25880828398378236,-0.2575420961139947,-0.2581338907618836,-0.2570421368627826,-0.25505413879965405,-0.2535537388622966,-0.2519735683988252,-0.25108503144821726,-0.25254001134507464
,0.03348059588953537,0.06104166548961078,0.06887607569513228,0.07312032288360529,0.0788552934722523,0.08427024354792914,0.07739090786084779,0.08631073682182056,0.09483577948753202,,-0.23066041384623998,-0.1904268415165232,-0.18374787325110867,-0.18750581376567,-0.1880761742671422,-0.19065570693299164,-0.1956467101512699,-0.1958796253556046,-0.1976861563095305,,0.2994680490501651,0.30103373676030437,0.30029247280269583,0.29961116358930345,0.29973801742828227,0.2975381911700586,0.29633576052406674,0.2960370330293332,0.2960732834392234
,2.1688665001582983,2.2137763482034782,2.168311609592661,2.1373903801106446,2.1036163007501765,2.084225942403676,2.057506141121609,2.0295439443515417,2.007657231796247,,-4.395415072253308,-4.593257010789828,-4.591308669694409,-4.575773591168045,-4.551212195294112,-4.5613142219939675,-4.544618126252899,-4.551729124062307,-4.553926654559334,,-3.361600940088693,-3.3715967426614872,-3.382810791252231,-3.3855328091409325,-3.3714427317428983,-3.3637920750992203,-3.3570591439371995,-3.3656826283858163,-3.3757005892394027
,0.7669966181997782,0.7693085475723886,0.7546257881613585,0.7458636379517672,0.7359685399304575,0.7295496491819304,0.7204760607666506,0.7121680601462357,0.708429248288086,,-0.5757625290677705,-0.6046641046761151,-0.599487678011436,-0.5898750767151076,-0.5888132280901424,-0.58675160916232,-0.5851563846838116,-0.582673611211803,-0.5787340397864367,,-1.0438621977911493,-1.0420379950227892,-1.0410199627474563,-1.0382993571628707,-1.0299415553187274,-1.023819097697193,-1.0175654713768154,-1.0166374361331634,-1.01604454546117
,-0.45214280792039335,-0.44141349713310946,-0.44302191125913254,-0.4406607358114968,-0.4354556706217854,-0.434814841315561,-0.4366003224875917,-0.4305633997182861,-0.4258389737185582,,0.2827029195858797,0.2975773315054711,0.2985406249206976,0.29235436868630543,0.29300137021373,0.2968190946002345,0.29423843470449784,0.3015612720757862,0.3029195550349298,,0.18338905549531215,0.18565827284930633,0.18730763582613494,0.18868879823987275,0.18988840647765143,0.1908552520600111,0.19139678959636897,0.19361796728737024,0.19540307185491726
,0.29937525386740105,0.3298119362896059,0.3389472197766566,0.34574255046144853,0.3343706819545983,0.3459959296923658,0.34966309618995295,0.3542589867012407,0.35937937085336746,,-0.5418479620100337,-0.5043342875526022,-0.5033893875696789,-0.5039630284432124,-0.5095285823912026,-0.5085426196649627,-0.511976680356184,-0.5081385550098179,-0.5175727420352049,,0.4216735796128033,0.42097848449116676,0.4218487560763265,0.4219164343473062,0.4188820568043059,0.4175953031587802,0.4149277581811989,0.41536871018470833,0.4153293183643267
,0.16702484349251484,0.16847098737220415,0.1652798208918949,0.16360215588900986,0.1599076796006966,0.16074101291837534,0.16068701763078674,0.15852609342099916,0.16033533383495605,,-0.2502856631581663,-0.266529410321215,-0.2604912946642025,-0.2661261186622237,-0.26499672006483094,-0.2625802641295042,-0.261775875382009,-0.25907141499842273,-0.26305409008042374,,0.1063146320992766,0.10823671479932605,0.10861168048430898,0.10902136547029719,0.10942607728723003,0.1095294396315037,0.1096432574719992,0.11062480534417228,0.11122244212263341
,0.2338621231612355,0.25868417376542424,0.2513104485076471,0.2607407613248524,0.26491738346330684,0.26885579257233927,0.2712536495216964,0.2753347696611809,0.2807757233884278,,-0.3691673777658786,-0.33471243275316875,-0.33041392681397636,-0.33598485944859974,-0.3403137562794366,-0.34011763816519036,-0.3424902558457491,-0.34100158879777986,-0.34275939455561916,,0.7441337788158374,0.745833628601201,0.7492649887956808,0.7510536834664076,0.7482075104062598,0.7463723656661607,0.7435191540112153,0.7465981797640157,0.7491441825223621
,0.2354579147488853,0.24189489884726265,0.24136274761664947,0.23895974893949587,0.2403822555021364,0.24226963181006073,0.23288515673522042,0.23771443813014892,0.23959514559467932,,-0.4236816215639342,-0.43682074427062095,-0.43857918448328476,-0.437042111006626,-0.43215284194362197,-0.4360937819599808,-0.42886847093300706,-0.42874714099775046,-0.43319179027305593,,-0.7214872859711302,-0.7249794651407063,-0.7306701499083071,-0.7348778343268283,-0.7345317010250072,-0.7368999038208045,-0.7377889293135144,-0.7418203825727859,-0.7455786660781794
,-0.5409507289814027,-0.531744356589239,-0.5318843199246919,-0.5322311825775772,-0.5281232393915483,-0.5290822429621796,-0.5320500771611536,-0.5268378613741466,-0.5219281677599379,,0.4638132645514902,0.48741259796621783,0.4914189499771001,0.4862131756392827,0.48439797107446053,0.48770741269943635,0.48228977934173206,0.48860799429368107,0.4860382719221072,,-0.02444634729619568,-0.0227801758530805,-0.021887643291695458,-0.020564236867392546,-0.019013866983857784,-0.019414629020433068,-0.018266561816336627,-0.01598182852190988,-0.014683520631522158
,-0.8162505215888961,-0.7986010657764079,-0.7919723072031949,-0.7841536142297971,-0.7768888283210694,-0.7745592048889646,-0.7692497664758815,-0.7609214012478759,-0.7521230145779636,,0.6162604556553725,0.665788841836034,0.6686335304135494,0.6649886836352963,0.650828826290748,0.6552545098045377,0.652966559833618,0.6596449261140013,0.6574270476045395,,0.42974452023097737,0.4338248750870454,0.4370975202231144,0.43958624696904347,0.44146820757003535,0.4416400040155564,0.44195552818207834,0.4457518328488418,0.4489842942884907
,0.23769598913484305,0.24364064164242838,0.24449084918842867,0.23498846660995412,0.23895413171870333,0.2407671837765241,0.24297410100005673,0.24318130412438807,0.24357700284733416,,-0.38699017115776846,-0.39802964226678594,-0.39341446410065734,-0.39594612955479763,-0.3919976986384281,-0.3871204122610777,-0.3859545521981897,-0.3886793807437798,-0.3909697770879327,,-0.4616420701930683,-0.46451696216595917,-0.46754132066421533,-0.4689625834543427,-0.4694070531872539,-0.4700958085268969,-0.47173966464566314,-0.4742612597953746,-0.47728722197628076
,-1.1935185455806812,-1.1671820143282587,-1.1597835669617553,-1.1506330301330052,-1.1384855507307645,-1.1350635818972654,-1.1281421435018375,-1.116495502019863,-1.1050498749569573,,0.829677110567393,0.872365768021481,0.8732981956768571,0.8687977026675873,0.8581995051338106,0.8645367269586408,0.8579706655895515,0.8694165325764021,0.8660917459953432,,0.04257057875480896,0.04558707209744855,0.045879729212511426,0.048462512059198465,0.04981734189740222,0.051143252586308745,0.05251904138706962,0.05551165257574411,0.056933262047630925
,0.10124116460849124,0.11114057308446713,0.11223567757102153,0.11265742457840176,0.11436822822640334,0.11530392751889594,0.11725610322147509,0.11048576584737349,0.11795699192394483,,-0.23341336280438965,-0.24277414297484184,-0.23936705726427165,-0.24375080379637953,-0.23763229102471983,-0.23674735008776582,-0.24044219918443788,-0.2389513964475017,-0.2423005876919648,,0.1142183341410012,0.11445299469323625,0.11413846792562533,0.11444731723690252,0.11379220388072073,0.11185144236043984,0.11112379144702872,0.11148104787061403,0.11220918360555221
,0.6940682701039228,0.7105560837140462,0.6883229487937521,0.6856080078796353,0.6783676560905622,0.6744745208213572,0.6680196185924563,0.6610522099053995,0.6572102188849878,,-0.5721034515359973,-0.567846345586699,-0.5652969679260068,-0.5627864536709816,-0.5593810406943857,-0.5650155846612762,-0.5590901587031517,-0.5614784588377242,-0.55916032440098,,-1.5501076322387832,-1.5510802775100585,-1.5539117946821754,-1.5518652519056222,-1.5415403512141679,-1.5369074887154535,-1.5315894994610326,-1.5318862486730336,-1.5335995843699362
,1.7816651003257904,2.135944946240192,2.1035402174286055,2.0731420004109054,2.0453174482411796,2.0285897144437692,2.0006240185470916,1.9718933741171933,1.9464284989978453,,-6.010018806523457,-5.324535344337603,-5.324316717174543,-5.365155595887384,-5.370317173186066,-5.415337094099507,-5.422169269584493,-5.460360426093003,-5.497875140649345,,-3.355642942765499,-3.362746501235427,-3.3707598776987195,-3.372163537974379,-3.3593898918428513,-3.3490246782379947,-3.344492435119356,-3.3548163976060636,-3.364336002114224
,-0.012508374297084469,-0.014616862843698633,-0.012694865928790378,-0.011795409668031762,-0.010206845059587664,-0.010936497621013992,-0.011185380262106841,-0.010209914331946585,-0.006982002873725449,,-0.12674923084308945,-0.1335859845992457,-0.13123527690652362,-0.12977712175599318,-0.13297932361890644,-0.13366384861563324,-0.13532122759258502,-0.12907105361088636,-0.13219580347677695,,0.15360327342481062,0.15512617822676705,0.15616711345525705,0.15601503328645921,0.1568522843497127,0.15597355226034437,0.15582249242522112,0.15722036650306034,0.1585663556806807
,-0.656355037910855,-0.6500268476229236,-0.6515319772472571,-0.6521725646976401,-0.6486314031715771,-0.6490605867431012,-0.6537096042933674,-0.6471382125921713,-0.6422686478122316,,0.5039486638619707,0.5117286807454038,0.5185243940306995,0.5116764301041741,0.5066609440090561,0.5133153282600439,0.5122495673194047,0.515001959576228,0.5139349318818105,,0.973446849908288,0.9817915053481205,0.9888487467067678,0.99338828053568,0.9945186655806505,0.9957747441191521,0.9976450108894352,1.0052021625491097,1.012781312070707
,0.20809888641872884,0.22613240559639142,0.23841360934199132,0.24637465122046037,0.25271559858543235,0.25879075235470855,0.2650260999672951,0.27217309560502567,0.27609135747201985,,-0.39320091164271,-0.3494702890338229,-0.34953823071576057,-0.34878341535910573,-0.35508914489650556,-0.35229522128923607,-0.35388843598881453,-0.3524252822578137,-0.3543521918708139,,-0.17271163413530666,-0.17486075465005893,-0.17819760795458733,-0.18043585350210717,-0.18185920766567112,-0.18633754813435158,-0.19001261357294394,-0.19145177375171066,-0.19672020574197535
,-0.6904022159835546,-0.6684109618364497,-0.664097652108562,-0.6606130646918231,-0.6557632671910133,-0.6528735121686723,-0.6500448265525561,-0.641689895248922,-0.6351943212145253,,0.4990094248924875,0.5401584461279639,0.5409840970559706,0.5366981856908283,0.5289354305598651,0.5351477590015955,0.5335030851638038,0.5379581970990898,0.5382664675553478,,0.46895535791963455,0.47312552725669765,0.4771522916573559,0.4796704417355398,0.4808063495490476,0.4813997401797834,0.4825030473946238,0.4859807290055248,0.4890589769702105
,-0.281316958507432,-0.27512577488622525,-0.2763254504367722,-0.275212786429393,-0.27997226485213733,-0.27797304972001086,-0.27820044481587225,-0.27409032956547985,-0.2708375998113607,,0.17072675180708138,0.1752975938253467,0.179963755460022,0.17674289521090653,0.16531435446036777,0.17479969396812545,0.16878080510820875,0.17354122995000348,0.17540523302633834,,-0.020765653978230166,-0.01877399588662311,-0.01751078345599758,-0.016031971476636018,-0.015118212234967838,-0.014181099818226234,-0.013369478056998335,-0.012128769240962458,-0.011831305656927022
,0.10779234183046721,0.13418362616368473,0.13917727389578305,0.14489253417563025,0.15101199451018577,0.1553076139245778,0.16013115660001975,0.16263281660958673,0.1667422281801743,,-0.2867485675825819,-0.2532400983626817,-0.2539791413859942,-0.24890299922751424,-0.2537107511808927,-0.2501879585005302,-0.2550036992647914,-0.2546382013816884,-0.2610420170196093,,0.25438819045166744,0.2544740892000611,0.25351295248998723,0.25403708744177733,0.25138174681711023,0.24896377385391247,0.24817622380179413,0.24678339570573035,0.24715123990693047
,-0.34940680474732316,-0.3506943575911156,-0.3548114838545434,-0.3561605855216858,-0.36171756111528414,-0.36311656864149694,-0.3625715100330862,-0.36216170552142574,-0.3599057513236035,,0.2753312143333524,0.2646376769128358,0.2752566880345885,0.2743829270293775,0.2639308279166374,0.2671001178389636,0.26787715265828965,0.27263717970571627,0.27516607712998664,,0.09787569526170954,0.1020353117727099,0.10403527485588171,0.10716093207585929,0.10870164212222193,0.1101558261768381,0.11203259177105215,0.11414819497742833,0.11698655386941811
,-0.3654595589128779,-0.3669694286672111,-0.3763227316467804,-0.38183820065396556,-0.3860353347845633,-0.3909559927707197,-0.3948195454698561,-0.39694656049791377,-0.3980116144196668,,0.4770811215720231,0.47545911351827724,0.48326340902054277,0.47687429175719687,0.4724668612329847,0.4822085303190538,0.48067556204449907,0.48393320659435396,0.48350327681472094,,-0.7073958123949265,-0.7028564156455294,-0.7002167861743873,-0.695360499585964,-0.6883644942848788,-0.680359274055743,-0.6740530587946932,-0.6707256296668995,-0.6688955926896683
,1.0187660445491522,1.0280192586893064,0.9987102832975249,0.9921504103905068,0.9807225323531465,0.9740293433823997,0.965314330550032,0.9552465512992322,0.9466563905181472,,-0.8308865625107268,-0.865719897945742,-0.8608442231683792,-0.8613553202885164,-0.8529080210355535,-0.8577031358996942,-0.85257706770814,-0.8521261000886498,-0.8544478991225756,,-2.9319889328106465,-2.938529302288753,-2.945485635846436,-2.9463941068368986,-2.9333452862553897,-2.923315797337892,-2.9185385583123264,-2.9253681355140686,-2.932264374057936
,0.40577660293725715,0.4186504695664653,0.4232182111684422,0.4266133462477629,0.42874493023056454,0.43247299967102687,0.4325191561627755,0.4331851233918202,0.4351089090145388,,-0.6714957943748193,-0.6860691404605118,-0.6799607928340435,-0.6802916107333701,-0.6756132772376,-0.6780628461027407,-0.6766821370931367,-0.6755373431611785,-0.6782131533942413,,-0.1856297549483355,-0.1872698775650969,-0.18984873234163283,-0.1916401293922112,-0.1952637163452904,-0.1977320929550589,-0.20070756723121402,-0.203818777844579,-0.2074560421984838
,-0.9217558441006508,-0.9235725707809794,-0.9324690072341754,-0.9361336921679511,-0.9347914247887511,-0.9430830737000129,-0.9443970884375923,-0.9430218458485838,-0.9400478671343572,,1.2020611969228223,1.208854651966965,1.210542836152225,1.2085091483241528,1.197609897577554,1.207316185118066,1.2021923393475904,1.210793272646756,1.2142518838258953,,0.21707491794584763,0.2268513720654544,0.2360229512155088,0.24529777721530574,0.2532966275925081,0.2608398113337231,0.26884419271800264,0.27807205219198167,0.2877859170379254
,-0.795959682383068,-0.7799348177724515,-0.7780530446442965,-0.7752676277159591,-0.7717425496653176,-0.7709990738105191,-0.7657904998001215,-0.7594885433374279,-0.7525111307543426,,0.5441351051598284,0.5758654911517154,0.5759616231477107,0.575887381818809,0.5704589184428396,0.5715813120933725,0.5710071802531589,0.5749332258395049,0.570050666586178,,0.7217729937339793,0.7274837135437459,0.7319381214330921,0.7368182507833185,0.7372018692008193,0.7385412138426388,0.7407086603305747,0.7449936354597549,0.7515062867502416
,-1.1645573160928593,-1.1412654620188556,-1.138513363706281,-1.1347499041848814,-1.1273382616171386,-1.12781813171209,-1.123928114052832,-1.1153445960455548,-1.107914608191107,,1.1953624956908933,1.279325726436911,1.2806818933713329,1.2734849787658546,1.2616874756596335,1.2665958507872135,1.2609057718055816,1.2677021987760928,1.2670098872226496,,-0.5751801288953726,-0.5768753957204146,-0.5779353593489954,-0.578438648756896,-0.5751432241074501,-0.5743574193594189,-0.5727248767955072,-0.573182847711002,-0.5760999564207472
,-1.0646404170900237,-1.0655310589762113,-1.0723695934358832,-1.0749225354233096,-1.0732370826273328,-1.0790534380067138,-1.079750263144884,-1.076522459194493,-1.0745184928563671,,1.1772466409817581,1.181487988012539,1.1876899642984975,1.1844836386240472,1.1742777838888232,1.1840091980178806,1.1787375308103947,1.1896178723073771,1.1890681867522426,,0.07785550763447747,0.0862274611837809,0.09319323323886823,0.10088228580998061,0.1090097651285939,0.11518265815988556,0.12148824304746296,0.1295504013044347,0.1371135079241579
,-0.7137318507426733,-0.7133877758585218,-0.7157466098886593,-0.7164666786250444,-0.7141056823081925,-0.716107919223833,-0.715825955418876,-0.7139031149841694,-0.7101058035629245,,0.5455416301867457,0.5305460944856837,0.5363606237060471,0.5387333357068295,0.5309770392325358,0.5384132636536375,0.5349100436973327,0.5417814747912296,0.5413828182134719,,-0.9047597510579297,-0.9072312203483406,-0.9109909559353695,-0.9113929202193151,-0.9071609570628003,-0.9051454471737618,-0.9037575345512916,-0.9061484182335588,-0.9088216953131422
,0.4166875451415248,0.4131925829579611,0.4162828111949994,0.41775988044735757,0.4179243822905653,0.4191238792383952,0.4199916613878832,0.4185059668050378,0.41999418433095703,,-0.5877158684844769,-0.6079112802430304,-0.6064973906522646,-0.6082539401957778,-0.6013968002720482,-0.5986470763308096,-0.6002101857874252,-0.5943175335966842,-0.5990008968097051,,0.018776617413499716,0.01877399588662311,0.01751078345599245,0.016031971476630873,0.014917454797386653,0.014181099818226234,0.012664721553550617,0.011144943208607571,0.009756074419720385
,0.347246441091827,0.3582593550952629,0.35863283904212173,0.34766605296753533,0.3522076484581961,0.35426750006827196,0.3548396942140795,0.35529545600706125,0.35630180041691867,,-0.48282570463453084,-0.4902674468350513,-0.4841859834448659,-0.489617165205074,-0.49050499393195374,-0.49112050375950944,-0.49258059699022566,-0.4909608907120208,-0.4942814663801119,,0.10887675760071316,0.10917687054371195,0.10861555357854305,0.10791048720079582,0.107724456106101,0.10575829808279272,0.10441065086457312,0.10243976401146289,0.10161825271834742
,0.2682764923220494,0.2917049945399741,0.2946492312179703,0.30003712758666834,0.30442715836351,0.30914076489387593,0.309593243664414,0.31402958988676555,0.3181411249521409,,-0.43521641516798326,-0.4104106885633939,-0.40670149090392416,-0.4074425074787354,-0.40395470818529716,-0.4020525028858132,-0.403491028374089,-0.4033261197038806,-0.40523567749664,,1.055098146624883,1.0589458893590735,1.0627294258900895,1.064154977665406,1.0623763330783307,1.0588223712919989,1.0568004227176973,1.060183964207284,1.0635520382896404
,0.880091263240744,0.8742047685173185,0.8598906650222287,0.848487833997696,0.8376992012551108,0.8292895639045056,0.8201733642484669,0.8108728226581665,0.8032947431877459,,-0.4567027868201566,-0.46843394312489606,-0.46353985378469775,-0.4607258030071426,-0.46111166016443683,-0.46535372858195384,-0.461269093914371,-0.4547297402742376,-0.45873968396876097,,-1.8431604022917878,-1.8435150776701357,-1.845090114251207,-1.8429600874764942,-1.831932014125027,-1.8234199066702566,-1.8152267927831758,-1.8165851071421595,-1.8178770855600355
,0.4530391517103794,0.47001756923258475,0.4737497762828405,0.4770499270269669,0.4775791183752886,0.4805093065630508,0.4804477824729482,0.48222873554887224,0.48407033092283624,,-0.659834803099997,-0.6588770179796893,-0.6507472826169383,-0.6488892253394463,-0.6493727884458922,-0.6522220866321852,-0.6490592942580641,-0.6436413183248436,-0.6529036342025273,,-0.7305522135775729,-0.7359995481101551,-0.7435445255607415,-0.7476651428691989,-0.7482816396512366,-0.7513650094570345,-0.7533414334274603,-0.7601722660884139,-0.7672168843381907
,-0.10434461239905353,-0.09451237880165717,-0.10516648225314265,-0.10108815209241383,-0.09883541025728215,-0.09847981763892923,-0.09846121484724456,-0.0939693976815921,-0.09166471051034934,,-0.08127654026748239,-0.08947605974282755,-0.08727487871892033,-0.08890209098536377,-0.08874776890182254,-0.08831932797521115,-0.0883040127434881,-0.08321142175312456,-0.08383251930473855,,0.2882946794772754,0.29164615243220615,0.2935862261518775,0.29513505256820155,0.2948616114791705,0.2945829563051098,0.295158994044986,0.2964293260566188,0.29805213387217194
,0.282253765847237,0.28734131724113804,0.2847163697562106,0.2752323903940342,0.27579607102856113,0.2764929470784976,0.27400521836900943,0.2751339113395987,0.2758929999444627,,-0.35763434154909707,-0.3742077671020357,-0.3696401132057659,-0.3685187883952529,-0.368814312173536,-0.3698981186778464,-0.3687698138501565,-0.3641736679230976,-0.3696984461365598,,0.15129582211072043,0.15286496072112452,0.15220469764381314,0.15186350069490354,0.15199318795899874,0.15106447786634963,0.15036119485144167,0.1511251676739374,0.15064239274393898
,0.6867379693749682,0.6799241764757713,0.6651468564105143,0.6547549524223476,0.6451079908263329,0.6373956435983601,0.6276023410678014,0.6196468895887325,0.6122829218891178,,-0.5214193039599729,-0.5680237746611057,-0.5597418657313846,-0.5569205254904783,-0.5547127821708508,-0.5523193244260476,-0.5472692633449499,-0.5444082146297966,-0.5504371771465436,,-1.6526633109782058,-1.6534161632220792,-1.6566712874475436,-1.6539308581764716,-1.6451830395519687,-1.6386767235186344,-1.6334789533294947,-1.6359597704543525,-1.6376482189059278
,0.40470606412735377,0.42726757097497575,0.43167356391201916,0.43622063436312486,0.43721946111712984,0.4420471805132355,0.44546019561325784,0.4464654016169504,0.4361946389633854,,-0.5731366330964592,-0.5540289405459614,-0.5570586822268889,-0.5571081899017764,-0.553847615739974,-0.5523579891238829,-0.5538223763539895,-0.552364306460014,-0.5529856183678833,,-0.8369002289842269,-0.8430642781930912,-0.8510803028425723,-0.8568878900841246,-0.8586628243631935,-0.8613930973910835,-0.8649122281291227,-0.8723180060445593,-0.8789921858849479
,0.2999458121434702,0.332916788101626,0.33984073320997726,0.3293461333631458,0.3403188451911639,0.3458650189175668,0.3505337663560825,0.3545870784876275,0.3602370899127233,,-0.536013343521854,-0.493247326727816,-0.4911821009985434,-0.49469988348421773,-0.49308557310291945,-0.4966971383215803,-0.4970756444080091,-0.4983396750362379,-0.5036804184789848,,0.9083734935178864,0.9117458674055796,0.913924097747718,0.9150114322545503,0.9119638099615632,0.9093479023581736,0.9068278599450085,0.9095721036194266,0.9130683008221175
,-0.8500917110241184,-0.8489962106278286,-0.8509090570420786,-0.8507668624712107,-0.8470260236409766,-0.8466285962511552,-0.8463746964863104,-0.8406491700857568,-0.8376162488648866,,0.6394479057337266,0.6261305292163547,0.6319851581056513,0.6310072724518889,0.6267850774818331,0.635826853367925,0.6294609055157256,0.635891122508436,0.6338749941359354,,-0.9013214089029954,-0.902500453467686,-0.905860974483839,-0.9080503363645331,-0.9040356822528541,-0.9021390177762264,-0.900560858682169,-0.9027552245440709,-0.9054032910343988
,-0.5810390014722081,-0.567077931015748,-0.5714662317550011,-0.5657237684913765,-0.5601339210783499,-0.5579585861853306,-0.5556512830540485,-0.5495802789029292,-0.5446415251038517,,0.3472528750165708,0.36501365506108274,0.3689329102523994,0.365537079692553,0.3618425427369361,0.36329852413642394,0.3614358504197556,0.3642466323888204,0.3627111653307138,,0.30366140190158963,0.30596413819599716,0.30844735483565927,0.3109209576439606,0.311632308746238,0.31326740412290155,0.3128328458231262,0.3155786838883607,0.3179711485854435
,0.012508374297084469,0.014616862843698633,0.012694865928790378,0.011795409667987335,0.010206845059587664,0.010936497621058016,0.011185380262150654,0.010209914331946585,0.006982002873725449,,-0.08390105452578414,-0.0945260922132564,-0.08882638823935844,-0.0910268827480243,-0.09317403126429233,-0.08772935751636288,-0.08833373659602024,-0.08978826420133561,-0.08915221063392169,,-0.4310481756659295,-0.43194240722875477,-0.43538744316589495,-0.4370724909342782,-0.43552352570133795,-0.43598221669253373,-0.43671277541622106,-0.4387629797925887,-0.4397092331795743
,0.4366464949489979,0.4501004493333718,0.45074234971224836,0.4531253880521616,0.4535748602797938,0.4547692554696821,0.44146686481037417,0.44615515780977627,0.44763064591884,,-0.5387583473033635,-0.536641785271316,-0.5324385565399389,-0.5278431558347049,-0.5244045794935915,-0.5291121243529412,-0.5335222747401469,-0.5291975088314608,-0.5324082222756297,,0.4170999921572957,0.4183561151231736,0.42010442260118513,0.4182592480642812,0.41684997803010404,0.415807008694466,0.41482358061652297,0.4154157185612737,0.4159377201030368
,-0.6082476596755287,-0.6121158502973634,-0.6227324600024285,-0.6278373348419947,-0.6299609643736587,-0.6361643571358438,-0.6403514392357547,-0.6404246120018346,-0.6402858276410982,,0.8150256756126716,0.8204485363039268,0.8201296957213783,0.819536609376571,0.8143498372562991,0.8242005554900177,0.8202615661478019,0.8278760103539847,0.8289592884223399,,-1.5538758119013603,-1.5533026238003727,-1.5554036171891732,-1.552095297277459,-1.541781524938998,-1.533618243285228,-1.5268485138787946,-1.5264688558674788,-1.5270533058141187
,0.9628375907723459,0.9595215925244186,0.9396263782060527,0.9273545730162978,0.9135613788835576,0.9059484864159472,0.8956882918076742,0.8855079500992281,0.8776237214624603,,-0.683563479433958,-0.7342629395932079,-0.7272144442683656,-0.7219634440936368,-0.7218390379503805,-0.7227964635786918,-0.7194383696329969,-0.7185343749025358,-0.7189935838211484,,-1.7787419479633675,-1.7786918645469225,-1.7805658219916662,-1.777394543232241,-1.7661368042763814,-1.7589330635292562,-1.7514874302916048,-1.750342137178228,-1.751881258343044
,0.8363200804793803,0.8446260861686191,0.8291081724112824,0.8207075203158063,0.8069710855126468,0.8023571118457992,0.7818478207576051,0.7771750551238747,0.7733677937463237,,-0.6648407387544061,-0.6881242446409845,-0.6821160766204047,-0.6813542633105633,-0.6778068322269756,-0.676712880770152,-0.6794575621095946,-0.6757774157740428,-0.6794028211389551,,-1.0224763607015763,-1.0209569644346441,-1.019408644342993,-1.0161482949302312,-1.0080210602646078,-1.0022480579014497,-0.996664206242465,-0.9943398272731852,-0.9931306427563668
