-0.7996887716930642,-0.9491902564173382,-0.5906244192860813,-0.5687654255460336,-0.5011474392756744,-0.5421581872784385,-0.5766977349921424,-0.5545457208026308,-0.5960518156516559,-0.6719999716965991,0.11920989048547356,0.049336261000885916,1.0232700144632578,0.8403416860981089,0.4332002468110653,0.3829841389984708,0.3230791370515735,0.510398138615585,0.37652313547888433,0.26304977755330156,0.5377657165028443,0.5600977166611742,0.5978721573364293,0.6170021695223533,0.651307180733672,0.6778743091237377,0.6684143857688818,0.678690061978961,0.6547680303931437,0.6473641618352375
-0.480876781952738,-0.5298540267715228,-0.6630257210039805,-0.8730411059787142,-0.48794873881308015,-0.47308601848382437,-0.4670447662251055,-0.4158297993073468,-0.42550689865140584,-0.4572832514572094,0.12826328095883896,0.06486607336288823,-0.04738524871763374,-0.09464033088720236,0.43930451563632983,0.3836891135875823,0.32485473723182406,0.5014055447993911,0.3727434157143454,0.2690081075831668,0.7646476712561884,0.7771165635758968,0.7994249460477305,0.8280806400701731,0.8884492968276223,0.9299222748664547,0.9193101761908614,0.9287124953296135,0.890612179204848,0.8774275732834036
0.2709980194756922,0.36114860505227203,0.346885439822804,0.31842022258481784,0.3367755276635092,0.2688164523347361,0.2662976485319271,0.2182834863101446,0.12147813148449745,0.00499500531081081,0.6435458585568802,0.5594143081179332,0.5684154783846737,0.4490460439595759,0.057586334971483646,-0.0009965411634451876,-0.04700524718562779,-0.22362328437348306,-0.2844808321640761,-0.4022612578186172,-0.28538435458975636,-0.30249836391074203,-0.30669304685200277,-0.31805635274103344,-0.33795503507213775,-0.3656877041503078,-0.3915800113904265,-0.4134680277032715,-0.4260495588719211,-0.44213705264585484
0.6527384248635834,0.9060347588926253,0.8915978497473382,0.8730225528418202,0.8823953153871696,0.8205139980885798,0.8702521910453487,0.8099705927222125,0.7349550170273822,0.6728079318135767,-1.8335211654282857,-0.9260965542208627,-0.44365325919546084,-0.4414953623402052,-0.8075829517207518,-0.8416440648451307,-0.887876895774217,-1.8224212877807517,-1.7652398662743665,-1.9068301182901153,2.0759619153215985,2.0272567769505287,1.9936283812419595,1.9586653965613863,1.987622554591992,2.017338631364734,1.9549907041257117,1.93485861847211,1.837707496137509,1.7790526133247409
-0.15459319729505652,-0.09968340962916863,-0.12225727918318449,-0.17071444346546844,-0.1571676836460704,-0.24143998965107472,-0.30801799756739395,-0.36131467421796465,-0.4855478053376311,-0.17674252323656586,1.0333769689989576,0.902557651493982,0.7814473346116659,0.6280187535700175,0.22420122347192054,0.17378975321898582,0.11768725529699506,0.10873077489258415,-0.002201719132516427,1.2866659945744212,-0.5007558292826298,-0.49950107398083154,-0.4915699701756266,-0.4804785290012771,-0.4945415361348896,-0.5142000621080143,-0.5137497812853059,-0.5253991678916344,-0.5151641799084429,-0.5145874263629213
-0.8162320030082733,-0.7065214462271104,-0.7118553370623016,-0.754416011267866,-0.7230052604557605,-0.8008802475810445,-0.8969469929448205,-0.9007154614674902,-0.9967070900714075,-1.1710383796227841,1.9876942768729429,1.7752178078457672,1.2534131964362765,1.0302962082137233,0.6189823442714842,0.5693748848280222,0.5097780141675644,0.8643841091808075,0.6960411235046323,0.5945543119461265,-0.6884845086037992,-0.6583010374031736,-0.6256402658277902,-0.5912893987090352,-0.5857015041366367,-0.5903856593603559,-0.5661007415821739,-0.5572672691372798,-0.5287838855533878,-0.5092257218023383
0.493430889256396,0.5740767229227329,0.5375767953330607,0.5005954926329913,0.5049139771334682,0.42869099668445515,0.42814157647960344,0.3632606439455127,0.2568628745293518,0.1402404650276943,-0.49487503808501077,-0.5093411704796531,-0.2782263483120656,-0.2943978217252604,-0.6595381625408758,-0.7029797109839562,-0.7565487925233041,-1.5592604640058139,-1.523569984674744,-1.6636823944078398,-0.722771700670699,-0.7166495453827817,-0.7017609499932244,-0.6897640402649197,-0.7130937335150274,-0.7393644764121688,-0.741405492118268,-0.7588019901032387,-0.7389126970163938,-0.7354405845582427
0.3950499758437665,0.480662651492522,0.4641216993355446,0.4390513918743931,0.45678375889381867,0.39135092017825474,0.4012454224941631,0.3527453819138576,0.2642586194669253,0.1551318815957996,0.5121461363479531,0.4223358220521464,0.5109154041182344,0.40137748417145025,-0.002363968611782381,-0.048549310536947596,-0.10665442751785104,-0.31063540322552496,-0.3757085107212019,-0.4998976185659222,-0.813491495948896,-0.831219747976179,-0.8331186936260587,-0.8359207556781167,-0.8794108411093463,-0.9285227196892077,-0.9446237655727147,-0.9786753513879414,-0.9740527164807561,-0.9891541598920516
0.34364892513182016,0.40252710942588904,0.3723194668095403,0.3333275940713859,0.3372833268904743,0.2546035756206747,0.23013901086422175,0.15356524269526417,0.033122091012139476,0.3143008264809101,0.6334789076002335,0.5308982077621373,0.5665130334028012,0.44293492427003467,0.050232954037707715,0.002075751927032305,-0.0515694407232357,-0.22118805997886593,-0.28946278567099126,0.8319254578356094,0.038495229604354635,0.013314444659228389,0.004463709317365294,-0.00597788913524321,-0.017555147027706334,-0.033108236336249,-0.054255232218979724,-0.07362572513077102,-0.09695805638794071,-0.11601811369293805
0.6567370382763162,0.9292925106309189,0.9116516221530329,0.894293682773921,0.9053835536181145,0.8457231014540331,0.898161194012527,0.8358366413110929,0.7597229920599047,0.6937750641810866,-1.735566868470179,-0.7578385837476761,-0.38126271767744907,-0.3830719196198978,-0.7485112707716397,-0.7876106494832967,-0.832704960472237,-1.7174723615720127,-1.6608510125372593,-1.8135682410975686,0.9516065139816967,0.9256481275638729,0.9079136384200877,0.8873689235053576,0.8974723760156688,0.899187286407313,0.8576861717310998,0.8391904596443475,0.7830287756488385,0.7406159355800003
-0.2629739234738304,-0.17059423828702633,-0.17799319639742894,-0.21271166395858676,-0.18618792675622384,-0.25745835305137965,-0.30217307424845014,-0.32448134822383873,-0.41418612541376937,-0.5467698442476704,1.192523304979124,1.046830410704034,0.8530671313364738,0.6934534687954176,0.2882109929690012,0.2379860432969519,0.17925869497209218,0.23464698848507745,0.11284989320507527,0.0051081727261366745,0.5997571315870752,0.5920672895899625,0.5895176057843539,0.5974055594654213,0.6166802917543062,0.6293955114301574,0.6163176200427355,0.6132636544364123,0.5863988439922148,0.568266994040174
0.3980613029801705,0.4831487782072766,0.46701617275694274,0.44354954566259636,0.4601587469770686,0.3942220539303287,0.4061606691958922,0.35937895653352414,0.2745637591885488,0.17997749570889404,0.5175291364728352,0.42673633708665976,0.5123575527869674,0.39091561888055504,-0.004554403195207828,-0.044621089239309075,-0.10051356219043053,-0.3126550276837809,-0.38011982212658035,-0.5014537612477246,0.24840639873258794,0.22332290810911162,0.20752017541803383,0.19286229222348109,0.18607797604568102,0.168275702155481,0.1430492067789195,0.1165184164234148,0.09117371659957946,0.06082022462676745
-0.3549094883892068,-0.34702026630913685,-0.4361051158270698,-0.5405679093894518,-0.5747302853509777,-0.7302900146004121,-0.9333922289793329,-0.5453790264402493,-0.48137047754949513,-0.46438285222085585,0.41361504285188627,0.3197910683418248,0.07201966970103597,0.008388921191812778,-0.37850857084624145,-0.41613163544799614,-0.46718294957184153,0.8613114896662107,0.6884791653724306,0.5903146031293741,-0.3735434314924647,-0.34398670295463685,-0.3048106865129221,-0.25740610549341303,-0.22111014122698644,-0.19581756374430928,-0.1534246767490436,-0.12214948770333874,-0.1082890209502769,-0.1061558446351501
0.9310431301917903,0.9256958260909485,0.8177067343681234,0.7103119179113655,0.9196601659325073,0.8898305587590241,0.9712087156284998,0.931097823727659,0.8858791026085184,0.8661777391685546,-1.822050571345615,-1.7168737371836331,-1.1290134545662749,-1.0259215669565698,-0.778876858208059,-0.8300149898130905,-0.8801806838766865,-1.7933588486307015,-1.7356847339320394,-1.9033197226438012,0.4966755261774195,0.4728457161874101,0.4682007977869988,0.4539044876609492,0.4535948740539551,0.44692387129129474,0.4113824960258055,0.3788944865690229,0.328216907936334,0.2943388402525951
0.2928111883666638,0.29296299283421817,0.2097934538461686,0.10527422811663885,0.03582758767220221,0.23839987998015597,0.31341618969628693,0.33268027357036506,0.3162486536476914,0.3055757815932011,-0.39971947963139326,-0.42268206368158306,-0.24120954823340301,-0.2599347250944888,-0.6302818079829333,0.05995632739595662,-0.0007622204954855921,-0.10835920891080499,-0.19389240633250626,-0.32506868701648056,-1.397871410212324,-1.3831523469490363,-1.3596137267223292,-1.3366601290700928,-1.3625928834799683,-1.408865297107338,-1.4005081571575482,-1.4222235763160385,-1.399140207613422,-1.407665028464794
-0.030013783228103563,-0.026777116113858034,-0.10542177604946007,-0.2074647764044312,-0.2584571402148201,-0.431911270768889,-0.14073558522816176,-0.06364869895303668,-0.05484415781628773,-0.056388903646107734,-0.10757129522652296,-0.16262033719958585,-0.13373583516983323,-0.16750573060385104,-0.5431083567317905,-0.5860202036227947,0.18256892135374692,0.23034168504116295,0.11815754297047189,0.016774096699433957,0.015525731496618659,0.020892223745574652,0.0398978189781972,0.06231044444002437,0.08594144191976309,0.10944229751581026,0.12493689202160645,0.12087068441574761,0.10489063697685508,0.09119348178445152
-0.290677381500269,-0.3285717367103249,-0.4547774541457038,-0.6345243941932043,-0.30564868754166635,-0.3025962443556613,-0.2914916369559485,-0.25645870430737644,-0.2751933933266775,-0.30688141369245603,0.11246148165739804,0.05186396319973004,-0.04176701808663991,-0.09349718492983218,0.4339846379582799,0.38301127085587305,0.3266231607738927,0.504903850772329,0.37668379398470603,0.2627782119941509,-1.3019400153671452,-1.2584268549574011,-1.2200863486492,-1.1538710095126312,-1.1592901427380518,-1.1712917385856532,-1.1615915527828873,-1.1785728774448405,-1.1458501651538922,-1.1253601666468815
-0.5260331812737701,-0.595703067580354,-0.767131803215593,-0.512818877822796,-0.4163176134348831,-0.4428543395890131,-0.45681600091828517,-0.42400248364704546,-0.44984274130831176,-0.49422074016342876,0.2604010225240213,0.18116559136901306,0.007182457455989489,0.9347902260354978,0.5206908660202758,0.46657426792781836,0.4144924514096788,0.6712553327861762,0.5223008514737589,0.41545032916156666,-0.15913372013376353,-0.12952756676214094,-0.09311931334248032,-0.044734120500822865,-0.02448557252916178,-0.007888279734134623,-0.006314338845880856,-0.00771446579965033,-0.006708754356157142,-0.009946541901912293
0.6407582552992379,0.8933223950596999,0.8767140631586028,0.8585003657815602,0.8702441391137818,0.8099100217129789,0.8610603638894002,0.8029245624424374,0.7304752437589972,0.6715793829820379,-1.809499705817102,-0.8804002185090831,-0.42602888905452374,-0.4269933074561109,-0.79258988424332,-0.8281730402618112,-0.8765128000688202,-1.7926220684995091,-1.7420549240609802,-1.8815237419610826,0.26321489724433617,0.24043783062958818,0.2222768663138041,0.2061285828896027,0.1907366602077616,0.1757107538095015,0.1417848576268741,0.1134412484657834,0.07717537978624579,0.0437214245759599
0.8146861370220307,0.8571097050705017,0.808019371809557,0.7660799747258652,0.7573050395474621,0.6712435318236282,0.6744924367897253,0.577778818470804,0.7452356534933368,0.7721479425039192,-0.8177213818188179,-0.818181568592315,-0.400394292617169,-0.40689198783045477,-0.7679851325204542,-0.8018233475273291,-0.8591955001053355,-1.747695066800795,-0.6567576337835683,-0.7889344299298904,-0.8201182474721032,-0.8304324601432681,-0.8362521485883262,-0.8445059897586191,-0.8857267902406644,-0.9321529639802889,-0.9418842858148128,-0.9765562446322303,-0.9725653690036528,-1.0002430702613285
-1.182282363288712,-0.7265052986351047,-0.6749075601068146,-0.6965268088818698,-0.6456182798854418,-0.7059754595212734,-0.7758029814033658,-0.7677553586436437,-0.8400922374520502,-0.9751056457494568,0.40436517310001674,1.7707231808471722,1.2525890197339558,1.0356966257687428,0.6232916991715189,0.5601348852367661,0.507568217867243,0.8681963584667144,0.6963056504927898,0.5905839849161241,0.8850908106336846,0.919577807304142,0.9393538162331092,0.9566652742221411,1.0067152415400142,1.0499773020558858,1.0486700751078277,1.0597744231133974,1.0264959685792494,1.0162549137005297
0.8796492503940506,0.8905256238239534,0.8125553571165909,0.7383338747974163,0.6918926103649515,0.5703429725259404,0.8293464331413919,0.8219995663320443,0.7920819235531645,0.7853749564493797,-1.8238934945947856,-1.7422616845545058,-1.1134485840358468,-1.0309150573011172,-1.3690120765600327,-1.401800611209194,-0.8915954162824508,-1.812419547904012,-1.7498469381067123,-1.909543593601292,-0.4216816920371954,-0.43682547850545905,-0.4378623153918912,-0.4378720552095866,-0.4603853517920771,-0.4932010870604802,-0.5084799326158197,-0.5372623611395719,-0.5565541051027375,-0.5881833159782359
0.8383681896010066,0.8739136289326667,0.8139567438380467,0.7612148343024091,0.7400403311099278,0.6367787823464757,0.608843708407627,0.7940653228977885,0.792584572511985,0.8045651562630909,-0.7577799658483583,-0.7531697082642896,-0.37151596163054434,-0.3818870019014211,-0.7482136976326544,-0.7835125570756906,-0.8325485766310864,-0.5315418567339194,-0.5883052758978119,-0.7133843494848049,0.2390889466237193,0.21416152855039164,0.19392405188044165,0.18608727041052123,0.17476643926113505,0.16334004139398403,0.13446001308687702,0.10684889001198716,0.07026674932815974,0.027423335587924768
-0.045708414602945086,0.2954483908929559,0.3153312962661358,0.30149670994100397,0.330612270817056,0.27578926874740106,0.2877568007501547,0.25792348707893126,0.19121425247859125,0.11112302645107422,-0.4852624665666816,0.5214791592403382,0.5727790622736264,0.44509909899310096,0.049096477270051016,-0.0038962257492280977,-0.05751377573414958,-0.22213347337337946,-0.2897814130226495,-0.40691171566368306,0.7065025674758797,0.7005137826950892,0.6880758375273883,0.675420555644651,0.6868687874333137,0.6897882302930989,0.6586688095866292,0.6310383235562448,0.5916873651640594,0.5602458233517007
-0.1065128984028997,-0.06822328628846223,-0.10271360097263053,-0.16365580298805052,-0.16719745114073598,-0.27130740169842943,-0.36948620781077346,-0.4583168724559828,-0.15331864105466175,-0.10127943190074183,1.04100542851497,0.9060753242893907,0.7779746600882008,0.6209477534930958,0.21610099405463723,0.16588170220971588,0.11410158212724794,0.10420862876447999,1.3638885965030567,1.2860614496691198,0.5187232653716984,0.499171196430079,0.4912610531220568,0.4880327195518006,0.5071242710404089,0.5111514113996078,0.4962843714842377,0.49106199017975904,0.4628466934835224,0.43034166426998516
-0.5304147264912679,-0.559649733687177,-0.6803015389829173,-0.850221269735292,-0.979223713195389,-0.6839907344736647,-0.6445125380626308,-0.5628966319555819,-0.5543842404616536,-0.5728096868997022,0.41843751167248566,0.33236104401648187,0.059383197814498904,0.006988001848670903,-0.3767732487369866,0.5610761297167468,0.506989669392963,0.8501037622812035,0.6939584816283525,0.589099421565229,-0.4297459177173757,-0.39301994511835514,-0.35273330288229343,-0.30027651787467724,-0.25642897220934435,-0.22506396560585368,-0.19890676210905653,-0.19407485228745375,-0.18556591709001194,-0.1826162723998894
1.1186211676795734,1.1414680380960553,1.0601333946753357,1.0026988869907418,0.970589802296822,0.8637209621139024,0.856830001247238,1.0014588622130167,0.9820545213280849,0.985210152687756,-1.807537917123411,-1.721442100643303,-1.1211412591674577,-1.0330426932361745,-1.368647877792944,-1.4026585201881396,-1.4476081839342583,-1.7901431414234967,-1.7283476644358151,-1.8833357090433938,1.0761640968704522,1.0426670378263667,1.0255185234345245,1.0061910709434234,1.021235820260484,1.0340375999182994,0.9986542445558558,0.9778909496638277,0.9177632581388245,0.8727827829364303
-0.3423315151267415,-0.28462626444419725,-0.31015864845735186,-0.3629917317981006,-0.34608239465341845,-0.42888499479311687,-0.49863779440201267,-0.5264835674207302,-0.6291705901094861,-0.36135585920624214,1.3577031229794434,1.2079216786737719,0.9415830531318924,0.7681290100956655,0.36998755459788074,0.3109705250052752,0.24942388584693126,0.36304096175245304,0.2466046835691278,1.6557419636788886,0.41085483389667254,0.4020442174386198,0.4042926511605265,0.4140597163833042,0.441584128694505,0.4522165042644076,0.44551454549413383,0.45213305212696286,0.43074867482705587,0.428311948099749
-0.6693632063608328,-0.8236166829709335,-0.500402623395683,-0.47923555339563406,-0.41671179111592016,-0.4599497058648383,-0.4908433977740788,-0.47187540653634064,-0.5151841326464296,-0.5886675081913473,0.24842360869557542,0.17601403426334788,1.1333407008599643,0.9279172765508882,0.5184612651807741,0.466012072762984,0.4066831355438761,0.6785547101109954,0.5240068021737819,0.4111625840096168,1.633709859835931,1.6472116784846875,1.6718652652763752,1.677709351415092,1.7457138431815717,1.8084997331112223,1.7880001866100799,1.7965879122097186,1.7352150041371706,1.714473314729935
-1.1337030436596756,-0.7330450546649979,-0.6852903528201659,-0.7050376697867448,-0.6537447073909488,-0.7136213863995375,-0.7807426524674149,-0.7657800786694675,-0.8251686894838736,-0.9353446972674367,0.2581982909087081,1.558659485362353,1.1319304839180575,0.9291026339314982,0.5200837616744481,0.4684737937450271,0.4091778025009312,0.669704308387033,0.5263938511397054,0.41126249989316,1.0625921508426237,1.08987638750682,1.1023377085006925,1.1229255970647043,1.172716464971423,1.2194157371150454,1.212870404123283,1.2267270626662008,1.1906515487914358,1.1835976729330535
0.3034774111730085,0.3476195676331908,0.3091712876222125,0.257663919074045,0.2543381900752219,0.15971724726007067,0.10890262248096294,0.013618360465924444,0.25992832651259634,0.3049803621111315,0.6352297236659034,0.5311930639481965,0.5712850497531127,0.44935427597927147,0.04983599303690368,0.0006806101234331131,-0.05058039399204337,-0.20914155879591834,0.933751575174788,0.8315825879828129,-0.37495235374668445,-0.39358719717568463,-0.3968548686535853,-0.40161590056090934,-0.42313588347010017,-0.4556724350785727,-0.47395851381005444,-0.4908763414591813,-0.4978097037981912,-0.5294290367008403
0.6461441312188945,0.7201746691489984,0.6794248946456146,0.6480364323519721,0.6546128124818908,0.5818644482524357,0.599343109781771,0.5345945282890034,0.43890828515068997,0.3309914877226851,-0.49114063778839545,-0.500509705682648,-0.2769797922592544,-0.29157440860101325,-0.66022582085462,-0.7058881709017015,-0.7503514716196065,-1.5501158315923134,-1.5076278426062033,-1.6462682452176176,0.1763559933464379,0.1633439549470342,0.1629971561080494,0.16125863820630326,0.15886366599304133,0.15622218092467177,0.1379233814185046,0.12589068835117612,0.10004094999748439,0.08585290647688534
-0.29311265576124423,-0.2974139050497652,-0.39154850437767363,-0.5077143231261267,-0.5652673517301448,-0.7549837406272621,-0.4768385372715571,-0.37254482541824196,-0.35430170616759493,-0.35615609333195847,0.26557648716457766,0.1870822643439547,0.008559493417679719,-0.05504543390442858,-0.4222923139364682,-0.46333593824394326,0.4106061544468861,0.6777657885661287,0.5297847969911377,0.4227343204073243,-0.2652742951314132,-0.24379568118778436,-0.20841254280931792,-0.1680134342058472,-0.1385113495391984,-0.10436738273926612,-0.0762649466040262,-0.06143053171830333,-0.05772027358075756,-0.06382693909274653
0.6088214846955714,0.5149964556773187,0.713401698711464,0.7164232339950912,0.7377717465926917,0.6822883441200124,0.7249677445340664,0.6770020987440842,0.610637491120378,0.5550348903522389,-1.6432867667411806,-1.5664507229904563,-0.29554686492138355,-0.3157514803940557,-0.6776420163397343,-0.7183652336080747,-0.773355843874705,-1.5861444555809743,-1.5490545086645668,-1.6935255830802185,-0.7616562194935772,-0.756259858200155,-0.7419357231062961,-0.7331741694963012,-0.7667705180190557,-0.8065128155411301,-0.8116113289578523,-0.8384465312745392,-0.8384397970122512,-0.8519406836314376
-0.4756226332482879,-0.4360059655702806,-0.47710671303372765,-0.5483072760955207,-0.5464665544205068,-0.6534087111107391,-0.7747661154297678,-0.8380852705862902,-0.5333253699070531,-0.4756683494995281,1.5389108728323209,1.3720900750851242,1.0221745274469294,0.8389529950289394,0.43770441553797623,0.3745326430138963,0.3311377672932208,0.5103248138228063,1.9365179529441827,1.8461370578220857,0.7871807859292146,0.777486261541862,0.7851965904733047,0.792631106268374,0.8254611744842915,0.8594058007711409,0.8589585203384019,0.8687443789453175,0.8424878406118391,0.8237420716104829
0.21518199980905686,0.20854400058053946,0.1157448085532467,-0.006125760747877046,-0.09674305824217412,0.1350723836131167,0.20939938570532474,0.23378034257244895,0.21819296943393163,0.20492383403634745,-0.3159189446972881,-0.33913232868081183,-0.20083702940878237,-0.23698112105144667,-0.6088636825305072,0.11025016029076622,0.058942842989590155,-0.005699132351227882,-0.09532702682135337,-0.2212512879587903,-0.23175902794263145,-0.23992937672990614,-0.22349115480386533,-0.20676482585935657,-0.19983655753935162,-0.19683633897138078,-0.2034813388771222,-0.22396190232635535,-0.24304567125907178,-0.26032603336349414
-0.6900740485449495,-0.5815348376487213,-0.5926875443944156,-0.6349201837264837,-0.6047500097606417,-0.6822837242453474,-0.7674072984652972,-0.7771934830228652,-0.8724319483874857,-1.044359341275077,1.9752044121861965,1.7730654638689871,1.2596573551301844,1.030475406495481,0.6197950735962608,0.5621883131831802,0.5061081590215648,0.8394245516652962,0.6834919026965992,0.592129805063876,1.307928023530111,1.308173435967708,1.3184607955490333,1.3261746811623392,1.3826887925610873,1.4417677441518946,1.4340866086425692,1.4500188285244437,1.4029570386453023,1.3963318433902674
-0.2862942246279222,-0.28776625203729306,-0.3675960890674892,-0.4820920578431651,-0.5427420081736618,-0.7322223246353684,-0.4198921290598644,-0.31827615843708235,-0.2996597995935266,-0.2995337222873632,0.004542234669482498,-0.051986007930129745,-0.0886956703614257,-0.12486071530265679,-0.5078906104306395,-0.548971969510559,0.25578041133822976,0.3762162588122344,0.25037559852632885,0.14377784649547798,-0.3242092256287714,-0.3097118711448669,-0.27663284090842727,-0.24619088788656354,-0.22291712419048926,-0.1989740020431163,-0.17316000369183096,-0.17343716857343852,-0.17600243265195908,-0.17641353360929005
-0.9888460523403819,-0.5744467146201685,-0.5322834757534016,-0.5545779234620215,-0.5076838599236164,-0.5685605307155543,-0.6263898839970883,-0.6213860492045777,-0.6885671012485377,-0.8068581049362639,0.2731718874877973,1.563933844050333,1.1339483031959459,0.9330364873956313,0.5244738556788625,0.46263494225454055,0.41622286205833653,0.6752276475994624,0.5279822339726671,0.435305695988024,0.48938257861522444,0.5170413811213412,0.5323135193694931,0.5593540397884819,0.586345260379625,0.6170128985944128,0.6215412710741949,0.6243372832656027,0.6003700472328124,0.597057017211689
-0.3006255206616224,-0.2879800215093704,-0.3598042263983985,-0.45648572046094615,-0.49100379542085676,-0.6439574162669549,-0.8383283240911943,-0.4448884403002581,-0.38534969523928553,-0.3686225762284329,0.12159155740003054,0.056225632149479794,-0.04603630754794429,-0.096399825478526,-0.46299614912978176,-0.5070205171878283,-0.562160710036444,0.5161071861368246,0.3690859081872432,0.2648089370690476,0.3106204297338915,0.32558787981109605,0.3569913136774043,0.3878197237705362,0.4300985857060781,0.4670342021088228,0.48605524415528983,0.5120963328786916,0.5012423141001913,0.49539457591579267
0.0195023007292749,0.34148828106138346,0.35676110208163175,0.3428214058032272,0.3711800327741948,0.3158785503917728,0.3315915325834671,0.30012574209890713,0.23451401383346326,0.15897130933169118,-0.48131686555641484,0.5259499892728383,0.577231505359534,0.44816158484206586,0.049494685162929215,0.005856889791501243,-0.05260609851421309,-0.21755454560391124,-0.28263724712876537,-0.399598770202925,-0.3974523598896835,-0.4017866271470738,-0.3981352008343433,-0.40306334820844847,-0.4250494453181622,-0.45548767482119784,-0.4723611525473116,-0.4980936752635591,-0.5118163847453164,-0.5286419086118535
0.07810875925932785,-0.014729330830505111,0.24538310260705035,0.25939290055118913,0.3022612596872131,0.2572855205400952,0.2793855966214681,0.2629550122187963,0.2119045342971183,0.1591017370942621,-0.3989950951119135,-0.42615225258144,0.6341694830606586,0.5006439426471174,0.1015017474376082,0.053338033761728874,0.00028156408042501386,-0.11705072489698207,-0.190867796188525,-0.31397633499095795,-0.11810546219281974,-0.11931529204378778,-0.11030609205679695,-0.10755201925203987,-0.12209215626352944,-0.13841430320035872,-0.15520334450501236,-0.17435706531511497,-0.20079906285326096,-0.2195503092338601
-0.3555879012768969,-0.2640521788255195,-0.2742038517784545,-0.3120933683850354,-0.2842874288882654,-0.35608777260409225,-0.4078049545226477,-0.4228789884483328,-0.5047323528893811,-0.6317067948383345,1.3518290030065578,1.2075876656807052,0.9371364635826114,0.7571609341846116,0.3594296010572616,0.30233579959253243,0.25024093913537826,0.36031912471259747,0.2404194214432947,0.1174032059195855,0.42744948590124815,0.42406987749671604,0.4281398243716831,0.43917149317624166,0.45924910108609396,0.47427270775574015,0.46987799673741065,0.46691918491239415,0.4445365904050464,0.43892459804770084
0.48564465855672573,0.4701413647817626,0.35884184125272867,0.20957773462221457,0.4846775014961455,0.47832329162403575,0.5419209638424396,0.5332822989522287,0.5017463338613168,0.48214017965462397,-0.5483048361675384,-0.5680502623899165,-0.29963833325009703,-0.31259580211129984,0.007011635816343362,-0.04259611536279495,-0.09989785026259948,-0.29354301901283536,-0.3717774362680103,-0.48956602060577054,-0.7654513966920253,-0.7732851560014631,-0.7644864080832302,-0.7552115456140753,-0.7852900704725975,-0.8268900309823962,-0.8441991800264839,-0.879741894321873,-0.8812266576290323,-0.9098871380831167
-0.445077628889107,-0.4069918379399001,-0.44084417777933227,-0.5120645866200658,-0.5159276558797654,-0.6322138772553776,-0.7714256842180548,-0.8590734812759027,-0.503920544007751,-0.44232775533950935,1.3742894845112028,1.2137134454838086,0.9436088336194921,0.7679994915390098,0.35779036379963586,0.3051439502770513,0.25440340559546304,0.3760859096915261,1.7350555601406357,1.6496693780520544,-0.14969103146519958,-0.1515587842705966,-0.13714908180787033,-0.12410223270200213,-0.11346622052365735,-0.11569571826422763,-0.10853190836675541,-0.10830409438884896,-0.0995596620196374,-0.11163083848440182
-0.5753920609410925,-0.6689203634600157,-0.8667374206726673,-0.5667131809348444,-0.4587894969697043,-0.48429818460106905,-0.49930304723178764,-0.46456105610599707,-0.49061393689116367,-0.5420612597080234,0.24193479572714127,0.16556133677961124,-0.008104455628317504,0.9228534273794817,0.5128823017628045,0.47036778839591653,0.4054069970941959,0.6576904235858834,0.5212028654537114,0.40303588450421945,0.710733449856426,0.7306169953709198,0.7645757630152086,0.8034105231392035,0.8499011875592831,0.8936605669814285,0.8770762851160205,0.8869193289150229,0.8546106183088489,0.8480968543245926
0.4236390450380384,0.43418787175557205,0.35378638188025596,0.26433682285564225,0.2052655436955981,0.037228423859150185,0.3386122974473915,0.38466040053608996,0.37870357810820904,0.3779865480692986,-0.40357742375969186,-0.42581548890239085,-0.24097682696053616,-0.2614610423235034,-0.6355178801034624,-0.6740439252206587,-0.002237850321781785,-0.10920918089101732,-0.19890439414678202,-0.3177995720087657,-0.07177951735148506,-0.0751240699929367,-0.06992647964076616,-0.06396214920059422,-0.06411143126053594,-0.06359093998851513,-0.06841892342714047,-0.08396865682539179,-0.1125560807559914,-0.13743251551016233
-0.25211789132785156,-0.30966958611334533,-0.45642940656747577,-0.2054061358003334,-0.1204622462411734,-0.14960818419729024,-0.1408467411302646,-0.12312626838276759,-0.15204737816354252,-0.19162558265516633,-0.12364687714964917,-0.15805329961475642,-0.13426065818003707,0.6897859934848227,0.2869045572766133,0.23747696215715958,0.18125242602835298,0.22342149378725093,0.11807297854961409,0.006546519905469839,-0.2290892838955548,-0.21388102969284914,-0.19403279143091434,-0.15764473090510114,-0.14932419988750037,-0.15091965916732467,-0.16156056005364447,-0.1703876476163334,-0.1795696414195015,-0.18972612812680065
0.5095481688716231,0.49969922129023925,0.39776876381974785,0.26757461049951753,0.5321645437856075,0.5246712160694735,0.5937913074900049,0.5846646038371182,0.5532635881109887,0.5346914021744796,-0.5666193161957277,-0.5794374615738453,-0.3062736592338466,-0.3164058040348315,0.002363968611782381,-0.0449015940966808,-0.10135572934986571,-0.314961121649504,-0.37605298518583413,-0.4924697778620936,0.9979674997954506,0.9758546735900311,0.9631989091717068,0.9620919082661512,0.9850149811579285,0.9909625827297142,0.9530056187772554,0.9343784159817056,0.8647342166700926,0.8256628806957181
-0.49114264400080493,-0.5163363268256176,-0.6341519908711082,-0.7938267446081518,-0.9055705806880869,-0.6361773667216756,-0.5979946571179828,-0.5203791985266484,-0.5131709613030971,-0.5317128409132333,0.40075462511426996,0.3154853910553249,0.06489582932355434,-0.010576161343424728,-0.3797489200471332,0.5660515433569034,0.5047600901338749,0.8583835647710387,0.6897658341074091,0.5830021682425375,-0.4774143138921955,-0.4481155535595359,-0.39923572859426415,-0.3513967281388834,-0.30874823518376643,-0.2797014764838542,-0.251756790999082,-0.2480868974762932,-0.23675175938860937,-0.23427282173797512
0.24512743170970397,0.30157808678715947,0.2722878040169218,0.23157285835668504,0.23973751061015244,0.16181748160754902,0.14070713709771385,0.08684586190194293,-0.021362064291238582,0.215754484403116,0.7631342870041946,0.6461487485249415,0.642828295795489,0.5040153363763551,0.10432158665317576,0.05698621722271584,0.0022163475236280784,-0.11214451888043252,-0.1970174751393533,0.9756803134410744,-0.25292823229615835,-0.27179572240906064,-0.27531938074320916,-0.2820100793066449,-0.30153543051603837,-0.3195622884262545,-0.3452399357693928,-0.36222713609399415,-0.3679837103794081,-0.382745138058091
0.07505161500034385,0.16115929779929644,0.14722035839130113,0.11529146580362262,0.13545348027537796,0.06718071496573556,0.0516047728450765,0.018510222369985268,-0.06335309302083389,-0.17349412854300525,0.8998336002463011,0.7684559944755068,0.7052944323128632,0.5603374707601911,0.1668238166390375,0.10835446558225571,0.05837720211220437,0.005116193089257244,-0.0876541719787778,-0.20962784661041706,-0.08137298757813811,-0.08460318640024861,-0.08067519841935704,-0.07748862531955002,-0.09317825827508193,-0.10771131585771537,-0.11878425023487688,-0.14446153249098723,-0.15924459915671205,-0.16357094982413328
-0.3674916101995091,-0.3936291467647223,-0.5187590562726858,-0.6812020029029008,-0.8059336740235644,-0.5290243439728897,-0.48120894261045416,-0.4108012953662224,-0.40589535490600676,-0.42590480966168365,0.41183470689582014,0.32654351855557723,0.07117187454108977,-0.0016525331134043632,-0.3773127521427287,0.5624153073235046,0.5034969375668964,0.8495287256707059,0.6857738652092095,0.5963013949155485,-0.5418028649056646,-0.5121158907622338,-0.4615789802825546,-0.4135704902752923,-0.37746984737625533,-0.3470420766559289,-0.3281788200229175,-0.3239868117038344,-0.3107682712198939,-0.3081917504632348
0.23504163067652634,0.1858010899760593,0.05238929368552087,0.3032412860826969,0.3755402213809842,0.34443223163675124,0.38658341117947015,0.3774398205966387,0.33703973590111197,0.3023193271573216,-0.5012055795415092,-0.5082727440217647,-0.2754990399466188,0.4404665647625436,0.04544533142621574,-0.0013100603147934385,-0.05593352434843676,-0.23524580622205044,-0.30638660460385714,-0.412716968491684,0.4034417092098084,0.3942418864478616,0.39899157923139456,0.40528612755385063,0.41648270059301773,0.41288112265922017,0.3846656586897477,0.36147597766856465,0.3225809563273253,0.29655653371619956
0.4334109028932751,0.37841830187210806,0.5757633335647,0.5867288848893267,0.6237328852896402,0.581993341835142,0.6335268383227122,0.6022795721375583,0.5506056050974362,0.5108419821998539,-0.6367250496600426,-0.6428847797518757,0.45672441390230023,0.3496918364511405,-0.05170102565791069,-0.09048931479813654,-0.14522013772188422,-0.3977155601231229,-0.4634072310223131,-0.5838328788884171,0.0280682368545658,0.015408270723871943,0.01052502939607852,0.0022000536235342394,-0.013097046933263901,-0.03847856110913456,-0.06908519481211763,-0.10471539844920305,-0.13846023034329819,-0.16720173863469137
-0.31344817908034733,-0.22083304103146228,-0.23987629098594826,-0.2816019979227584,-0.25899762290724104,-0.3336512742724573,-0.3862746744300221,-0.4066894360255784,-0.4924429600447801,-0.6294104467277974,1.5590639260383827,1.3790142456974197,1.0346268892396173,0.8492838801489794,0.4364225976154043,0.38386501286992747,0.33168297836529365,0.5189376136269319,0.3700449542448352,0.2748672634471279,0.7223941103380104,0.717659019231838,0.7216183574117316,0.7278524404233682,0.7527432741137798,0.7769922104552084,0.7672726012513544,0.76582125040432,0.743546773554347,0.7308483431920589
-0.6132831947143188,-0.6250439392650958,-0.7243001506857173,-0.8632298817318889,-0.9388804959482784,-1.170971155105564,-0.8444189694742319,-0.7042810716196598,-0.6672725700764119,-0.6673242142100634,0.42070106665207074,0.3241047771404303,0.07163023349131038,0.0016525331134043632,-0.36748846101923766,-0.421899667698911,0.509589276234286,0.8514558976607468,0.7009966543870658,0.5958943140621255,-0.6391461588448669,-0.596435204135699,-0.548635327476742,-0.4919411028753852,-0.4598617670138758,-0.4225026803356667,-0.37930861913572406,-0.36286679532132754,-0.34498345047246654,-0.3348261284228969
0.6392141448830082,0.6196924317159791,0.5372726754269693,0.6957428007092297,0.7322235103109307,0.687109685116132,0.7426807158793131,0.7068899128120228,0.6561570792215236,0.6264491384288713,-1.852927470853081,-1.7651359906810162,-1.1143377670190018,-0.4526738120851667,-0.8194798249268133,-0.8594426863848835,-0.9090153206576373,-1.8488108947180732,-1.7930630430167664,-1.92852131543722,1.8367756197157492,1.7992455584836873,1.77439297837327,1.7463523128682696,1.7756720254776446,1.8010546012471376,1.7414964921449667,1.717496163003347,1.6229363698508892,1.5654537842811378
0.290605739283168,0.22343079336258784,0.4285065154101509,0.4367290057329627,0.47613044970420226,0.43459554239185183,0.474122811138215,0.4506093925490958,0.3999819499707,0.354168394299128,-0.48549061806558313,-0.4986570788774738,0.5792742864640801,0.4480234716752099,0.055130832242082956,0.01927720321735408,-0.06714749359709091,-0.18644871927143372,-0.2892892104299441,-0.39602953787337486,-0.08673046973429561,-0.09087580622111412,-0.09120535452135148,-0.09525600068720222,-0.11397181097753752,-0.14312700332635117,-0.16112838300082996,-0.19492409966186602,-0.2158723222586525,-0.2456716462188445
0.5888501302164676,0.5963244111787125,0.5154361413154529,0.4137143967519782,0.3396703802290132,0.5356094867631428,0.6287158827455263,0.6274663943191849,0.604805400660819,0.5987340515969242,-0.6977821375958148,-0.7036420751310921,-0.3544991076305425,-0.36469921557955925,-0.7185208587671228,-0.13703176896598426,-0.1834265175538589,-0.46644214190855576,-0.531012119668581,-0.6448013618392588,-1.4809976498272082,-1.480513653571534,-1.4730073697888888,-1.4583821501297467,-1.5066100509190885,-1.5648140030462963,-1.5743426929249251,-1.6151794575360467,-1.5958357384086073,-1.611381326025596
1.0303600859590984,1.0598003298078225,0.9939507624234472,0.9501373924840878,0.9371692500490952,0.8561506372654878,0.8880622559489167,0.8058240832228251,0.7108622211577994,0.6415599858734813,-1.8218686667941293,-1.7400177482678059,-1.115362625543639,-1.0289908056743102,-1.3690775325996174,-1.4019485229715867,-1.4393047444042257,-2.8829915188757287,-2.7322248277938432,-2.8962922246245935,0.44050007467852387,0.41219679023594696,0.3976611790738518,0.38928482536290393,0.38493524052216616,0.37661366975277255,0.34626136933167323,0.32615483759623487,0.29660694347506533,0.2639783472368552
0.4500181321224505,0.7219012338952379,0.7084488338128977,0.6906723680454564,0.7084126567103672,0.6495870208352225,0.6884377123792623,0.6382439659667601,0.5677651497622762,0.5040074267438969,-1.6696748279027336,-0.6320041493034553,-0.3247413412130316,-0.33183213747979573,-0.7000870950604303,-0.7454803178846487,-0.7958371098319176,-1.6416602628480084,-1.581564131448764,-1.7352450654462825,-1.9146219500262907,-1.9008835979368295,-1.8771995351376867,-1.8587282836911114,-1.9284230776765328,-1.992934704690318,-1.9850308763711741,-2.0190795904832073,-1.9730640435080253,-1.9668474571090107
-0.8199294559526864,-0.9428268276599242,-0.6416932518816943,-0.6259773059814593,-0.557003034670371,-0.5982349234731753,-0.6385517614651188,-0.6100522735678503,-0.647348173674591,-0.7130032365557938,0.25931305798674165,0.17770673493722924,1.1356642310680425,0.9319675292158262,0.5220612490216892,0.46483942234231707,0.4074180561730786,0.6721447687114352,0.5220438214848779,0.40695740579860407,0.9955133529807897,1.0145050571373098,1.0495693612498338,1.0661198779545018,1.1258453613320152,1.1690023627810093,1.1569810743564863,1.1710669945204775,1.130658579513782,1.1163457192939645
-0.631295643169668,-0.681074430768561,-0.8141011420960436,-1.0238756669565034,-0.6408130690566435,-0.6222701565326484,-0.6222502514528504,-0.5618003897407061,-0.5675423529089104,-0.6013621132118981,0.2529368976946433,0.17826505849033444,0.0043029910803947325,-0.04855167594191711,0.5227001483878781,0.46803302751993886,0.4058936601783575,0.6692661166053964,0.5240764062785729,0.4140834288750754,0.6822103339029469,0.6997591355404218,0.732135299938281,0.7732100148359524,0.8412363218426495,0.8915880035758642,0.8944622821216205,0.9001559708344143,0.8704907274155169,0.8623162422013141
-0.4489889559498841,-0.4221137992830276,-0.4923789323414823,-0.5808780999819682,-0.5936199763933715,-0.7191773528399378,-0.8674351869993213,-0.9552538160220931,-0.6270509998469933,-0.569406104918552,0.418431525507781,0.3355146095404485,0.0666848422426252,0.0031417266579267227,-0.3771455560917718,-0.41904985868705136,-0.46550102330419624,-1.0237967096979963,0.6942040355411803,0.5856576545094526,-0.2700760477910906,-0.23703901246668574,-0.19843372479784663,-0.15147347710958137,-0.11083148533283083,-0.07610856700088939,-0.04262045150646267,-9.70844982780942e-05,0.02254852181589688,0.03261732790531052
-0.3844256954712714,-0.2944087563354544,-0.301885158088148,-0.3393473964340543,-0.3118036650465555,-0.38213083385153385,-0.43431044408101066,-0.44753208746564377,-0.5263461387238471,-0.6539260803206078,1.3649878548524823,1.1983511587207614,0.9351478701339762,0.762581418623287,0.35909968473695253,0.3098857518928799,0.24979012434433054,0.3622767398493381,0.2468009533248787,0.1301824602415218,-0.015525731496618659,-0.013314444659221564,-0.00446370931737205,0.009283906455692941,0.015941894402442102,0.01544237251954829,0.013658397980730428,0.012449765864962613,0.006708754356157142,0.0015545622955602907
-0.47729750982665087,-0.5540477087042922,-0.7340100907930565,-0.47492147704863896,-0.37459471618368245,-0.4048318668061412,-0.41947511932157,-0.3906160633548184,-0.4199037840729436,-0.4688362231025173,0.2491051259675434,0.18183840155625913,0.00991677546154201,0.93146246167203,0.523410285581434,0.46886950468240135,0.4075299253585613,0.6790061977246082,0.5291762395184242,0.40691829126494816,-1.2023564667600877,-1.1609651649965151,-1.1038501507428524,-1.0515259563117483,-1.0612571947048022,-1.07671133507049,-1.0579050776010963,-1.0577277083303163,-1.028528272143289,-1.0154402402005616
-0.15933750658806564,-0.18833768397225942,-0.29929885913443877,-0.46614849771180794,-0.14191914817475607,-0.14022892494182923,-0.11551634738775367,-0.0854521845582049,-0.10421681494262716,-0.1296051717314162,-0.10736867752885572,-0.15863372390816638,-0.12961478921533784,-0.16505804906715965,0.28783196933097877,0.23568321684679952,0.18226166503855767,0.2342168428834545,0.11810151685090388,0.01722556592530654,-0.2571968319774234,-0.2451218993870549,-0.220209712479564,-0.1897494416698167,-0.16517134739350667,-0.17505093754322626,-0.174457965394305,-0.18654739913638618,-0.19641456273264432,-0.20598217146614875
-0.42683329709812146,-0.504124677039468,-0.6724474971063725,-0.39163992166416917,-0.2958744288387806,-0.3238353739936544,-0.32695399683810306,-0.2993950863750833,-0.32722479985460906,-0.37343482277916723,0.0054267761510883115,-0.049336261000885916,-0.08477224517205167,0.7634936870113722,0.3603829895353968,0.30921266214886733,0.25355884321085304,0.3635717271006818,0.2440962164834723,0.12594454620535603,0.2860062093640909,0.30123375763777566,0.3270081106367322,0.35820303252149177,0.38441171077978453,0.40030654739542354,0.38916350560762925,0.3838815668341319,0.3673462635842692,0.35161968514853004
-0.4894138343888483,-0.5840596685474827,-0.3142450493903814,-0.3042431805794867,-0.2450732974059791,-0.28872516874823045,-0.3045399130742175,-0.28944965733196537,-0.32865817946255343,-0.38608677826280946,0.0006277993691311659,-0.06898908068054647,0.9327351388548368,0.7663174861867816,0.36056067702692673,0.3030507253609934,0.24853862489702214,0.35729279086980464,0.24272096501359455,0.12927276247031447,0.2141942065267347,0.2303259784928602,0.2617940554557821,0.2787484599472685,0.2940185568215085,0.3082663389657245,0.29691904103559985,0.298092823498734,0.28148005674861276,0.27111540446698223
-0.47336945983235856,-0.37619012029488885,-0.39414020297433006,-0.43839671137160413,-0.4137992297289587,-0.4908894002784131,-0.5580961630925004,-0.5720745839766639,-0.6615371516495994,-0.8124149606775992,1.7548316130175823,1.5582387242838125,1.1444659948378462,0.9292384544747467,0.5227462341287523,0.4711490767182366,0.4165884310755021,0.6698576919257493,0.521186235180847,0.412726503491718,-0.1939356107129594,-0.1789920548062981,-0.16354852294277128,-0.1372872401685419,-0.12959724823155325,-0.13006440161611046,-0.1174317381366628,-0.1148588184443417,-0.1115562394114876,-0.10511264133259814
-0.67789464723532,-0.6151061367058568,-0.6463158346322979,-0.7087705534432088,-0.6962324160719756,-0.7950023763802508,-0.9169737540170021,-0.9603886487613911,-1.120714460404716,-0.7696278885013325,1.9671656651447298,1.767901584957628,1.2482945204337514,1.0267363737121082,0.621610394909285,0.5565413557149429,0.5034958257874621,0.8516757816217528,0.6965345049612295,2.327903522496934,0.47266267996242173,0.4790689674135284,0.49208896357580795,0.5075248980086539,0.5446315062180642,0.5790346906612442,0.5777782897039656,0.5888905327637187,0.5906638499618536,0.5947467949397788
0.7377096113216375,0.7897913990047037,0.7443032879460452,0.7099569362771876,0.7080838182851985,0.6301009708212445,0.6426727383937567,0.5622123887282399,0.4461187431010494,0.6622708168958487,-0.7015909592796338,-0.7031412535192062,-0.3460519877547306,-0.36630025676089717,-0.726790884780509,-0.7722459395015576,-0.8188264512890506,-1.6755055769551845,-1.6364706713631005,-0.6501178611938989,-1.8098293422688732,-1.8140928515808237,-1.798004762495954,-1.7817603271647353,-1.846461767846092,-1.9219284060081991,-1.9106900292242568,-1.9425499808741356,-1.9010328076755583,-1.9058138859577827
0.35763026228631334,0.37946232598856255,0.30911036189853647,0.23705172644292055,0.2121900961548352,0.09112659652485897,0.0003520315944102188,0.26784776406530214,0.2907583509534391,0.3028569924611707,-0.31223182818845185,-0.3464474808951152,-0.20235049178103956,-0.23633070831409886,-0.6030903509600809,-0.6505716605037162,-0.6975105041527374,-0.010773283222711821,-0.1022435762354268,-0.21894167708637416,-0.6579040402820883,-0.6535822557257314,-0.6440524346652923,-0.6267906609138034,-0.6372151643833986,-0.6538196499895081,-0.637024020822604,-0.6474720694835175,-0.6429452458939733,-0.6547936245248922
-0.2724930340303691,0.03673649671813123,0.05076531050825227,0.031504324552797565,0.06549097847412354,0.007246305894163395,-0.0003520315944102188,-0.013618360465924444,-0.07032160203628024,-0.14247654919295694,-0.21263163662200035,0.9019526734466317,0.7728563265640331,0.6208644652758128,0.21449406405520605,0.16612606392381077,0.11277379405803906,0.10769229380651085,0.008064460043905597,-0.10789734460342067,0.36854263440618523,0.37343401532661236,0.37502708984736793,0.3807488990752488,0.3865516441738748,0.39245035976599313,0.3761273101754973,0.3622492799818197,0.33537243831237296,0.3185244576890069
-0.4730699878737357,-0.5945815598133932,-0.31126636248504563,-0.30015296703184347,-0.24617022292143903,-0.29389627118754685,-0.314291842704508,-0.3056085387424739,-0.3496405176416344,-0.4166556223057218,0.12464720288905433,0.05372428775203094,1.0251393319900672,0.8402693998718398,0.4306687554412785,0.386885878885266,0.33038361895612217,0.5237815185477734,0.36870153143424894,0.25968051806443954,-0.09422458916986882,-0.0668455533360093,-0.03235218708242683,-0.010133511755772805,0.0026743254124293237,0.007888279734134623,0.006314338845873879,9.708449828510681e-05,-0.009535796851954386,-0.008383190327745545
0.8076301473048365,0.8396945094424335,0.7800394977619877,0.724136018347642,0.6973427678337681,0.583120293222312,0.5479931905549982,0.7583723094874301,0.7600688779819369,0.7710778248582617,-0.8348207838185029,-0.8313830039438299,-0.41122354546787176,-0.4104882957035543,-0.7735034102008431,-0.8177079891758081,-0.8638080338176064,-0.6416099503799796,-0.678519401434367,-0.8064604219658938,-0.2472707011654955,-0.2658277368703284,-0.27225029661508754,-0.283710352974374,-0.3039135864817892,-0.3339151404120575,-0.34937860219393696,-0.374134575240625,-0.40384567226559037,-0.4362861610862874
-0.395857813089298,-0.41907880195717545,-0.5234698391839787,-0.6782614050897914,-0.7896303946033918,-0.5081114836359762,-0.46428388575535756,-0.3963998339448907,-0.39131400094877683,-0.4066594067376959,0.11739677349549202,0.05693384471934428,-0.04738272398515891,-0.0935475830288919,-0.47343816069998584,0.3860478196219904,0.3255009240687119,0.5105357049585432,0.3713464258323896,0.2606707063466022,0.6324385187680123,0.645149132403664,0.67163573852652,0.7038996236757197,0.76183980034114,0.8106418952578799,0.8088670671408216,0.8201483603750312,0.7885070881364816,0.7720544909915764
-0.7171564068261275,-0.7953376129286762,-0.9656468086788202,-0.6920333544064058,-0.5833260962739794,-0.6055577637695431,-0.6267138251621543,-0.5836899082107155,-0.6043533966162763,-0.6547933867022139,0.25980422836180944,0.1903225059465084,0.003826049854063588,0.9281171292197776,0.5247163321302735,0.4545420297233515,0.41355234450546313,0.6608803456659224,0.5220285407068231,0.40640616480171016,0.8126691804933107,0.833577005873784,0.8685149172069809,0.9073751011736003,0.9591323581997891,1.0049137759857896,1.0024536196706801,1.0069117390106903,0.9725633700816342,0.9652227047985316
